id_anuncio,_falhou,descricao_livre,descricao_livre_len,blindado,has_ar_meta,has_sensor_meta,has_multimidia_meta,has_teto_solar_meta,has_camera_re_meta,atributos_extra_n
57486159,False,,0,False,False,False,False,False,False,0
57481527,False,,0,False,False,False,False,False,False,0
57484067,False,,0,False,True,False,False,False,False,3
57484646,False,,0,False,True,True,False,False,False,6
57378926,False,,0,False,True,False,False,False,False,3
57490566,False,,0,False,True,False,False,False,False,4
56518309,False,,0,False,True,False,False,False,False,4
57213225,False,,0,False,False,False,False,False,False,0
57286159,False,,0,False,False,False,False,False,False,0
57511902,False,,0,False,True,True,False,False,False,14
56819414,False,,0,False,True,False,False,False,False,6
56739076,False,,0,False,False,False,False,False,False,0
56783377,False,"Descrição do vendedor ✅ Onix Lt ✅ Motor 1.0 ✅ Completo ✅ 80 mil km ✅ Multimidia ✅ Muito conservado Valor: 46.800,00 ✔Veículo 100% periciado através do laudo cautelar. Venha conferir !!! Uma excelente opção para você 🏁Quer saber mais sobre esse ou outros carros ? Entra em contato conosco 👇👇 ☎️- 3818-5407 📲-19 98772-6203 (whats) 🌐www.vianorteauto.com.br/ Nossas Redes Sociais: ➡️ @vianorte.autocred 📌 Localização Av. Washington luiz,264-capela, Mogi Guaçu-Sp,13847-120 🚘O carro que você merece com a garantia e a procedência certa está aqui na Vianorte Veículos",561,False,True,False,True,False,False,7
56798839,False,,0,False,True,False,True,False,False,9
56767679,False,"Se você está buscando um novo carro, não se arrisque e compre na Localiza Seminovos: carros com 360 itens verificados, garantia e procedência. Aqui você encontra a maior variedade de modelos do mercado, condições únicas de financiamento, entrada facilitada em até 10 vezes sem juros, carros revisados e com garantia de quilometragem real. Viabilizamos a troca do seu carro usado e entregamos seu novo carro na segurança de sua casa! Agende já seu atendimento.",459,False,True,False,False,False,False,4
56767676,False,"Se você está buscando um novo carro, não se arrisque e compre na Localiza Seminovos: carros com 360 itens verificados, garantia e procedência. Aqui você encontra a maior variedade de modelos do mercado, condições únicas de financiamento, entrada facilitada em até 10 vezes sem juros, carros revisados e com garantia de quilometragem real. Viabilizamos a troca do seu carro usado e entregamos seu novo carro na segurança de sua casa! Agende já seu atendimento.",459,False,True,False,False,False,False,4
56767698,False,,0,False,True,False,False,False,False,4
57494959,False,,0,False,True,False,False,False,False,4
57489312,False,,0,False,False,False,False,False,False,0
57495001,False,,0,False,False,False,False,False,False,0
57494708,False,,0,False,False,False,False,False,False,0
56767737,False,,0,False,True,False,False,False,False,4
56767711,False,"Se você está buscando um novo carro, não se arrisque e compre na Localiza Seminovos: carros com 360 itens verificados, garantia e procedência. Aqui você encontra a maior variedade de modelos do mercado, condições únicas de financiamento, entrada facilitada em até 10 vezes sem juros, carros revisados e com garantia de quilometragem real. Viabilizamos a troca do seu carro usado e entregamos seu novo carro na segurança de sua casa! Agende já seu atendimento.",459,False,True,False,False,False,False,4
56767682,False,"Se você está buscando um novo carro, não se arrisque e compre na Localiza Seminovos: carros com 360 itens verificados, garantia e procedência. Aqui você encontra a maior variedade de modelos do mercado, condições únicas de financiamento, entrada facilitada em até 10 vezes sem juros, carros revisados e com garantia de quilometragem real. Viabilizamos a troca do seu carro usado e entregamos seu novo carro na segurança de sua casa! Agende já seu atendimento.",459,False,True,False,False,False,False,4
56767768,False,"Se você está buscando um novo carro, não se arrisque e compre na Localiza Seminovos: carros com 360 itens verificados, garantia e procedência. Aqui você encontra a maior variedade de modelos do mercado, condições únicas de financiamento, entrada facilitada em até 10 vezes sem juros, carros revisados e com garantia de quilometragem real. Viabilizamos a troca do seu carro usado e entregamos seu novo carro na segurança de sua casa! Agende já seu atendimento.",459,False,True,False,False,False,False,4
56767774,False,"Se você está buscando um novo carro, não se arrisque e compre na Localiza Seminovos: carros com 360 itens verificados, garantia e procedência. Aqui você encontra a maior variedade de modelos do mercado, condições únicas de financiamento, entrada facilitada em até 10 vezes sem juros, carros revisados e com garantia de quilometragem real. Viabilizamos a troca do seu carro usado e entregamos seu novo carro na segurança de sua casa! Agende já seu atendimento.",459,False,True,True,False,False,False,7
56767627,False,,0,False,True,True,False,False,False,7
57489385,False,,0,False,False,False,False,False,False,0
56767769,False,"Se você está buscando um novo carro, não se arrisque e compre na Localiza Seminovos: carros com 360 itens verificados, garantia e procedência. Aqui você encontra a maior variedade de modelos do mercado, condições únicas de financiamento, entrada facilitada em até 10 vezes sem juros, carros revisados e com garantia de quilometragem real. Viabilizamos a troca do seu carro usado e entregamos seu novo carro na segurança de sua casa! Agende já seu atendimento.",459,False,True,True,False,False,False,7
57489367,False,,0,False,False,False,False,False,False,0
56897046,False,"VALOR ANUNCIADO VÁLIDO PARA COMPRA SEM TROCA. Todos os nossos carros são PERICIADOS, REVISADOS E COM GARANTIA DE 1 ANO. Trabalhamos com TODAS AS FINANCEIRAS BANCÁRIAS. Fazemos TROCA COM TROCO, PARCELAMOS A ENTRADA NO CARTÃO DE CRÉDITO e FACILITAMOS SUA APROVAÇÃO NO FINANCIAMENTO. Nossos veículos possuem HISTÓRICO DE REVISÕES COMPLETO e VISTORIA CAUTELAR APROVADA. PIONEIROS NA REGIÃO DO VALE, com + DE 27 ANOS DE TRADIÇÃO E CONFIANÇA NO MERCADO AUTOMOTIVO. consulte condições, sujeito a erros. Informações complementares: IPVA Pago, Licenciado",545,False,True,False,True,False,False,8
56882960,False,"VALOR ANUNCIADO VÁLIDO PARA COMPRA SEM TROCA. Todos os nossos carros são PERICIADOS, REVISADOS E COM GARANTIA DE 1 ANO. Trabalhamos com TODAS AS FINANCEIRAS BANCÁRIAS. Fazemos TROCA COM TROCO, PARCELAMOS A ENTRADA NO CARTÃO DE CRÉDITO e FACILITAMOS SUA APROVAÇÃO NO FINANCIAMENTO. Nossos veículos possuem HISTÓRICO DE REVISÕES COMPLETO e VISTORIA CAUTELAR APROVADA. PIONEIROS NA REGIÃO DO VALE, com + DE 27 ANOS DE TRADIÇÃO E CONFIANÇA NO MERCADO AUTOMOTIVO. consulte condições, sujeito a erros. Informações complementares: IPVA Pago, Licenciado",545,False,True,False,False,False,False,6
56896986,False,"VALOR ANUNCIADO VÁLIDO PARA COMPRA SEM TROCA. Todos os nossos carros são PERICIADOS, REVISADOS E COM GARANTIA DE 1 ANO. Trabalhamos com TODAS AS FINANCEIRAS BANCÁRIAS. Fazemos TROCA COM TROCO, PARCELAMOS A ENTRADA NO CARTÃO DE CRÉDITO e FACILITAMOS SUA APROVAÇÃO NO FINANCIAMENTO. Nossos veículos possuem HISTÓRICO DE REVISÕES COMPLETO e VISTORIA CAUTELAR APROVADA. PIONEIROS NA REGIÃO DO VALE, com + DE 27 ANOS DE TRADIÇÃO E CONFIANÇA NO MERCADO AUTOMOTIVO. consulte condições, sujeito a erros. Informações complementares: IPVA Pago, Licenciado",545,False,True,True,True,False,False,12
57173810,False,"Chevrolet Onix LT 1.0 2019, 2º Dono, 72.400 km, com Manual e Chave Reserva Um dos carros mais vendidos do Brasil, o Onix LT 2019 é a escolha certa para quem busca economia, confiabilidade e excelente custo-benefício. Com 72.400 km, está em ótimo estado e pronto para oferecer conforto e praticidade no dia a dia. Equipado com motor 1.0 flex de 4 cilindros, o modelo entrega bom desempenho com baixo consumo de combustível, sendo ideal tanto para uso urbano quanto para estrada. Diferencial importante: Este modelo conta com correia dentada externa, ou seja, não é banhada a óleo, o que torna a manutenção mais simples, previsível e com custo reduzido em comparação aos motores mais novos com correia imersa. Principais opcionais e itens de série: Direção elétrica progressiva Ar-condicionado Vidros elétricos dianteiros e traseiros Travas elétricas com controle remoto Sistema MyLink com tela touchscreen Android Auto e Apple CarPlay Conexão Bluetooth, USB e entrada auxiliar Volante multifuncional com ajuste de altura Computador de bordo Banco do motorista com ajuste de altura Airbags frontais Freios ABS com EBD Controle de estabilidade e tração Assistente de partida em rampa Sensor de estacionamento traseiro Câmera de ré Rodas aro 15 com calotas Faróis com regulagem de altura Luz de condução diurna Limpador e desembaçador traseiro Chave canivete com controle remoto Destaques: 72.400 km rodados Excelente consumo de combustível Manutenção simples e acessível Correia dentada externa (não banhada a óleo) Alto valor de revenda Conforto e tecnologia na medida certa Um carro completo, econômico e com mecânica confiável, perfeito para quem quer tranquilidade no dia a dia. Agende sua visita e venha conferir pessoalmente. Entre em contato agora mesmo e garanta esse Chevrolet Onix LT 2019 antes que seja vendido.",1819,False,True,True,True,False,True,10
57517758,False,,0,False,True,False,True,False,False,3
57483116,False,,0,False,False,False,False,False,False,0
57267241,False,"Se você está sonhando em trocar de carro, agora você está na direção certa! O seminovo mais novo do Brasil está na Localiza Seminovos, onde você encontra a maior variedade de modelos do mercado e muitas vantagens, como condições únicas de financiamento, entrada facilitada em até 10 vezes sem juros, carros revisados e com garantia de quilometragem real, viabilizamos a troca do seu carro usado e entregamos seu novo carro na segurança de sua casa! Agende já seu atendimento!",475,False,True,False,False,False,False,4
57485519,False,,0,False,False,False,False,False,False,0
57485597,False,,0,False,False,False,False,False,False,0
56890120,False,"Se você está buscando um novo carro, não se arrisque e compre na Localiza Seminovos: carros com 360 itens verificados, garantia e procedência. Aqui você encontra a maior variedade de modelos do mercado, condições únicas de financiamento, entrada facilitada em até 10 vezes sem juros, carros revisados e com garantia de quilometragem real. Viabilizamos a troca do seu carro usado e entregamos seu novo carro na segurança de sua casa! Agende já seu atendimento.",459,False,True,True,False,False,False,7
56890049,False,"Se você está buscando um novo carro, não se arrisque e compre na Localiza Seminovos: carros com 360 itens verificados, garantia e procedência. Aqui você encontra a maior variedade de modelos do mercado, condições únicas de financiamento, entrada facilitada em até 10 vezes sem juros, carros revisados e com garantia de quilometragem real. Viabilizamos a troca do seu carro usado e entregamos seu novo carro na segurança de sua casa! Agende já seu atendimento.",459,False,True,True,False,False,False,7
56890111,False,"Se você está buscando um novo carro, não se arrisque e compre na Localiza Seminovos: carros com 360 itens verificados, garantia e procedência. Aqui você encontra a maior variedade de modelos do mercado, condições únicas de financiamento, entrada facilitada em até 10 vezes sem juros, carros revisados e com garantia de quilometragem real. Viabilizamos a troca do seu carro usado e entregamos seu novo carro na segurança de sua casa! Agende já seu atendimento.",459,False,True,True,False,False,False,6
56890127,False,"Se você está buscando um novo carro, não se arrisque e compre na Localiza Seminovos: carros com 360 itens verificados, garantia e procedência. Aqui você encontra a maior variedade de modelos do mercado, condições únicas de financiamento, entrada facilitada em até 10 vezes sem juros, carros revisados e com garantia de quilometragem real. Viabilizamos a troca do seu carro usado e entregamos seu novo carro na segurança de sua casa! Agende já seu atendimento.",459,False,True,True,False,False,False,6
57483162,False,,0,False,False,False,False,False,False,0
56890039,False,"Se você está buscando um novo carro, não se arrisque e compre na Localiza Seminovos: carros com 360 itens verificados, garantia e procedência. Aqui você encontra a maior variedade de modelos do mercado, condições únicas de financiamento, entrada facilitada em até 10 vezes sem juros, carros revisados e com garantia de quilometragem real. Viabilizamos a troca do seu carro usado e entregamos seu novo carro na segurança de sua casa! Agende já seu atendimento.",459,False,True,True,False,False,False,6
57485688,False,,0,False,True,True,False,False,False,6
57485400,False,,0,False,True,True,False,False,False,6
56819219,False,"Valor descrito é para compra à vista. Aceitamos seu carro como parte de pagamento.Para troca consultar valor Parcelamos a entrada em até 18x no cartão. Prezamos sempre a qualidade, transparência e procedência, todos os veículos possuem laudo cautelar aprovados. Observação: Reservamos o direito de correção de possíveis erros nas descrições e valores dos veículos Áudio - Sistema de Som / Banco Motorista com Regulagem de Altura / Bluetooth / Câmbio Manual / Controle de Som no Volante / Encosto de Cabeça Traseiro / My LINK / Parachoque na Cor do Veículo / Porta Copos / Porta Malas Elétrico",592,False,True,True,True,False,False,10
56825700,False,"Válido para pagamento à vista ou financiamento. Em caso de troca, fale com o nosso consultor! Sujeito a alteração de valor, sem aviso prévio. Todos os nossos veículos são revisados e periciados com laudo cautelar aprovado, possuindo 90 dias de garantia.",253,False,True,False,True,False,False,5
56861975,False,,0,False,True,False,False,False,False,5
56752589,False,"Sempre Mais! Infraestrutura de ponta, atendimento excepcional e as melhores condições em um único lugar! Aceitamos trocas, parcerias com todos os bancos e parcelamento da entrada no cartão de crédito. Anos de experiência e duas unidades para sua conveniência. Valores especiais para pagamentos à vista. Sujeito a correção de erros de digitação.",344,False,True,True,True,False,False,14
56782974,False,,0,False,True,False,True,False,False,0
56876766,False,,0,False,True,False,False,False,False,2
56883313,False,,0,False,True,False,True,False,False,19
56685735,False,"CHEVROLET ONIX LT 1.0 FLEX MANUAL 2025 REVISADO 1 ANO DE GARANTIA PERICIA CAUTELAR APROVADA 100% PREÇO R$ 79.900,00 Informações complementares: Pcd",147,False,True,False,True,False,False,6
56596622,False,"O MAIS NOVO DO BRASIL, ÚNICO DONO, SEM DETALHES, MULTIMÍDIA E MUITO MAIS! BAIXA KM! Dentro do mais alto padrão de qualidade da nossa loja, aprovado em todos os critérios, verdadeiramente novo e impecável - uma verdadeira joia, sem nenhum detalhe. Estado externo e interno imaculado. Todas as revisões foram realizadas pontualmente e estão rigorosamente em dia. Equipado com diversos opcionais e acessórios, todos originais de fábrica, sem exageros. Dispensa comentários. Acompanha manual e chave reserva originais. Ex-proprietário extremamente detalhista e perfeccionista, assim como nós. Reforçando: não há outro em condição mais nova! Todos os nossos veículos em estoque passam por um rigoroso processo seletivo. Trabalhamos apenas com carros de procedência e meticulosamente periciados por uma empresa especializada! Com mais de trinta anos de credibilidade total no mercado automotivo, podemos lhe garantir que o veículo desejado atende a todos os nossos requisitos de qualidade e que você não irá perder sua viagem até nós! Para qualquer informação adicional ou dúvida sobre negociações e o seu veículo desejado, entre em contato conosco! Será um prazer lhe atender! | Aceito Troca, Air Bag Duplo, Bluetooth, Central Multimídia, Chave Reserva, Garantia de 3 meses, Para-choques na cor do veículo, Sem Gravame, Som original, Único Dono, Completo, EBD, Freio a Disco, Quilometragem Baixa, Tração FWD, Veículo de não Fumante | [2382860]",1438,False,True,True,True,False,False,13
57362772,False,,0,False,True,False,False,False,False,3
57348391,False,,0,False,False,False,False,False,False,0
57344293,False,"Veículos 100% periciados através de laudo cautelar, gerando transparência e segurança para o cliente. Financiamento com ou sem entrada. Aceitamos seminovo como parte de pagamento. Carta de consórcio contemplada. Fazemos troca com troco. Imagens meramente ilustrativas. Nos reservamos de corrigir possíveis erros de digitação sem aviso prévio. Consulte condições. | [2611656]",374,False,True,False,False,False,False,0
56803937,False,"Veículos 100% periciados através de laudo cautelar, gerando transparência e segurança para o cliente. Financiamento com ou sem entrada. Aceitamos seminovo como parte de pagamento. Carta de consórcio contemplada. Fazemos troca com troco. Imagens meramente ilustrativas. Nos reservamos de corrigir possíveis erros de digitação sem aviso prévio. Consulte condições. | [2568774]",374,False,True,False,False,False,False,0
57440753,False,"Veículos 100% periciados através de laudo cautelar, gerando transparência e segurança para o cliente. Financiamento com ou sem entrada. Aceitamos seminovo como parte de pagamento. Carta de consórcio contemplada. Fazemos troca com troco. Imagens meramente ilustrativas. Nos reservamos de corrigir possíveis erros de digitação sem aviso prévio. Consulte condições. | [2615475]",374,False,True,False,False,False,False,0
56667684,False,"Veículos 100% periciados através de laudo cautelar, gerando transparência e segurança para o cliente. Financiamento com ou sem entrada. Aceitamos seminovo como parte de pagamento. Carta de consórcio contemplada. Fazemos troca com troco. Imagens meramente ilustrativas. Nos reservamos de corrigir possíveis erros de digitação sem aviso prévio. Consulte condições. | [2536839]",374,False,True,False,False,False,False,0
56905359,False,"Veículos 100% periciados através de laudo cautelar, gerando transparência e segurança para o cliente. Financiamento com ou sem entrada. Aceitamos seminovo como parte de pagamento. Carta de consórcio contemplada. Fazemos troca com troco. Imagens meramente ilustrativas. Nos reservamos de corrigir possíveis erros de digitação sem aviso prévio. Consulte condições. | [2592940]",374,False,True,False,False,False,False,0
57161464,False,"Veículos 100% periciados através de laudo cautelar, gerando transparência e segurança para o cliente. Financiamento com ou sem entrada. Aceitamos seminovo como parte de pagamento. Carta de consórcio contemplada. Fazemos troca com troco. Imagens meramente ilustrativas. Nos reservamos de corrigir possíveis erros de digitação sem aviso prévio. Consulte condições. | [2604185]",374,False,True,False,False,False,False,0
56827262,False,"Veículos 100% periciados através de laudo cautelar, gerando transparência e segurança para o cliente. Financiamento com ou sem entrada. Aceitamos seminovo como parte de pagamento. Carta de consórcio contemplada. Fazemos troca com troco. Imagens meramente ilustrativas. Nos reservamos de corrigir possíveis erros de digitação sem aviso prévio. Consulte condições. | [2503846]",374,False,True,False,False,False,False,0
56805864,False,"Veículos 100% periciados através de laudo cautelar, gerando transparência e segurança para o cliente. Financiamento com ou sem entrada. Aceitamos seminovo como parte de pagamento. Carta de consórcio contemplada. Fazemos troca com troco. Imagens meramente ilustrativas. Nos reservamos de corrigir possíveis erros de digitação sem aviso prévio. Consulte condições. | [2569220]",374,False,True,False,False,False,False,0
56827233,False,"Veículos 100% periciados através de laudo cautelar, gerando transparência e segurança para o cliente. Financiamento com ou sem entrada. Aceitamos seminovo como parte de pagamento. Carta de consórcio contemplada. Fazemos troca com troco. Imagens meramente ilustrativas. Nos reservamos de corrigir possíveis erros de digitação sem aviso prévio. Consulte condições. | [2526079]",374,False,True,False,False,False,False,0
57114453,False,"Veículos 100% periciados através de laudo cautelar, gerando transparência e segurança para o cliente. Financiamento com ou sem entrada. Aceitamos seminovo como parte de pagamento. Carta de consórcio contemplada. Fazemos troca com troco. Imagens meramente ilustrativas. Nos reservamos de corrigir possíveis erros de digitação sem aviso prévio. Consulte condições. | [2599608]",374,False,True,False,False,False,False,0
57343825,False,"Veículos 100% periciados através de laudo cautelar, gerando transparência e segurança para o cliente. Financiamento com ou sem entrada. Aceitamos seminovo como parte de pagamento. Carta de consórcio contemplada. Fazemos troca com troco. Imagens meramente ilustrativas. Nos reservamos de corrigir possíveis erros de digitação sem aviso prévio. Consulte condições. | [2611622]",374,False,True,False,False,False,False,0
57343304,False,"Veículos 100% periciados através de laudo cautelar, gerando transparência e segurança para o cliente. Financiamento com ou sem entrada. Aceitamos seminovo como parte de pagamento. Carta de consórcio contemplada. Fazemos troca com troco. Imagens meramente ilustrativas. Nos reservamos de corrigir possíveis erros de digitação sem aviso prévio. Consulte condições. | [2611615]",374,False,True,False,False,False,False,0
56531463,False,"Veículos 100% periciados através de laudo cautelar, gerando transparência e segurança para o cliente. Financiamento com ou sem entrada. Aceitamos seminovo como parte de pagamento. Carta de consórcio contemplada. Fazemos troca com troco. Imagens meramente ilustrativas. Nos reservamos de corrigir possíveis erros de digitação sem aviso prévio. Consulte condições. | [2433255]",374,False,True,False,False,False,False,0
56827244,False,"Veículos 100% periciados através de laudo cautelar, gerando transparência e segurança para o cliente. Financiamento com ou sem entrada. Aceitamos seminovo como parte de pagamento. Carta de consórcio contemplada. Fazemos troca com troco. Imagens meramente ilustrativas. Nos reservamos de corrigir possíveis erros de digitação sem aviso prévio. Consulte condições. | [2536817]",374,False,True,False,False,False,False,0
57342754,False,"Veículos 100% periciados através de laudo cautelar, gerando transparência e segurança para o cliente. Financiamento com ou sem entrada. Aceitamos seminovo como parte de pagamento. Carta de consórcio contemplada. Fazemos troca com troco. Imagens meramente ilustrativas. Nos reservamos de corrigir possíveis erros de digitação sem aviso prévio. Consulte condições. | [2611598]",374,False,True,False,False,False,False,0
57392149,False,"Veículos 100% periciados através de laudo cautelar, gerando transparência e segurança para o cliente. Financiamento com ou sem entrada. Aceitamos seminovo como parte de pagamento. Carta de consórcio contemplada. Fazemos troca com troco. Imagens meramente ilustrativas. Nos reservamos de corrigir possíveis erros de digitação sem aviso prévio. Consulte condições. | [2613451]",374,False,True,False,False,False,False,0
57342434,False,"Veículos 100% periciados através de laudo cautelar, gerando transparência e segurança para o cliente. Financiamento com ou sem entrada. Aceitamos seminovo como parte de pagamento. Carta de consórcio contemplada. Fazemos troca com troco. Imagens meramente ilustrativas. Nos reservamos de corrigir possíveis erros de digitação sem aviso prévio. Consulte condições. | [2611578]",374,False,True,False,False,False,False,0
56755985,False,"Veículos 100% periciados através de laudo cautelar, gerando transparência e segurança para o cliente. Financiamento com ou sem entrada. Aceitamos seminovo como parte de pagamento. Carta de consórcio contemplada. Fazemos troca com troco. Imagens meramente ilustrativas. Nos reservamos de corrigir possíveis erros de digitação sem aviso prévio. Consulte condições. | [2557269]",374,False,True,False,False,False,False,0
56907274,False,,0,False,False,False,False,False,False,0
57296009,False,"*SEMINOVOS COM GARANTIA DE 3 MESES: MOTOR E CÂMBIO.Traga seu usado para uma avaliação. Consulte nossos planos de financiamento, com as melhores taxas do mercado. Reservamos o direito de corrigir eventuais erros de digitação.",224,False,True,False,False,False,False,3
56892605,False,,0,False,True,True,True,False,False,15
56566720,False,,0,False,True,False,False,False,False,4
56511471,False,,0,False,True,False,False,False,False,4
56566718,False,,0,False,True,False,False,False,False,4
56566714,False,,0,False,True,False,False,False,False,4
56511467,False,,0,False,True,False,False,False,False,3
56566709,False,,0,False,True,False,False,False,False,4
56566712,False,,0,False,True,False,False,False,False,4
56566771,False,,0,False,True,False,False,False,False,4
56511470,False,,0,False,True,False,False,False,False,4
56566781,False,,0,False,True,False,False,False,False,4
56566772,False,,0,False,True,False,False,False,False,4
56566704,False,,0,False,True,False,False,False,False,4
56566738,False,,0,False,True,False,False,False,False,4
56566711,False,,0,False,True,False,False,False,False,4
56566750,False,"Se você está buscando um novo carro, não se arrisque e compre na Localiza Seminovos: carros com 360 itens verificados, garantia e procedência. Aqui você encontra a maior variedade de modelos do mercado, condições únicas de financiamento, entrada facilitada em até 10 vezes sem juros, carros revisados e com garantia de quilometragem real. Viabilizamos a troca do seu carro usado e entregamos seu novo carro na segurança de sua casa! Agende já seu atendimento.",459,False,False,False,True,False,False,0
56566767,False,,0,False,True,False,False,False,False,4
57491375,False,,0,False,False,False,False,False,False,0
57492067,False,,0,False,False,False,False,False,False,0
57491349,False,,0,False,False,False,False,False,False,0
57491564,False,,0,False,False,False,False,False,False,0
57491495,False,,0,False,False,False,False,False,False,0
56566745,False,,0,False,True,False,False,False,False,4
56511468,False,,0,False,True,False,False,False,False,4
56566700,False,,0,False,True,True,False,False,False,6
56566749,False,,0,False,True,True,False,False,False,6
56566737,False,,0,False,True,True,False,False,False,7
56566753,False,,0,False,True,True,False,False,False,6
56566702,False,,0,False,True,True,False,False,False,8
56786003,False,,0,False,True,True,False,False,False,6
57492162,False,,0,False,False,False,False,False,False,0
56566757,False,,0,False,True,False,False,False,False,4
57512185,False,,0,False,True,False,False,False,False,8
56720394,False,"COMPLETO EM OTIMO ESTADO ,GARANTIA DE ATE 240.000 KM REVISOES EM CONCESSIONARIA.ACEITMAOS CARTAO E CARTA DE CREDITO ,FAZEMOS TROCA E FINANCIAMENTO SEM ENTRADA PASSIVO DE ANALISE DE CREDITO",188,False,True,False,False,False,False,5
57478539,False,,0,False,False,False,False,False,False,0
57478581,False,,0,False,False,False,False,False,False,0
56350991,False,,0,False,True,False,False,False,False,4
57481395,False,,0,False,False,False,False,False,False,0
57478500,False,,0,False,False,False,False,False,False,0
57478467,False,,0,False,False,False,False,False,False,0
57487304,False,,0,False,True,False,False,False,False,3
57487275,False,,0,False,True,False,False,False,False,4
57487286,False,,0,False,False,False,False,False,False,0
57487196,False,,0,False,False,False,False,False,False,0
57487334,False,,0,False,False,False,False,False,False,0
57497110,False,,0,False,False,False,False,False,False,0
57478309,False,,0,False,True,False,False,False,False,3
56367070,False,,0,False,True,True,False,False,False,6
57484065,False,,0,False,False,False,False,False,False,0
57484063,False,,0,False,False,False,False,False,False,0
57478435,False,,0,False,False,False,False,False,False,0
56860508,False,,0,False,True,False,True,False,False,3
57227164,False,,0,False,False,False,False,False,False,0
56631265,False,,0,False,False,False,False,False,False,0
56837253,False,,0,False,True,False,False,False,False,12
56779135,False,,0,False,True,True,True,False,False,20
56829843,False,,0,False,True,False,True,False,False,18
56332563,False,,0,False,False,False,False,False,False,0
56683750,False,,0,False,True,True,True,False,False,19
56887973,False,,0,False,False,False,False,False,False,0
57484705,False,,0,False,False,False,False,False,False,0
57487511,False,,0,False,False,False,False,False,False,0
57487458,False,,0,False,False,False,False,False,False,0
57487680,False,,0,False,False,False,False,False,False,0
57503789,False,,0,False,False,False,False,False,False,0
57485031,False,,0,False,True,True,False,False,False,7
57487506,False,,0,False,False,False,False,False,False,0
57178480,False,"O valor anunciado é referente ao Carro sem Troca Nossos carros são todos PERICIADOS, REVISADOS e possuem GARANTIA* Trabalhamos com todas as financeiras bancárias. Fazemos TROCA COM TROCO.* Parcelamos a ENTRADA no cartão de crédito. e facilitamos sua Entrada no Financiamento.",275,False,True,False,False,False,False,6
57361492,False,"O valor anunciado é referente ao Carro sem Troca Nossos carros são todos PERICIADOS, REVISADOS e possuem GARANTIA* Trabalhamos com todas as financeiras bancárias. Fazemos TROCA COM TROCO.* Parcelamos a ENTRADA no cartão de crédito. e facilitamos sua Entrada no Financiamento. Sujeito a erro de digitação* Consulte condições*",324,False,True,False,False,False,False,3
56620616,False,"A R7 Motors é uma loja de carros multimarcas especializada na compra e venda de carros seminovos em Campinas/SP. Com mais de uma década de experiência no mercado automotivo, com procedência garantida, financiamento facilitado e atendimento personalizado. Aqui, você encontra as melhores ofertas de carros usados em Campinas, com variedade de modelos das principais montadoras como Chevrolet, Volkswagen, Fiat, Honda, Toyota, Hyundai, entre outras. Avaliamos seu usado na hora, aceitamos trocas e oferecemos condições exclusivas para você sair de carro novo hoje mesmo. Seja para trocar de carro, financiar um seminovo ou vender seu veículo, a R7 Motors é a escolha certa. Transparência, confiança e credibilidade fazem parte da nossa essência. Visite uma de nossas unidades ou fale agora mesmo pelo WhatsApp e descubra por que somos referência em venda de carros seminovos em Campinas e região.",894,False,True,False,True,False,False,8
56759440,False,"A R7 Motors é uma loja de carros multimarcas especializada na compra e venda de carros seminovos em Campinas/SP. Com mais de uma década de experiência no mercado automotivo, com procedência garantida, financiamento facilitado e atendimento personalizado. Aqui, você encontra as melhores ofertas de carros usados em Campinas, com variedade de modelos das principais montadoras como Chevrolet, Volkswagen, Fiat, Honda, Toyota, Hyundai, entre outras. Avaliamos seu usado na hora, aceitamos trocas e oferecemos condições exclusivas para você sair de carro novo hoje mesmo. Seja para trocar de carro, financiar um seminovo ou vender seu veículo, a R7 Motors é a escolha certa. Transparência, confiança e credibilidade fazem parte da nossa essência. Visite uma de nossas unidades ou fale agora mesmo pelo WhatsApp e descubra por que somos referência em venda de carros seminovos em Campinas e região.",894,False,False,False,False,False,False,0
56867849,False,,0,False,True,True,True,False,False,16
56893879,False,"PODIUMM VEICULOS CERTEZA DE UM BOM NEGOCIO TODOS VEICULOS PERICIADOS, COM LAUDO CAUTELAR 100% APROVADO NÃO TRABALHAMOS COM VEICULOS DE LEILÃO OU RECUPERADO! VALOR JUSTO, SEM PEGADINHAS, TOTAL TRANSPARENCIA NA NEGOCIAÇÃO! CANSADO DE ACHAR VEICULOS SUPER FATURADOS? VEM PRA PODIUMM VEICULOS! AQUI SEU DINHEIRO TEM VALOR FINANCIAMOS SEM ENTRADA ATÉ 60X ENTRADA FACILITADA NÃO CONSEGUIR VIR ATÉ NOSSA LOJA FISICA ? LEVAMOS O CARRO NO CONFORTO DA SUA RESIDENCIA! SOMOS ESPECIALISTA EM APROVAÇÃO DE CREDITO LIGUE OU NOS CHAME NO WHATSAPP 12 98143-1981",545,False,True,True,True,False,False,20
56721324,False,,0,False,True,False,False,False,False,6
57484783,False,,0,False,False,False,False,False,False,0
57477445,False,,0,False,False,False,False,False,False,0
57490215,False,,0,False,False,False,False,False,False,0
57490187,False,,0,False,False,False,False,False,False,0
56345926,False,"Se você está buscando um novo carro, não se arrisque e compre na Localiza Seminovos: carros com 360 itens verificados, garantia e procedência. Aqui você encontra a maior variedade de modelos do mercado, condições únicas de financiamento, entrada facilitada em até 10 vezes sem juros, carros revisados e com garantia de quilometragem real. Viabilizamos a troca do seu carro usado e entregamos seu novo carro na segurança de sua casa! Agende já seu atendimento.",459,False,True,False,False,False,False,4
56738206,False,,0,False,True,True,False,False,False,6
56378920,False,"Se você está buscando um novo carro, não se arrisque e compre na Localiza Seminovos: carros com 360 itens verificados, garantia e procedência. Aqui você encontra a maior variedade de modelos do mercado, condições únicas de financiamento, entrada facilitada em até 10 vezes sem juros, carros revisados e com garantia de quilometragem real. Viabilizamos a troca do seu carro usado e entregamos seu novo carro na segurança de sua casa! Agende já seu atendimento.",459,False,True,True,False,False,False,6
57490169,False,,0,False,True,True,False,False,False,6
57392363,False,"*SEMINOVOS COM GARANTIA DE 3 MESES: MOTOR E CÂMBIO.Traga seu usado para uma avaliação. Consulte nossos planos de financiamento, com as melhores taxas do mercado. Reservamos o direito de corrigir eventuais erros de digitação.. IPVA Pago. Licenciado. Único Dono.",260,False,True,False,False,False,False,5
57392371,False,,0,False,False,False,False,False,False,0
57348272,False,,0,False,False,False,False,False,False,0
56811385,False,"A loja INTERATIVA VEÍCULOS é uma empresa no ramo de revenda de veículos seminovos e usados que preza pela ética e confiabilidade. Contamos com vendedores qualificados e preparados para melhor atendê-lo. Estamos localizados na Av. Dr. Cenobelino de barros Serra, 609 - Pq. Industrial – São José do Rio Preto-SP – Fone (17) 3121-8616 – Venha nos fazer uma visita! Ou contate nossos consultores pelo celular ou whatsapp: Pedro (17) 99141-1506, Márcio (17) 99712-9843. MISSÃO: Oferecer veículos seminovos com preço justo, qualidade e boa procedência, atingindo o máximo possível a satisfação do nosso cliente. VISÃO: Ser reconhecida pela sociedade como uma loja de veículos de credibilidade, confiança. VALORES: Credibilidade; confiança; respeito ao cliente; profissionalismo; valorização do quadro de colaboradores. INTERATIVA VEÍCULOS: Aqui você pode confiar!",857,False,True,False,True,False,False,5
56202583,False,"A Unimais Veículos tem sido a referência em excelência e confiança no mercado de veículos em Campinas e Hortolândia. Com quatro lojas estrategicamente localizadas, sendo três em Campinas e uma em Hortolândia, oferecemos uma experiência única para nossos clientes. Nosso Compromisso: Variedade Excepcional: Com mais de 400 carros em estoque, nossa seleção abrange desde modelos clássicos até os mais recentes lançamentos. Encontrar o veículo perfeito é a nossa missão. 20 Anos de Expertise: Ao longo de duas décadas, cultivamos uma expertise inigualável no setor automotivo. Nossa equipe dedicada está pronta para oferecer orientação e suporte em cada passo do processo de compra. Proximidade e Comodidade: Com três lojas em Campinas e uma em Hortolândia, estamos sempre próximos para atender às suas necessidades. Visite-nos e descubra por que somos a escolha confiável de tantos clientes satisfeitos. Na Unimais Veículos, não vendemos apenas carros; entregamos sonhos sobre quatro rodas. Explore nosso estoque online ou visite uma de nossas lojas para começar sua jornada automotiva conosco. Seja bem-vindo à Unimais Veículos, onde sua satisfação é nossa prioridade.",1167,False,True,True,True,False,False,13
56857259,False,"A Unimais Veículos tem sido a referência em excelência e confiança no mercado de veículos em Campinas e Hortolândia. Com quatro lojas estrategicamente localizadas, sendo três em Campinas e uma em Hortolândia, oferecemos uma experiência única para nossos clientes. Nosso Compromisso: Variedade Excepcional: Com mais de 400 carros em estoque, nossa seleção abrange desde modelos clássicos até os mais recentes lançamentos. Encontrar o veículo perfeito é a nossa missão. 20 Anos de Expertise: Ao longo de duas décadas, cultivamos uma expertise inigualável no setor automotivo. Nossa equipe dedicada está pronta para oferecer orientação e suporte em cada passo do processo de compra. Proximidade e Comodidade: Com três lojas em Campinas e uma em Hortolândia, estamos sempre próximos para atender às suas necessidades. Visite-nos e descubra por que somos a escolha confiável de tantos clientes satisfeitos. Na Unimais Veículos, não vendemos apenas carros; entregamos sonhos sobre quatro rodas. Explore nosso estoque online ou visite uma de nossas lojas para começar sua jornada automotiva conosco. Seja bem-vindo à Unimais Veículos, onde sua satisfação é nossa prioridade.",1167,False,False,True,True,False,False,11
56809497,False,"A Unimais Veículos tem sido a referência em excelência e confiança no mercado de veículos em Campinas e Hortolândia. Com quatro lojas estrategicamente localizadas, sendo três em Campinas e uma em Hortolândia, oferecemos uma experiência única para nossos clientes. Nosso Compromisso: Variedade Excepcional: Com mais de 400 carros em estoque, nossa seleção abrange desde modelos clássicos até os mais recentes lançamentos. Encontrar o veículo perfeito é a nossa missão. 20 Anos de Expertise: Ao longo de duas décadas, cultivamos uma expertise inigualável no setor automotivo. Nossa equipe dedicada está pronta para oferecer orientação e suporte em cada passo do processo de compra. Proximidade e Comodidade: Com três lojas em Campinas e uma em Hortolândia, estamos sempre próximos para atender às suas necessidades. Visite-nos e descubra por que somos a escolha confiável de tantos clientes satisfeitos. Na Unimais Veículos, não vendemos apenas carros; entregamos sonhos sobre quatro rodas. Explore nosso estoque online ou visite uma de nossas lojas para começar sua jornada automotiva conosco. Seja bem-vindo à Unimais Veículos, onde sua satisfação é nossa prioridade.",1167,False,True,True,True,False,False,13
56386683,False,"A Unimais Veículos tem sido a referência em excelência e confiança no mercado de veículos em Campinas e Hortolândia. Com quatro lojas estrategicamente localizadas, sendo três em Campinas e uma em Hortolândia, oferecemos uma experiência única para nossos clientes. Nosso Compromisso: Variedade Excepcional: Com mais de 400 carros em estoque, nossa seleção abrange desde modelos clássicos até os mais recentes lançamentos. Encontrar o veículo perfeito é a nossa missão. 20 Anos de Expertise: Ao longo de duas décadas, cultivamos uma expertise inigualável no setor automotivo. Nossa equipe dedicada está pronta para oferecer orientação e suporte em cada passo do processo de compra. Proximidade e Comodidade: Com três lojas em Campinas e uma em Hortolândia, estamos sempre próximos para atender às suas necessidades. Visite-nos e descubra por que somos a escolha confiável de tantos clientes satisfeitos. Na Unimais Veículos, não vendemos apenas carros; entregamos sonhos sobre quatro rodas. Explore nosso estoque online ou visite uma de nossas lojas para começar sua jornada automotiva conosco. Seja bem-vindo à Unimais Veículos, onde sua satisfação é nossa prioridade.",1167,False,True,False,True,False,False,12
56892606,False,,0,False,True,True,True,False,False,15
56985122,False,"Pare Aqui! Preço de venda à vista, para troca, consulte-nos! Carro revisado, vistoriado, de qualidade e procedência. Financio para autônomo, aposentado e sem CNH, trabalhamos com as melhores financeiras. Aceito trocas, excelente avaliação, carro ou moto, mesmo financiado. Parcelamos a entrada em até 18x. Monte seu cadastro pelo whatsapp. Entrego o carro em sua residência. Venham conhecer nossas lojas e tomar um café conosco. Reservamos o direito de corrigir eventuais erros de digitação e fotos Possui:",506,False,True,False,True,False,False,0
56833910,False,"*Preço para venda à vista ou financiamento, consulte -nos em caso de troca. Reservamo-nos no direito de corrigir eventuais erros de digitação.Ficou interessado? Entre em contato e consulte condições com nossos consultores através do WhatsApp 12-976001848*",255,False,True,True,True,False,False,14
57362114,False,,0,False,False,False,False,False,False,0
56660557,False,"Onix LTZ 1.4 automatico, extremamente conservado!! Pegamos seu usado na troca. (19) 9 9411-3087 Caio (19) 9 8265-8287 Vinicius (19) 9 8157-7082 Irineu Informações complementares: Licenciado",189,False,True,True,True,False,False,8
56680040,False,"A WB VEICULOS, desde 1999 no mercado perfeitamente comprometida com o slogan: QUEM COMPRA AQUI, FICA AMIGO !! Venha experimentar essa sensação de segurança que naturalmente transmitimos aos nossos clientes. Somos uma empresa comprometida com a qualidade dos nossos veículos e atendimento diferenciado. Contato (19)3557-9889",323,False,True,False,False,False,False,6
56450886,False,"Aceito troca por outro veículo, Baixa km, Garantia da Loja, IPVA Pago, Veículo de não-fumante, Nenhuma Batida RF Multimarcas - O Lugar do seu Carro novo está aqui, Veículos com ótimo Preços e com Ótima Qualidade. ****** IPVA 2026 PAGO INTEGRAL ******",250,False,False,False,False,False,False,4
57217584,False,CARRO UNICO DONO COM TODAS REVISOES CARIMBADAS NO MANUAL - KM DE ESTRADA - IMPECAVEL - AUTOMATICO - TURBO - A2 MOTORS A SUA LOJA NOTA 5 ESTRELAS GOOGLE,151,False,True,False,False,False,False,0
57485388,False,,0,False,True,False,False,False,False,4
57485437,False,,0,False,True,False,False,False,False,4
57353908,False,,0,False,True,True,False,False,False,6
57353970,False,"Se você está sonhando em trocar de carro, agora você está na direção certa! O seminovo mais novo do Brasil está na Localiza Seminovos, onde você encontra a maior variedade de modelos do mercado e muitas vantagens, como condições únicas de financiamento, entrada facilitada em até 10 vezes sem juros, carros revisados e com garantia de quilometragem real, viabilizamos a troca do seu carro usado e entregamos seu novo carro na segurança de sua casa! Agende já seu atendimento!",475,False,True,False,True,False,False,2
56330746,False,,0,False,True,True,True,False,False,19
56439483,False,"HÁ MAIS DE 18 ANOS ATUANDO NO RAMO DE AUTOMÓVEIS EM MOGI-GUAÇU E REGIÃO. ATENDENDO OS CLIENTES E AMIGOS DA MELHOR FORMA POSSÍVEL, COM TOTAL TRANSPARÊNCIA E HONESTIDADE QUE SÃO NOSSOS PRIMEIROS OBJETIVOS. TODOS VEÍCULOS COM GARANTIA E PROCEDÊNCIA. A CERTEZA DE BONS NEGÓCIOS.",274,False,True,True,False,False,False,13
56701384,False,"Em 1995 foi criado na cidade de Campinas um novo conceito em revenda de automóveis Zero Km e semi-novos. Onde o nosso método de trabalho é sempre voltado a você cliente e amigo, garantindo tranqüilidade, conforto, qualidade e principalmente a satisfação em adquirir um automóvel em nossa loja. o nosso diferencial foi e continua sendo o compromisso com a transparência. Sempre focando as necessidades, desejos e expectativas reais de nossos clientes. Contamos com 2 lojas uma em Campinas e outra em Hortolandia. Veja os endereços e os telefones das 2 unidades em nosso site www.neriveiculos.com.br Financiamento com as melhores taxas do mercado. Melhor avaliação do seu carro. Cobrimos qualquer oferta da concorrência, preço e parcelas, se o veículo da troca tiver a mesma qualidade e o valor do financiamento for o mesmo. Venha nos conhecer e tomar um café com a gente, não feche nenhum negócio antes de entrar em contato com a equipe da Neri Veículos.",953,False,False,False,False,False,False,0
56734697,False,"Em 1995 foi criado na cidade de Campinas um novo conceito em revenda de automóveis Zero Km e semi-novos. Onde o nosso método de trabalho é sempre voltado a você cliente e amigo, garantindo tranqüilidade, conforto, qualidade e principalmente a satisfação em adquirir um automóvel em nossa loja. o nosso diferencial foi e continua sendo o compromisso com a transparência. Sempre focando as necessidades, desejos e expectativas reais de nossos clientes. Contamos com 2 lojas uma em Campinas e outra em Hortolandia. Veja os endereços e os telefones das 2 unidades em nosso site www.neriveiculos.com.br Financiamento com as melhores taxas do mercado. Melhor avaliação do seu carro. Cobrimos qualquer oferta da concorrência, preço e parcelas, se o veículo da troca tiver a mesma qualidade e o valor do financiamento for o mesmo. Venha nos conhecer e tomar um café com a gente, não feche nenhum negócio antes de entrar em contato com a equipe da Neri Veículos.",953,False,False,False,False,False,False,0
56882873,False,"* Caro cliente, nossos automóveis possuem laudo cautelar, são inspecionados em oficina mecânica especializada e prontos para o uso; * Único dono, garantia de fábrica, entrou na troca de 0km; * Estamos localizados no Auto Shopping Global em Santo André / SP; * Reservamos o direito de corrigir possíveis erros de digitação; * Agradecemos desde já.",346,False,True,True,True,False,False,15
57495662,False,,0,False,True,False,False,False,False,5
56480208,False,"Com um novo conceito em atendimento, a Visual Veículos de Valinhos traz a você veículos novos e seminovos, revisados com garantia e de total procedência. Venha nos fazer uma visita !",182,False,True,False,True,False,False,6
57159501,False,,0,False,True,False,False,False,False,9
56816072,False,"LOJA 1 SÃO CARLOS ���� GM/ ONIX LT 2019 1.4 COMPLETO �� Venda: R$59.000 �� Troca: R$ 63.000 �� 11111km | Todo revisado e super novo! ✨ Destaques: ✅ Veículo 100% vistoriado ✅ As melhores taxas do mercado ✅ Troca com avaliação justa e imediata ✅ Aprovação rápida e fácil ✅ Transparência e confiança que você só encontra na Destak Automoveis �� Faça sua simulação online → Clique aqui https://shre.ink/16991967475 (16) 99196-7475 �� Nossas lojas: �� General Osório, 287 - Centro São Carlos (ao lado do Hiper Jau Serve) �� Rua Oito, 438 - Vila Cruz, Itirapina �� https://destakautomoveissaocarlos.servicosgold.com.br/ �� https://www.instagram.com/destakautomoveis �� Carros de procedência, honestidade e transparência - só na D Destak Automoveis #destakautomoveis #sãocarlossp #saocarlos #CarrosDeProcedencia #transparencia#itirapinaspp #carrosrevisados#CompraSegurara #saocarloseregiao #veículos #automóveis #veículosemsãocarlos #chevrote #onixlt#automóveisemsãocarlo #carroseminovoTodos#CarrosDeProcedenciaia #veiculosseminovos #transparencia #ITIRAPINA #carrosrevisados #CompraSegura #saocarloseregiao",1103,False,True,True,True,False,False,6
55168710,False,������������ ������������́�������� ONIX LTZ 23\2023 1.0 COMPLETO VENDA R$85.900 TROCA R$87.000 KM47.000 TODO REVISADO SUPER NOVO,128,False,False,False,False,False,False,0
56384003,False,"CHEVROLET ONIX LTZ 2018 | CONFORTO, ECONOMIA E PRATICIDADE Câmbio Automático Direção Elétrica Ar-Condicionado Bancos em Tecido Central Multimídia Conectividade Bluetooth Volante Multifuncional Controle de Estabilidade Rodas de Liga Leve Hatch moderno, econômico e em ótimo estado de conservação *VEÍCULO PERICIADO E DE PROCEDÊNCIA. *FINANCIAMOS SEM ENTRADA EM ATÉ 60 X FIXAS (SUJEITO À ANÁLISE DE CRÉDITO). *ENTRADA EM ATE 24 X NO CARTÃO DE CRÉDITO (CONSULTE CONDIÇÕES). *FINANCIAMENTOS PARA AUTÔNOMOS E SEM CNH . *TRABALHAMOS COM AS MELHORES FINANCEIRAS DO MERCADO. *APROVAÇÃO DO SEU CRÉDITO POR TELEFONE (CRÉDITO SUJEITO À ANÁLISE). *ACEITAMOS CONSÓRCIO CONTEMPLADO OU QUITADO (SALVO ALGUMAS INSTITUIÇÕES). **NOSSA EQUIPE ESTA PREPARADA PARA MELHOR ATENDE-LO** **ENTRE EM CONTATO CONOSCO.** ** GRAMKAR MULTIMARCAS oferecendo o melhor para você na compra do seu seminovo Trabalhamos com financiamento em vários bancos buscando as melhores taxas e prazos para nossos clientes, e também aceitamos seu veículo na troca mediante avaliação. Seminovos com garantia de 03 meses, procedência, laudo de vistoria, revisados e com as melhores taxas. COMPRE SEU VEICULO COM QUEM ENTENDE DO ASSUNTO SÃO 30 ANOS DE TRADIÇÃO E SEDE PRÓPRIA SÃO MAIS DE 80 VEICULOS EM ESTOQUE GRUPO GRAMKAR MULTIMARCAS A CERTEZA DO MELHOR NEGÓCIO!!! NOS RESERVAMOS NO DIREITO DE CORRIGIR QUALQUER TIPO DE ERROS DE DIGITAÇÃO",1391,False,True,True,True,False,False,20
56831846,False,"A Groh Multimarcas tem como proposta de negócio, oferecer o melhor atendimento com diferenciais como diversidade de produtos em sua linha, garantia de 3 meses, carros com certificado de qualidade, atendimento delivery, financiamento ágil com aprovação de crédito online, garantia de recompra um excelente time de profissionais e o melhor preço, buscando a total satisfação do cliente.",384,False,True,True,True,False,False,14
57297410,False,,0,False,False,False,False,False,False,0
56750057,False,,0,False,True,True,False,False,False,8
56913944,False,,0,False,True,False,False,False,False,5
57457861,False,"?? Chevrolet Onix LS 2016?? Valor: R$ 44.900,00? Câmbio manual? Ar-condicionado? Direção elétrica? Vidros elétricos? Travas elétricas? Excelente economia de combustível?? 112.000 km?? Hatch compacto, econômico e muito prático. O Onix é conhecido pelo baixo consumo, manutenção acessível e ótima dirigibilidade no dia a dia.?? Trabalhamos com os melhores seminovos de Guarulhos!Garantia e procedência é aqui na Falcão Multimarcas!?? Entrada mínima de 30%?? Financiamento em até 60x?? Aceito seu veículo na troca?? Vendo e faço troca?? Não aprovamos negativados?? Não vendemos por carta ou promissória?? Para mais informações, chamar no WhatsApp do perfil ou no direct.? Não vendemos carros, realizamos sonhos! ??? Unidades:· Av. Papa João Paulo I, 3660 - Jd. Presidente Dutra - Guarulhos· Av. Papa João Paulo I, 3050 - Jd. Presidente Dutra - Guarulhos· Av. Papa João Paulo I, 2968 - Jd. Presidente Dutra - Guarulhos ??",917,False,True,False,False,False,False,0
56913941,False,,0,False,True,False,True,False,False,6
54605112,False,"Codive Chevrolet em Valinhos, Vinhedo e Campinas oferecendo o melhor para você na compra do seu seminovo multimarca ou Chevrolet 0km. Trabalhamos com financiamento em vários bancos buscando as melhores taxas e prazos para nossos clientes, e também aceitamos seu veículo na troca mediante avaliação. Seminovos com garantia de 03 meses, procedência, laudo de vistoria, revisados e com as melhores taxas. Venha tomar um café conosco, fazer um test drive e escolher seu próximo carro. NOS RESERVAMOS O DIREITO A POSSIVEIS ERROS DE DIGITAÇÃO E IMAGEM. #codive #grupohazul #gm #seminovos #revisados #estoque #multimarca",613,False,True,False,False,False,False,3
53741998,False,"Codive Chevrolet em Valinhos, Vinhedo e Campinas oferecendo o melhor para você na compra do seu seminovo multimarca ou Chevrolet 0km. Trabalhamos com financiamento em vários bancos buscando as melhores taxas e prazos para nossos clientes, e também aceitamos seu veículo na troca mediante avaliação. Seminovos com garantia de 03 meses, procedência, laudo de vistoria, revisados e com as melhores taxas. Venha tomar um café conosco, fazer um test drive e escolher seu próximo carro. NOS RESERVAMOS O DIREITO A POSSIVEIS ERROS DE DIGITAÇÃO E IMAGEM. #codive #grupohazul #gm #seminovos #revisados #estoque #multimarca",613,False,True,False,False,False,False,1
56054771,False,"Codive Chevrolet em Valinhos, Vinhedo e Campinas oferecendo o melhor para você na compra do seu seminovo multimarca ou Chevrolet 0km. Trabalhamos com financiamento em vários bancos buscando as melhores taxas e prazos para nossos clientes, e também aceitamos seu veículo na troca mediante avaliação. Seminovos com garantia de 03 meses, procedência, laudo de vistoria, revisados e com as melhores taxas. Venha tomar um café conosco, fazer um test drive e escolher seu próximo carro. NOS RESERVAMOS O DIREITO A POSSIVEIS ERROS DE DIGITAÇÃO E IMAGEM. #codive #grupohazul #gm #seminovos #revisados #estoque #multimarca",613,False,True,False,False,False,False,3
53739673,False,"Codive Chevrolet em Valinhos, Vinhedo e Campinas oferecendo o melhor para você na compra do seu seminovo multimarca ou Chevrolet 0km. Trabalhamos com financiamento em vários bancos buscando as melhores taxas e prazos para nossos clientes, e também aceitamos seu veículo na troca mediante avaliação. Seminovos com garantia de 03 meses, procedência, laudo de vistoria, revisados e com as melhores taxas. Venha tomar um café conosco, fazer um test drive e escolher seu próximo carro. NOS RESERVAMOS O DIREITO A POSSIVEIS ERROS DE DIGITAÇÃO E IMAGEM. #codive #grupohazul #gm #seminovos #revisados #estoque #multimarca",613,False,True,False,False,False,False,1
55189750,False,"Garantia de Fábrica Codive Chevrolet em Valinhos, Vinhedo e Campinas oferecendo o melhor para você na compra do seu seminovo multimarca ou Chevrolet 0km. Trabalhamos com financiamento em vários bancos buscando as melhores taxas e prazos para nossos clientes, e também aceitamos seu veículo na troca mediante avaliação. Seminovos com garantia de 03 meses, procedência, laudo de vistoria, revisados e com as melhores taxas. Venha tomar um café conosco, fazer um test drive e escolher seu próximo carro. NOS RESERVAMOS O DIREITO A POSSIVEIS ERROS DE DIGITAÇÃO E IMAGEM. #codive #grupohazul #gm #seminovos #revisados #estoque #multimarca",633,False,True,False,False,False,False,3
56304212,False,"MyLink, Codive Chevrolet em Valinhos, Vinhedo e Campinas oferecendo o melhor para você na compra do seu seminovo multimarca ou Chevrolet 0km. Trabalhamos com financiamento em vários bancos buscando as melhores taxas e prazos para nossos clientes, e também aceitamos seu veículo na troca mediante avaliação. Seminovos com garantia de 03 meses, procedência, laudo de vistoria, revisados e com as melhores taxas. Venha tomar um café conosco, fazer um test drive e escolher seu próximo carro. NOS RESERVAMOS O DIREITO A POSSIVEIS ERROS DE DIGITAÇÃO E IMAGEM. #codive #grupohazul #gm #seminovos #revisados #estoque #multimarca",621,False,True,False,True,False,False,2
57107026,False,"Bluetooth, Garantia de Fábrica Codive Chevrolet em Valinhos, Vinhedo e Campinas oferecendo o melhor para você na compra do seu seminovo multimarca ou Chevrolet 0km. Trabalhamos com financiamento em vários bancos buscando as melhores taxas e prazos para nossos clientes, e também aceitamos seu veículo na troca mediante avaliação. Seminovos com garantia de 1 ano* (*opcional para veículos a partir de 2013 até 180 mil km), procedência, laudo de vistoria, taxas a partir de 0,99 e devidamente revisados. 0km anunciado (na cor sólida, imagens ilustrativas) OU (com inclusão da pintura, imagens reais do veículo), valores válidos para vendas realizadas nesse canal. Prazo de entrega à combinar, de acordo com disponibilidade em estoque. Oferta válida até 31/05/2026 para emplacamento dentro da area operacional das concessionárias do grupo. Venha tomar um café conosco, fazer um test drive e escolher seu próximo carro. NOS RESERVAMOS O DIREITO A POSSÍVEIS ERROS DE DIGITAÇÃO E IMAGEM. #Codive #grupohazul #CodiveChevrolet #0km #Chevrolet #estoque #Novos",1050,False,True,False,True,False,False,2
56621330,False,"MyLink, Garantia de Fábrica Codive Chevrolet em Valinhos, Vinhedo e Campinas oferecendo o melhor para você na compra do seu seminovo multimarca ou Chevrolet 0km. Trabalhamos com financiamento em vários bancos buscando as melhores taxas e prazos para nossos clientes, e também aceitamos seu veículo na troca mediante avaliação. Seminovos com garantia de 03 meses, procedência, laudo de vistoria, revisados e com as melhores taxas. Venha tomar um café conosco, fazer um test drive e escolher seu próximo carro. NOS RESERVAMOS O DIREITO A POSSIVEIS ERROS DE DIGITAÇÃO E IMAGEM. #codive #grupohazul #gm #seminovos #revisados #estoque #multimarca",641,False,True,False,True,False,False,2
56815882,False,,0,False,True,False,True,False,False,6
56374454,False,"Veículo licenciado, vistoriado e com garantia, oferecemos segurança e tranquilidade na sua compra. Aceitamos seu carro ou moto como parte do pagamento, com opção de entrada facilitada no cartão e financiamento em até 60 parcelas. Faça uma simulação sem compromisso! Nosso estoque conta com mais de 150 veículos, entre seminovos e 0KM, de diversas marcas e modelos. Visite-nos e confira nossas ofertas! *Valor para venda sem veículo na troca* *Sujeito a erro de digitação* (12) 99189-7444 Informações complementares: Licenciado",526,False,True,False,False,False,False,6
56608705,False,"LIGUE-NOS AGORA, PABX 36990009, ZAP(011) 947772990 - GARANTIA DE PROCEDENCIA E QUALIDADE, TODOS CARROS SAO PERICIADOS CAUTELARMENTE. PREÇOS IMBATÍVEIS, TODAS AS FINANCEIRAS FÁCIL NA HORA. A CERTEZA DO MELHOR NEGÓCIO EM SP. AV LUIZ IGNACIO DE ANHAIA MELLO, 5175 VILA PRUDENTE, ESTAÇAO SAO LUCAS VILA EMA SP",305,False,True,True,True,False,False,24
56704317,False,"TOP PREMIER HATCH TURBO FLEX AUTOMATICO COMPLETO, AIRBAGS E ABS, BANCOS DE COURO E RODAS DE LIGA, DVD KIT MULTIMIDIA ANDROID MP3 USB BLUETOOTH, CONTR. VOLANTE, CAMERA DE RÉ, MILHAS, PARKING ASSIST. IMPECAVEL, MUITO NOVO, UNICO DONO, BAIXISSIMA KM, OTIMO ESTADO, OTIMOS PNEUS, CARRO DE GARAGEM LINDO S/ DETALHES, GARANTIA DE PROCEDENCIA E QUALIDADE. OS CARROS SAO REVISADOS, HIGIENIZADOS E PERICIA CAUTELAR APROVADO. FINANCIAMOS S/ ENTRADA C/ A MELHOR TAXA DO MERCADO S/ BUROCRACIA......LIGUE PABX 3 6 9 9 - 0 0 0 9 OU LIGUE AGORA - ZAP - 974460224 ou 947772990 OU 940000058 .......AV PF LUIZ IGNACIO DE ANHAIA MELLO, 5175 - ESTAÇAO SAO LUCAS, VILA PRUDENTE, SP - - LICENCIADO..",677,False,True,True,True,False,True,23
56394137,False,,0,False,False,False,False,False,False,0
56618798,False,Trabalhamos sempre com o desejo e o empenho de fazer o melhor por você cliente. Nossos veículos são todos periciados e vistoriados com toda documentação em dia. Seriedade Transparência e ótimo Atendimento estão em nosso DNA Sejam bem vindos a Smart Veículos de Sorocaba SP,272,False,True,True,True,False,False,18
56593852,False,,0,False,True,False,False,False,False,8
56770521,False,,0,False,True,False,False,False,False,2
56889070,False,,0,False,True,False,True,False,False,6
56773363,False,,0,False,True,False,True,False,False,0
56966285,False,,0,False,True,False,False,False,False,1
56832943,False,,0,False,True,False,False,False,False,0
56839344,False,,0,False,True,False,False,False,False,0
56881818,False,,0,False,False,False,False,False,False,0
56663001,False,"Ônix LT 1.0 Flex Aut. 2022 Carro completo | Único dono | Baixa km | Pneus novos | Revisado na concessionária | Garantia de fábrica | Laudo cautelar aprovado | Bluetooth | Computador de bordo | Controle de som no volante | Sensor de estacionamento 72.900,00 Chame nossa equipe pelo whatsapp que sai negócio! (14) 99891-4068 Confira mais sobre este veículo em nosso site. E aproveita pra conhecer nosso estoque. https://multcarbauru.com.br/ Informações complementares: Único Dono, Garantia de Fábrica, IPVA Pago, Licenciado, Revisões Realizadas",542,False,True,True,True,False,False,9
56737789,False,,0,False,True,True,True,False,False,8
56829840,False,"�� Chevrolet Onix 1.0 LT 2015/2015 Hatch econômico, moderno e muito procurado no mercado, ideal para uso diário com baixo custo de manutenção e ótimo valor de revenda. �� Motor 1.0 Flex econômico e confiável �� Versão LT - completa na categoria �� Apenas 45.350 km - veículo com baixa quilometragem e bem conservado ✨ Principais itens da versão: ✔️ Direção hidráulica ✔️ Ar-condicionado ✔️ Vidros elétricos dianteiros ✔️ Travas elétricas ✔️ Airbags frontais ✔️ Freios ABS ✔️ Sistema MyLink (central multimídia original Chevrolet) com Bluetooth e USB ✔️ Banco traseiro rebatível �� Laudo cautelar aprovado - procedência e segurança na compra Um modelo da Chevrolet, referência em economia, manutenção acessível e excelente aceitação no mercado. �� Ótima oportunidade para quem busca um carro prático e confiável! �� Comercial: (11) 4476-1803 | �� WhatsApp: (11) 94794-3831 �� Reservamo-nos o direito de corrigir possíveis erros de digitação",939,False,True,False,True,False,False,4
56350747,False,"A Tavares Multimarcas é líder no seguimento de veículos 0KM e seminovos, há mais de 20 anos no mercado, com os melhores preços e condições, aproveite essa oportunidade! // Reservamo-nos ao direito de corrigir possíveis erros de digitação e alteração no anúncio sem aviso prévio.. // Frete e pintura metálica não inclusos. Informações complementares: Único Dono, Garantia de Fábrica, Revisões Realizadas",402,False,True,False,True,False,False,9
56350745,False,"A Tavares Multimarcas é líder no seguimento de veículos 0KM e seminovos, há mais de 20 anos no mercado, com os melhores preços e condições, aproveite essa oportunidade! // Reservamo-nos ao direito de corrigir possíveis erros de digitação e alteração no anúncio sem aviso prévio.. // Frete e pintura metálica não inclusos. Informações complementares: Único Dono, Garantia de Fábrica, Revisões Realizadas",402,False,True,True,True,False,False,10
56428515,False,"Chevrolet Onix LT Automatico 2025 Moderno Economico e Completo Se voce procura um carro novo tecnológico e com excelente custo beneficio o Onix LT 2025 e a escolha certa Motor 1.0 Turbo Flex potente e econômico Cambio automatico de excelente desempenho Direção elétrica leve e confortável Central multimídia MyLink com Android Auto e Apple CarPlay Wi Fi nativo no veiculo Ar condicionado eficiente Vidros e travas eletricas Controle de estabilidade e tracao 6 airbags garantindo mais segurança Assistente de partida em rampa Carro praticamente zero com design moderno e ótimo espaço interno Excelente consumo de combustível Documentação em dia Perfeito para quem quer conforto tecnologia e segurança no dia a dia �� Seu próximo carro está aqui! As melhores marcas, preços justos e condições facilitadas. Financiamento rápido, aceitamos seu usado na troca e oferecemos total segurança na compra. Venha conferir! OBS: A inclusão de determinados itens no anúncio que possam ocorrer por erro material no momento do cadastro ou pelo sistema automático integrador, sem qualquer intenção de induzir o consumidor em erro. Assim que identificado o equívoco, o anúncio será devidamente corrigido, em observância aos princípios da boa-fé e da transparência, conforme previsto no art. 37 do Código de Defesa do Consumidor.",1310,False,True,False,True,False,False,2
57443296,False,,0,False,False,False,False,False,False,0
57444028,False,,0,False,True,False,False,False,False,4
57460548,False,VEÍCULOS DE PROCEDÊNCIA * Condições facilitadas: * Aceitamos troca * Financiamos em até 60 vezes com as melhores taxas do mercado --- Entrada facilitada em até 18x no cartão de crédito --- *Simule seu financiamento sem compromisso! * Entre em contato agora e saia de carro novo!,278,False,True,False,True,False,False,5
56895927,False,,0,False,False,False,False,False,False,0
56666730,False,,0,False,True,False,True,False,False,7
56870750,False,Valor à vista ! Veículo revisado com garantia do Grupo Balilla ! Consulte condições de até 2 anos de garantia ! Carro periciado e laudo 100% aprovado !,151,False,True,False,False,False,False,11
56124905,False,Valor à vista ! Veículo revisado com garantia do Grupo Balilla ! Consulte condições de até 2 anos de garantia ! Carro periciado e laudo 100% aprovado !,151,False,True,False,True,False,False,12
56963314,False,"Baixa KM. Parece Novo. Vários Opcionais. CARRO EM PERFEITO ESTADO, ACEITAMOS TROCAS E FINANCIAMOS. TRABALHAMOS COM OS MELHORES BANCOS E AS MELHORES TAXAS DO MERCADO!!! Oferecendo atendimento diferenciado, carros de qualidade, com procedência, garantia e agilidade na documentação. Aceitamos veículos em troca, mediante avaliação.",329,False,True,False,False,False,False,8
56651663,False,"XTREMAMENTE CONSERVADO! COMPLETO! INTERNO CONSERVADO, LAUDO APROVADO, MANUAL E CHAVE RESERVA, REVISADO, HIGIENIZADO, POLIDO, TODOS OPCIONAIS FUNICIONANDO PERFEITAMENTE, GARANTIA DE FABRICA. QUALIDADE GARANTIDA! EXCELENTE AVALIACAO DO SEU USADO NA TROCA E AS MELHORES TAXAS DO MERCADO. FALE COM OS NOSSOS CONSULTORES E TIRE SUAS DUVIDAS.",336,False,True,True,True,False,False,16
57238610,False,,0,False,False,False,False,False,False,0
57303145,False,,0,False,True,False,True,False,False,15
56885374,False,,0,False,True,True,True,False,False,10
56885375,False,,0,False,True,True,True,False,False,10
56885377,False,,0,False,True,True,True,False,False,10
56875066,False,"Trabalhamos com Veículos de alta qualidade, revisados e periciados garantindo total procedência e qualidade do nosso estoque. Possuímos parceria com os melhores bancos do mercado com taxas diferenciadas Compramos seu veículo mesmo com dívidas. Garantimos uma ótima avaliação do seu veículo na troca. Valor anunciado para pagamento à vista sem veículo na troca. Consulte condições.",380,False,True,True,False,False,False,18
56817877,False,,0,False,True,False,False,False,False,6
57279409,False,,0,False,False,False,False,False,False,0
55990852,False,"Preço para venda à vista ou financiamento, consulte -nos em caso de troca. Reservamo-nos no direito de corrigir eventuais erros de digitação.",141,False,False,False,False,False,False,0
56719645,False,"Preço para venda à vista ou financiamento, consulte -nos em caso de troca. Reservamo-nos no direito de corrigir eventuais erros de digitação.",141,False,False,False,False,False,False,0
56964064,False,"Bluetooth, Garantia de Fábrica . Preço para venda à vista ou financiamento, consulte -nos em caso de troca. Reservamo-nos no direito de corrigir eventuais erros de digitação.",174,False,True,False,True,False,False,2
56893432,False,"Garantia de Fábrica . Preço para venda à vista ou financiamento, consulte -nos em caso de troca. Reservamo-nos no direito de corrigir eventuais erros de digitação.",163,False,False,False,False,False,False,0
56856713,False,Facilidades que cabem no seu bolso: Estudamos trocas com carros e motocicletas Financiamento com as menores taxas do mercado Entrada parcelada no cartão de crédito em até 18 parcelas Aceitamos cartas de crédito de consórcio ________________________________________ Atendimento personalizado: Segunda a Sexta - 08:30h às 18:00h Sábado - 08:30h às 12:00h Domingo - Fechado MGM Seminovos Av Plinio de Castro Prado nº 226 - Jardim Palma Travassos Ribeirão Preto - SP Fone (16) 3624-2553 Whatsapp (16) 99197-6201 ________________________________________ #mgmseminovos #ribeiraopreto #carros #carrosrp #carrosribeiraopreto #carroseminovos #novos #concessionaria #revendacarros #revendaveiculos #vempramgmseminovos #financiamentodecarros,730,False,True,False,False,False,False,2
57352932,False,,0,False,True,True,False,False,False,18
57352978,False,,0,False,True,True,False,False,False,18
56813169,False,,0,False,True,False,False,False,False,5
56813181,False,,0,False,True,False,False,False,False,2
56613794,False,,0,False,False,False,False,False,False,0
56808969,False,"A Car Rio Automóveis - Beto está há mais de 27 anos no mercado, construída com base na confiança, transparência e compromisso com nossos clientes. Trabalhamos somente com veículos de extrema procedência, rigorosamente selecionados, garantindo segurança e tranquilidade na sua compra. Oferecemos as melhores taxas do mercado, financiamento facilitado e atendimento personalizado para você sair de carro novo com total satisfação. Aqui, sua conquista começa com credibilidade e tradição! É mais uma da CAR RIO!!!",510,False,True,False,False,False,False,0
56809478,False,"A Car Rio Automóveis - Beto está há mais de 27 anos no mercado, construída com base na confiança, transparência e compromisso com nossos clientes. Trabalhamos somente com veículos de extrema procedência, rigorosamente selecionados, garantindo segurança e tranquilidade na sua compra. Oferecemos as melhores taxas do mercado, financiamento facilitado e atendimento personalizado para você sair de carro novo com total satisfação. Aqui, sua conquista começa com credibilidade e tradição! É mais uma da CAR RIO!!!",510,False,True,True,True,False,False,12
57338550,False,,0,False,False,False,False,False,False,0
56920882,False,,0,False,False,False,False,False,False,0
56859222,False,,0,False,False,False,False,False,False,0
57042169,False,,0,False,True,False,False,False,False,14
56698366,False,"* BAIXO KM * O Grupo T-Line está há mais de 30 anos comercializando os melhores veículos seminovos. Detentora das marcas como: Jeep, Ram e a PRIMEIRA TOYOTA da américa Latina. Aqui você encontra Veículos com procedência e qualidade. Quer segurança? compre no Grupo TLINE. *Fazemos o Check Up de entrega * Aceitamos cartão de crédito. * Trabalhamos com as melhores Financeiras. Temos as melhores taxas de mercado. * Pegamos o seu seminovo a base de troca. * Fazemos a troca com troco. * Só trabalhamos com veículos Aprovados em Laudo Cautelar. * RESERVAMOS O DIREITO DE CORRIGIR POSSÍVEIS ERROS DE DIGITAÇÃO. * VALOR SUJEITO ALTERAÇAO SEM AVISO PREVIO. | [2535822]",663,False,True,False,False,False,False,6
57397188,False,,0,False,False,False,False,False,False,0
57477564,False,,0,False,False,False,False,False,False,0
57490314,False,,0,False,False,False,False,False,False,0
57490240,False,,0,False,False,False,False,False,False,0
57490233,False,,0,False,False,False,False,False,False,0
57477597,False,,0,False,False,False,False,False,False,0
57490241,False,,0,False,False,False,False,False,False,0
56448758,False,,0,False,True,True,False,False,False,6
56515902,False,,0,False,True,True,False,False,False,4
56788567,False,"9 anos de loja e MAIS de 40 anos no mercado, compre com quem entende! · FINANCIE SEM ENTRADA COM A MELHOR TAXA DO MERCADO · USE SUA CARTA DE CRÉDITO DO CONSÓRCIO · PARCELE NO CARTÃO DE CRÉDITO Aprove seu crédito agora mesmo online (temos várias opções de bancos), a GO CAR VEÍCULOS atende via whatsapp com total segurança basta procurar nosso site, FINANCIAMENTO EM ATÉ 60 MESES com aprovação rápida. CHEVROLET/ONIX 1.0 LT FLEX - 2022 TOP COMPLETO - FREIOS ABS - EXCELENTE OPORTUNIDADE VEÍCULO SUPER CONSERVADO, BAIXO KM! SAI COM: GARANTIA - REVISÃO - PRONTO PRA RODAR",568,False,True,False,True,False,False,13
56642113,False,"A Villa Norte Veículos é uma loja conceituada no mercado automobilístico, com 16 anos de experiência, localizada em São José dos Campos. Nossa trajetória é marcada pela credibilidade, transparência, confiança e preços justos, conquistando a satisfação de nossos clientes ao longo dos anos. Iniciamos nossa história com nossa matriz na Zona Leste de São José dos Campos e, graças ao nosso compromisso em oferecer o melhor atendimento e qualidade, expandimos nossas operações para atender também os clientes da Zona Sul e de toda a cidade. Hoje, contamos com três lojas disponíveis, reafirmando nosso objetivo de ser a melhor opção na compra de veículos na região. Nossos profissionais são altamente capacitados e estão sempre prontos para auxiliar na escolha do carro ideal para cada cliente, garantindo um atendimento personalizado e eficiente. A Villa Norte Veículos se orgulha de ser uma referência no setor e de contribuir para a realização dos sonhos de mobilidade de inúmeras famílias. Visite uma de nossas lojas e comprove a qualidade e excelência dos serviços prestados pela Villa Norte Veículos. Estamos à disposição para ajudá-lo a encontrar o veículo perfeito, com a segurança e a satisfação que você merece.",1218,False,False,False,False,False,False,0
56657048,False,"A Villa Norte Veículos é uma loja conceituada no mercado automobilístico, com 16 anos de experiência, localizada em São José dos Campos. Nossa trajetória é marcada pela credibilidade, transparência, confiança e preços justos, conquistando a satisfação de nossos clientes ao longo dos anos. Iniciamos nossa história com nossa matriz na Zona Leste de São José dos Campos e, graças ao nosso compromisso em oferecer o melhor atendimento e qualidade, expandimos nossas operações para atender também os clientes da Zona Sul e de toda a cidade. Hoje, contamos com três lojas disponíveis, reafirmando nosso objetivo de ser a melhor opção na compra de veículos na região. Nossos profissionais são altamente capacitados e estão sempre prontos para auxiliar na escolha do carro ideal para cada cliente, garantindo um atendimento personalizado e eficiente. A Villa Norte Veículos se orgulha de ser uma referência no setor e de contribuir para a realização dos sonhos de mobilidade de inúmeras famílias. Visite uma de nossas lojas e comprove a qualidade e excelência dos serviços prestados pela Villa Norte Veículos. Estamos à disposição para ajudá-lo a encontrar o veículo perfeito, com a segurança e a satisfação que você merece.",1218,False,False,False,False,False,False,0
56617751,False,"A Villa Norte Veículos é uma loja conceituada no mercado automobilístico, com 16 anos de experiência, localizada em São José dos Campos. Nossa trajetória é marcada pela credibilidade, transparência, confiança e preços justos, conquistando a satisfação de nossos clientes ao longo dos anos. Iniciamos nossa história com nossa matriz na Zona Leste de São José dos Campos e, graças ao nosso compromisso em oferecer o melhor atendimento e qualidade, expandimos nossas operações para atender também os clientes da Zona Sul e de toda a cidade. Hoje, contamos com três lojas disponíveis, reafirmando nosso objetivo de ser a melhor opção na compra de veículos na região. Nossos profissionais são altamente capacitados e estão sempre prontos para auxiliar na escolha do carro ideal para cada cliente, garantindo um atendimento personalizado e eficiente. A Villa Norte Veículos se orgulha de ser uma referência no setor e de contribuir para a realização dos sonhos de mobilidade de inúmeras famílias. Visite uma de nossas lojas e comprove a qualidade e excelência dos serviços prestados pela Villa Norte Veículos. Estamos à disposição para ajudá-lo a encontrar o veículo perfeito, com a segurança e a satisfação que você merece.",1218,False,False,False,False,False,False,0
57362211,False,"A Villa Norte Veículos é uma loja conceituada no mercado automobilístico, com 16 anos de experiência, localizada em São José dos Campos. Nossa trajetória é marcada pela credibilidade, transparência, confiança e preços justos, conquistando a satisfação de nossos clientes ao longo dos anos. Iniciamos nossa história com nossa matriz na Zona Leste de São José dos Campos e, graças ao nosso compromisso em oferecer o melhor atendimento e qualidade, expandimos nossas operações para atender também os clientes da Zona Sul e de toda a cidade. Hoje, contamos com três lojas disponíveis, reafirmando nosso objetivo de ser a melhor opção na compra de veículos na região. Nossos profissionais são altamente capacitados e estão sempre prontos para auxiliar na escolha do carro ideal para cada cliente, garantindo um atendimento personalizado e eficiente. A Villa Norte Veículos se orgulha de ser uma referência no setor e de contribuir para a realização dos sonhos de mobilidade de inúmeras famílias. Visite uma de nossas lojas e comprove a qualidade e excelência dos serviços prestados pela Villa Norte Veículos. Estamos à disposição para ajudá-lo a encontrar o veículo perfeito, com a segurança e a satisfação que você merece.",1218,False,False,False,False,False,False,0
56818141,False,"A Villa Norte Veículos é uma loja conceituada no mercado automobilístico, com 16 anos de experiência, localizada em São José dos Campos. Nossa trajetória é marcada pela credibilidade, transparência, confiança e preços justos, conquistando a satisfação de nossos clientes ao longo dos anos. Iniciamos nossa história com nossa matriz na Zona Leste de São José dos Campos e, graças ao nosso compromisso em oferecer o melhor atendimento e qualidade, expandimos nossas operações para atender também os clientes da Zona Sul e de toda a cidade. Hoje, contamos com três lojas disponíveis, reafirmando nosso objetivo de ser a melhor opção na compra de veículos na região. Nossos profissionais são altamente capacitados e estão sempre prontos para auxiliar na escolha do carro ideal para cada cliente, garantindo um atendimento personalizado e eficiente. A Villa Norte Veículos se orgulha de ser uma referência no setor e de contribuir para a realização dos sonhos de mobilidade de inúmeras famílias. Visite uma de nossas lojas e comprove a qualidade e excelência dos serviços prestados pela Villa Norte Veículos. Estamos à disposição para ajudá-lo a encontrar o veículo perfeito, com a segurança e a satisfação que você merece.",1218,False,False,False,False,False,False,0
56277742,False,"A Villa Norte Veículos é uma loja conceituada no mercado automobilístico, com 16 anos de experiência, localizada em São José dos Campos. Nossa trajetória é marcada pela credibilidade, transparência, confiança e preços justos, conquistando a satisfação de nossos clientes ao longo dos anos. Iniciamos nossa história com nossa matriz na Zona Leste de São José dos Campos e, graças ao nosso compromisso em oferecer o melhor atendimento e qualidade, expandimos nossas operações para atender também os clientes da Zona Sul e de toda a cidade. Hoje, contamos com três lojas disponíveis, reafirmando nosso objetivo de ser a melhor opção na compra de veículos na região. Nossos profissionais são altamente capacitados e estão sempre prontos para auxiliar na escolha do carro ideal para cada cliente, garantindo um atendimento personalizado e eficiente. A Villa Norte Veículos se orgulha de ser uma referência no setor e de contribuir para a realização dos sonhos de mobilidade de inúmeras famílias. Visite uma de nossas lojas e comprove a qualidade e excelência dos serviços prestados pela Villa Norte Veículos. Estamos à disposição para ajudá-lo a encontrar o veículo perfeito, com a segurança e a satisfação que você merece.",1218,False,False,False,False,False,False,0
57438420,False,,0,False,True,True,True,False,False,23
56819211,False,,0,False,True,False,True,False,False,8
57522906,False,"Chevrolet Onix 1.4 LTZ - CONFORTO, ECONOMIA E PRATICIDADE PARA O DIA A DIA O Chevrolet Onix 1.4 LTZ 2015 é a escolha ideal para quem busca um hatch moderno, econômico e com ótimo nível de conforto. Equipado com motor 1.4 Flex e câmbio manual, oferece excelente desempenho, baixo custo de manutenção e ótima dirigibilidade para o uso urbano e rodoviário. Com design moderno, interior confortável e boa lista de equipamentos, o Onix LTZ se destaca pelo espaço interno, confiabilidade mecânica e excelente custo-benefício. Facilitamos sua negociação: · Financiamento sem entrada (mediante análise) · Taxas a partir de 0,9% ao mês · Melhores taxas do mercado · Cobrimos ofertas da concorrência · Aceitamos carro ou moto na troca · Aprovação rápida e negociação facilitada Destaques do veículo: · Motor 1.4 Flex · Câmbio manual · Versão LTZ · Excelente economia de combustível · Interior confortável e bem acabado · Ótima dirigibilidade urbana · Hatch compacto e eficiente · Baixo custo de manutenção · Excelente custo-benefício PG Multimarcas - Auto Shopping Praia Grande Av. Ayrton Senna da Silva, 611 Entrada 02 - Loja 13 - Praia Grande WhatsApp: (13) 97809-8710 Instagram: @pgmultimarcas",1186,False,True,False,False,False,False,8
57481480,False,,0,False,True,False,False,False,False,4
56776766,False,,0,False,True,False,False,False,False,4
57490209,False,,0,False,True,False,False,False,False,4
57484789,False,,0,False,True,False,False,False,False,4
57477451,False,,0,False,False,False,False,False,False,0
57490230,False,,0,False,False,False,False,False,False,0
57486047,False,,0,False,True,False,False,False,False,3
57477486,False,,0,False,False,False,False,False,False,0
57485982,False,,0,False,False,False,False,False,False,0
57490213,False,,0,False,False,False,False,False,False,0
57490192,False,,0,False,False,False,False,False,False,0
57481447,False,,0,False,False,False,False,False,False,0
56688128,False,,0,False,True,True,False,False,False,6
57490166,False,,0,False,False,False,False,False,False,0
57492255,False,,0,False,False,False,False,False,False,0
57480469,False,,0,False,False,False,False,False,False,0
57490505,False,,0,False,False,False,False,False,False,0
57484834,False,,0,False,True,False,False,False,False,3
57486364,False,,0,False,False,False,False,False,False,0
57477678,False,,0,False,False,False,False,False,False,0
57497233,False,,0,False,False,False,False,False,False,0
57505133,False,,0,False,False,False,False,False,False,0
57477922,False,,0,False,False,False,False,False,False,0
56813222,False,"Se você está buscando um novo carro, não se arrisque e compre na Localiza Seminovos: carros com 360 itens verificados, garantia e procedência. Aqui você encontra a maior variedade de modelos do mercado, condições únicas de financiamento, entrada facilitada em até 10 vezes sem juros, carros revisados e com garantia de quilometragem real. Viabilizamos a troca do seu carro usado e entregamos seu novo carro na segurança de sua casa! Agende já seu atendimento.",459,False,True,False,False,False,False,4
57477301,False,,0,False,False,False,False,False,False,0
56456476,False,,0,False,True,False,False,False,False,3
57494771,False,,0,False,False,False,False,False,False,0
56767607,False,,0,False,True,False,False,False,False,3
56767579,False,"Se você está buscando um novo carro, não se arrisque e compre na Localiza Seminovos: carros com 360 itens verificados, garantia e procedência. Aqui você encontra a maior variedade de modelos do mercado, condições únicas de financiamento, entrada facilitada em até 10 vezes sem juros, carros revisados e com garantia de quilometragem real. Viabilizamos a troca do seu carro usado e entregamos seu novo carro na segurança de sua casa! Agende já seu atendimento.",459,False,True,False,False,False,False,3
57494660,False,,0,False,False,False,False,False,False,0
57495023,False,,0,False,True,False,False,False,False,4
57494667,False,,0,False,False,False,False,False,False,0
57495069,False,,0,False,False,False,False,False,False,0
56767693,False,"Se você está buscando um novo carro, não se arrisque e compre na Localiza Seminovos: carros com 360 itens verificados, garantia e procedência. Aqui você encontra a maior variedade de modelos do mercado, condições únicas de financiamento, entrada facilitada em até 10 vezes sem juros, carros revisados e com garantia de quilometragem real. Viabilizamos a troca do seu carro usado e entregamos seu novo carro na segurança de sua casa! Agende já seu atendimento.",459,False,True,False,False,False,False,4
56767598,False,"Se você está buscando um novo carro, não se arrisque e compre na Localiza Seminovos: carros com 360 itens verificados, garantia e procedência. Aqui você encontra a maior variedade de modelos do mercado, condições únicas de financiamento, entrada facilitada em até 10 vezes sem juros, carros revisados e com garantia de quilometragem real. Viabilizamos a troca do seu carro usado e entregamos seu novo carro na segurança de sua casa! Agende já seu atendimento.",459,False,True,False,False,False,False,3
57494740,False,,0,False,False,False,False,False,False,0
57494634,False,,0,False,False,False,False,False,False,0
57494696,False,,0,False,False,False,False,False,False,0
56767667,False,"Se você está buscando um novo carro, não se arrisque e compre na Localiza Seminovos: carros com 360 itens verificados, garantia e procedência. Aqui você encontra a maior variedade de modelos do mercado, condições únicas de financiamento, entrada facilitada em até 10 vezes sem juros, carros revisados e com garantia de quilometragem real. Viabilizamos a troca do seu carro usado e entregamos seu novo carro na segurança de sua casa! Agende já seu atendimento.",459,False,True,False,False,False,False,4
56767659,False,"Se você está buscando um novo carro, não se arrisque e compre na Localiza Seminovos: carros com 360 itens verificados, garantia e procedência. Aqui você encontra a maior variedade de modelos do mercado, condições únicas de financiamento, entrada facilitada em até 10 vezes sem juros, carros revisados e com garantia de quilometragem real. Viabilizamos a troca do seu carro usado e entregamos seu novo carro na segurança de sua casa! Agende já seu atendimento.",459,False,True,False,False,False,False,3
56767709,False,"Se você está buscando um novo carro, não se arrisque e compre na Localiza Seminovos: carros com 360 itens verificados, garantia e procedência. Aqui você encontra a maior variedade de modelos do mercado, condições únicas de financiamento, entrada facilitada em até 10 vezes sem juros, carros revisados e com garantia de quilometragem real. Viabilizamos a troca do seu carro usado e entregamos seu novo carro na segurança de sua casa! Agende já seu atendimento.",459,False,True,False,False,False,False,4
57494938,False,,0,False,False,False,False,False,False,0
57494916,False,,0,False,False,False,False,False,False,0
57494815,False,,0,False,False,False,False,False,False,0
56767757,False,"Se você está buscando um novo carro, não se arrisque e compre na Localiza Seminovos: carros com 360 itens verificados, garantia e procedência. Aqui você encontra a maior variedade de modelos do mercado, condições únicas de financiamento, entrada facilitada em até 10 vezes sem juros, carros revisados e com garantia de quilometragem real. Viabilizamos a troca do seu carro usado e entregamos seu novo carro na segurança de sua casa! Agende já seu atendimento.",459,False,True,True,False,False,False,5
56767630,False,,0,False,True,True,True,False,False,3
56767704,False,"Se você está buscando um novo carro, não se arrisque e compre na Localiza Seminovos: carros com 360 itens verificados, garantia e procedência. Aqui você encontra a maior variedade de modelos do mercado, condições únicas de financiamento, entrada facilitada em até 10 vezes sem juros, carros revisados e com garantia de quilometragem real. Viabilizamos a troca do seu carro usado e entregamos seu novo carro na segurança de sua casa! Agende já seu atendimento.",459,False,True,False,False,False,False,5
56852356,False,"Fale com a Makine Motors (19) 3299-5447 (19) 99828-0483 (19) 97411-5616 __ Laudo cautelar 100% aprovado. Documento ok. Ótimas taxas de financiamento; Aprovação de crédito imediata; A Makine Motors te convida a conhecer esse carro na nossa loja, será uma satisfação recebê-lo; Reservamo-nos o direito de possíveis erros de digitação e preços sujeitos a alteração sem prévio aviso. Valor a vista, caso troca consulte nossos vendedores",432,False,True,False,False,False,False,3
56882478,False,,0,False,False,False,False,False,False,0
57393461,False,,0,False,True,False,True,False,False,4
57393474,False,,0,False,False,False,True,False,False,5
57245737,False,"🚗 Hyundai HB20 Comfort Plus 1.0 2016/2016 – 127.000 km – Completo 📍 JP Veículos – Vila Rami, Jundiaí/SP 🚘 Descrição: Hyundai HB20 Comfort Plus 1.0, hatch moderno, econômico e muito procurado no mercado. Equipado com motor 1.0, oferece excelente consumo e baixo custo de manutenção, ideal para o dia a dia. Veículo com 127.000 km, bem conservado. Destaque para versão completa e laudo cautelar aprovado. Carro pronto para rodar. ✅ Motor 1.0 ✅ 127.000 km ✅ Câmbio manual ✅ Versão Comfort Plus ✅ Completo ✅ Air Bag + ABS ✅ Direção hidráulica ✅ Vidros e travas elétricas ✅ Excelente estado geral ✅ Cautelar aprovado (Super Visão) 💰 Financiamos até 48x ou 60x 💳 Parcelamos no cartão até 18x ou 24x 🔁 Aceitamos seu carro como parte de pagamento 📍 JP Veículos – Rua Cica, 992, Vila Rami – Jundiaí/SP 📞 Chame no direct ou WhatsApp para mais informações e fotos",852,False,True,False,False,False,False,12
56386514,False,"Oferta! Todas as revisoes feitas, ultima com 27 mil km, único dono! Informações complementares: Único Dono, Licenciado",118,False,True,True,True,False,False,11
56904062,False,"Garantia de Fábrica, Laudo Cautelar Aprovado, Todas as Revisões Feitas em Concessionária, Acompanha Manual e Chave Reserva - Somos a Leme Veículos, Uma empresa Familiar, Localizada em Leme/SP. Qualidade, transparência e honestidade são as chaves principais de nosso sucesso. Veículos revisados com total procedência e garantia. Trabalhamos com 0km e Multimarcas de todos os segmentos, avaliamos seu veículo na negociação - Reservamo-nos ao direito de corrigir eventuais erros de digitação e/ou publicação. Clientes de outras cidades, favor comunicar sua visita com antecedência para sua melhor comodidade.",605,False,True,False,True,False,False,17
56896284,False,"Praça Veículos a mais de 30 anos no mercado de semi-novos em Bragança Paulista, Atibaia e região, revisados com garantia e procedência que você só encontra aqui. Acesse www.pracaveiculos.com.br e confira nosso estoque Perguntas e propostas deveram ser envias através dos canais de relacionamento ou entre em contato pelo (11)94746-4125 com nossos consultores de Vendas Web. Preço à vista ou através de financiamento, em caso de troca favor consultar condições. A Praça Veículos se reserva ao direito de corrigir eventuais erros de publicação deste anúncio.",556,False,True,False,False,False,False,11
56503516,False,Carro revisado e com garantia mecânica. Pericia aprovada. Parcelamos a entrada no cartão de crédito em até 24 vezes Trabalhamos com as principais financeiras. Whatsapp 13-991983627 A Baratopaka Veiculos se reserva ao direito de corrigir eventuais erros na digitação. Condições sujeita a alteração sem prévio aviso.,314,False,True,False,False,False,False,1
56736509,False,"Auto Classe Multimarcas, desde 2016 realizando sonhos de nossos clientes, Vasto conhecimento na área de veículos, com uma equipe pronta para responder todas suas dúvidas! Todos nossos carros tem Laudo Cautelar aprovado, financiamento rápido e sem burocracia. VENHA VOCÊ TAMBÉM PARA AUTO CLASSE MULTIMARCAS!!",307,False,False,False,False,False,False,0
57519166,False,,0,False,True,False,False,False,False,3
56889967,False,"Se você está buscando um novo carro, não se arrisque e compre na Localiza Seminovos: carros com 360 itens verificados, garantia e procedência. Aqui você encontra a maior variedade de modelos do mercado, condições únicas de financiamento, entrada facilitada em até 10 vezes sem juros, carros revisados e com garantia de quilometragem real. Viabilizamos a troca do seu carro usado e entregamos seu novo carro na segurança de sua casa! Agende já seu atendimento.",459,False,True,False,False,False,False,3
57267382,False,,0,False,True,False,False,False,False,3
57267350,False,,0,False,True,False,False,False,False,3
57267469,False,"Se você está sonhando em trocar de carro, agora você está na direção certa! O seminovo mais novo do Brasil está na Localiza Seminovos, onde você encontra a maior variedade de modelos do mercado e muitas vantagens, como condições únicas de financiamento, entrada facilitada em até 10 vezes sem juros, carros revisados e com garantia de quilometragem real, viabilizamos a troca do seu carro usado e entregamos seu novo carro na segurança de sua casa! Agende já seu atendimento!",475,False,True,False,False,False,False,3
57267433,False,,0,False,True,False,False,False,False,3
57267450,False,"Se você está buscando um novo carro, não se arrisque e compre na Localiza Seminovos: carros com 360 itens verificados, garantia e procedência. Aqui você encontra a maior variedade de modelos do mercado, condições únicas de financiamento, entrada facilitada em até 10 vezes sem juros, carros revisados e com garantia de quilometragem real. Viabilizamos a troca do seu carro usado e entregamos seu novo carro na segurança de sua casa! Agende já seu atendimento.",459,False,True,False,False,False,False,3
56890137,False,,0,False,True,False,False,False,False,4
57485408,False,,0,False,False,False,False,False,False,0
57485660,False,,0,False,False,False,False,False,False,0
56890146,False,"Se você está buscando um novo carro, não se arrisque e compre na Localiza Seminovos: carros com 360 itens verificados, garantia e procedência. Aqui você encontra a maior variedade de modelos do mercado, condições únicas de financiamento, entrada facilitada em até 10 vezes sem juros, carros revisados e com garantia de quilometragem real. Viabilizamos a troca do seu carro usado e entregamos seu novo carro na segurança de sua casa! Agende já seu atendimento.",459,False,True,True,False,False,False,7
56816291,False,,0,False,True,False,False,False,False,9
56854487,False,"Com a BWCAR, você tem este veículo com LAUDO CAUTELAR APROVADO. Na BWCAR, garantimos um processo de financiamento rápido e descomplicado, faça uma simulação e obtenha aprovação online em minutos, além disso, todo nosso estoque passa por revisão e vai com garantia para sua tranquilidade, aceitamos seu usado na troca e oferecemos parcelamento no cartão em até 18 x (sujeito a juros da operadora).?",397,False,True,True,True,False,False,16
56859402,False,,0,False,True,False,False,False,False,5
56975014,False,,0,False,True,False,False,False,False,0
56868042,False,,0,False,True,False,False,False,False,3
56818064,False,"HYUNDAI HB20 SENSE 1.0 FLEX MANUAL 2021 REVISADO BAIXO KM PERICIA CAUTELAR APROVADA 100% PREÇO R$ 61.900,00",107,False,True,False,True,False,False,5
56857618,False,,0,False,True,False,True,False,False,12
57223184,False,,0,False,True,False,False,False,False,7
56743402,False,,0,False,True,False,False,False,False,6
56738182,False,,0,False,True,False,False,False,False,3
57492270,False,,0,False,False,False,False,False,False,0
57492232,False,,0,False,False,False,False,False,False,0
57492219,False,,0,False,False,False,False,False,False,0
57491562,False,,0,False,False,False,False,False,False,0
57492140,False,,0,False,False,False,False,False,False,0
57491523,False,,0,False,False,False,False,False,False,0
57492152,False,,0,False,False,False,False,False,False,0
57492252,False,,0,False,False,False,False,False,False,0
57516451,False,,0,False,False,False,False,False,False,0
57492079,False,,0,False,False,False,False,False,False,0
57492057,False,,0,False,False,False,False,False,False,0
57514983,False,,0,False,True,True,False,False,False,6
57492142,False,,0,False,True,False,False,False,False,5
57491409,False,,0,False,True,True,False,False,False,7
56755686,False,"LAUDO CAUTELAR APROVADO** Veículos em ótimo estado de conservação com procedência , garantia e periciados. Aceitamos cartões de crédito em até 18x (juros administradora) Parceria com todos os bancos disponíveis no mercado. Financiamos em até 60 meses . Valor apenas para pagto à vista ou financiado , sem carro na troca ! IPVA Pago. Licenciado.",344,False,True,False,False,False,False,16
56914018,False,"A West Car Multimarcas está no mercado desde dezembro de 2018, com muita transparência e honestidade. Atendimento de qualidade você encontra aqui na West Car. Se procura um modelo e versão específico, e deseja fazer uma excelente negociação, venha até nossa loja que com certeza encontrará o que procura. A West Car Multimarcas vende, compra, troca e financia. Temos carros para motoristas de aplicativo, 100% financiado, autônomos e sem CNH. Trabalhamos com financiamentos para clientes de baixo score. Fazemos a melhor avaliação do seu usado; Parcelamos sua entrada em até 12x no cartão; Nós faremos o possível para ajudar você cliente a realizar seu sonho do carro novo.",673,False,False,False,False,False,False,0
56579852,False,,0,False,True,False,False,False,False,4
57478479,False,,0,False,False,False,False,False,False,0
57478469,False,,0,False,False,False,False,False,False,0
57495809,False,,0,False,False,False,False,False,False,0
57487255,False,,0,False,True,False,False,False,False,4
57487237,False,,0,False,False,False,False,False,False,0
57478274,False,,0,False,False,False,False,False,False,0
57478332,False,,0,False,False,False,False,False,False,0
57478264,False,,0,False,False,False,False,False,False,0
57478325,False,,0,False,False,False,False,False,False,0
57505251,False,,0,False,True,False,False,False,False,4
57487261,False,,0,False,False,False,False,False,False,0
57487281,False,,0,False,False,False,False,False,False,0
57487239,False,,0,False,True,False,False,False,False,4
57487291,False,,0,False,True,True,False,False,False,6
57478565,False,,0,False,False,False,False,False,False,0
56736488,False,,0,False,True,False,True,False,False,11
57019742,False,"Hyundai HB20 Comfort 2024/2025 Prata – Único dono Veículo em excelente estado de conservação, muito bem cuidado, com apenas 45.000 km rodados e único dono. Carro moderno, econômico e ideal para o dia a dia. Opcionais e equipamentos: * Direção elétrica * Ar-condicionado * Vidros elétricos nas 4 portas * Travas elétricas * Central multimídia com tela touchscreen * Conectividade Android Auto e Apple CarPlay * Sistema de som com Bluetooth/USB * Computador de bordo * Volante multifuncional * Controle de estabilidade e tração * Assistente de partida em rampa * Airbags frontais e laterais * Freios ABS * Câmera de ré * Sensores de estacionamento * Rodas aro 15 Carro confortável, econômico e confiável, pronto para rodar sem necessidade de qualquer investimento. Excelente oportunidade para quem busca um veículo novo, com procedência e ótimo custo-benefício. Entre em contato para mais informações.",899,False,True,True,True,False,True,14
57487644,False,,0,False,False,False,False,False,False,0
57486807,False,,0,False,False,False,False,False,False,0
57487669,False,,0,False,False,False,False,False,False,0
57486882,False,,0,False,False,False,False,False,False,0
57484854,False,,0,False,False,False,False,False,False,0
57487503,False,,0,False,False,False,False,False,False,0
57484853,False,,0,False,True,True,False,False,False,6
57477304,False,,0,False,False,False,False,False,False,0
56399436,False,,0,False,True,True,False,False,False,9
57487699,False,,0,False,False,False,False,False,False,0
56904262,False,"IPVA 2026 Grátis Destacando-se pelo equilíbrio entre custo-benefício, tecnologia e confiabilidade. A versão Comfort Plus adiciona itens essenciais de conforto e segurança sobre a versão de entrada. Central Multimídia: Tela de 8 polegadas com conexão sem fio para Apple CarPlay e Android Auto. Câmera de ré: Facilita manobras de estacionamento. Sensor crepuscular: Acendimento automático dos faróis. Vidros e Retrovisores: Vidros elétricos nas quatro portas e retrovisores com ajuste elétrico. Conectividade: Entradas USB, USB-C e tomada 12V. Consulte Condição de Financiamento e Avaliação no seu usado, aceitamos sua moto de baixa cc na troca sujeito a avaliação. Nos reservamos o direito de possíveis erros de digitação. Markin Veículos conectando você ao carro do seus Sonhos.",778,False,True,False,True,False,True,13
57477444,False,,0,False,False,False,False,False,False,0
56628306,False,,0,False,True,False,False,False,False,3
57486006,False,,0,False,False,False,False,False,False,0
57477536,False,,0,False,False,False,False,False,False,0
57490265,False,,0,False,False,False,False,False,False,0
57485952,False,,0,False,True,False,False,False,False,4
57481523,False,,0,False,False,False,False,False,False,0
57160900,False,"CÉLIO AUTOMÓVEIS - Qualidade, Tradição e Segurança - Há mais de 31 anos comercializando veículos de procedência e qualidade! Veiculo de procedência, com cautelar aprovada, manual, chave reserva e documentação em ordem. CHAME AGORA com um de nossos especialistas pelo WhatsApp, simulamos financiamento, avaliamos carro na troca, venha para a Célio Automóveis! Nos reservamos no direito de corrigir eventuais erros no anúncio, bem como o preço em questão",452,False,True,False,False,False,False,0
56371947,False,,0,False,True,False,False,False,False,10
57215692,False,"Preço para venda à vista ou financiamento, consulte -nos em caso de troca. Reservamo-nos no direito de corrigir eventuais erros de digitação",140,False,False,False,False,False,False,0
56813920,False,"Preço para venda à vista ou financiamento, consulte -nos em caso de troca. Reservamo-nos no direito de corrigir eventuais erros de digitação",140,False,False,False,False,False,False,0
57440624,False,"Condição a vista ou Financiada. A Ame Seminovos é uma agência dedicada à VENDA, COMPRA, TROCA , CONSIGUINADO e FINANCIAMENTO de veículos multimarcas seminovos Nacionais e Importados, tendo a missao de estabelecer laços de confiança com nossos clientes, garantindo principalmente sua plena satisfação oferecendo preços justos e oferecer sempre qualidade em nosso atendimento. Trabalhamos com as melhores financiadoras do mercado sempre para ter uma melhor condição nas taxas de juros e aprovacao 100% de muitos creditos. Venha nos fazer uma visita conhece nosso show room e a qualidade dos nossos veiculos.",605,False,True,False,False,False,False,10
56768997,False,"No mercado de compra e venda de automóveis há mais 30, a Souzautos está localizada em uma das principais avenidas de entrada em Americana/SP Desde 1996 instalada em sua sede própria, a Souzautos trabalha com veículos novos e seminovos, nacionais e importados de todas as marcas, além da consignação e um sistema nacional de vendas de 0KM. Hoje contamos com uma equipe de vendedores capacitados e experientes para transformar seu sonho em um negócio seguro e duradouro. Nossa longa data no mercado nos fez ser conhecido e respeitado em toda região metropolitana de Campinas onde prezamos em fazer o melhor para os nossos clientes, garantindo a qualidade e a procedência de todos os veículos que vendemos com toda a garantia necessária. Junto aos melhores bancos e financeiras, oferecemos as melhores taxas de financiamento existente no mercado.",843,False,True,False,False,False,False,12
56921297,False,"A Unimais Veículos tem sido a referência em excelência e confiança no mercado de veículos em Campinas e Hortolândia. Com quatro lojas estrategicamente localizadas, sendo três em Campinas e uma em Hortolândia, oferecemos uma experiência única para nossos clientes. Nosso Compromisso: Variedade Excepcional: Com mais de 400 carros em estoque, nossa seleção abrange desde modelos clássicos até os mais recentes lançamentos. Encontrar o veículo perfeito é a nossa missão. 20 Anos de Expertise: Ao longo de duas décadas, cultivamos uma expertise inigualável no setor automotivo. Nossa equipe dedicada está pronta para oferecer orientação e suporte em cada passo do processo de compra. Proximidade e Comodidade: Com três lojas em Campinas e uma em Hortolândia, estamos sempre próximos para atender às suas necessidades. Visite-nos e descubra por que somos a escolha confiável de tantos clientes satisfeitos. Na Unimais Veículos, não vendemos apenas carros; entregamos sonhos sobre quatro rodas. Explore nosso estoque online ou visite uma de nossas lojas para começar sua jornada automotiva conosco. Seja bem-vindo à Unimais Veículos, onde sua satisfação é nossa prioridade.",1167,False,True,False,False,False,False,9
56749751,False,"A Unimais Veículos tem sido a referência em excelência e confiança no mercado de veículos em Campinas e Hortolândia. Com quatro lojas estrategicamente localizadas, sendo três em Campinas e uma em Hortolândia, oferecemos uma experiência única para nossos clientes. Nosso Compromisso: Variedade Excepcional: Com mais de 400 carros em estoque, nossa seleção abrange desde modelos clássicos até os mais recentes lançamentos. Encontrar o veículo perfeito é a nossa missão. 20 Anos de Expertise: Ao longo de duas décadas, cultivamos uma expertise inigualável no setor automotivo. Nossa equipe dedicada está pronta para oferecer orientação e suporte em cada passo do processo de compra. Proximidade e Comodidade: Com três lojas em Campinas e uma em Hortolândia, estamos sempre próximos para atender às suas necessidades. Visite-nos e descubra por que somos a escolha confiável de tantos clientes satisfeitos. Na Unimais Veículos, não vendemos apenas carros; entregamos sonhos sobre quatro rodas. Explore nosso estoque online ou visite uma de nossas lojas para começar sua jornada automotiva conosco. Seja bem-vindo à Unimais Veículos, onde sua satisfação é nossa prioridade.",1167,False,True,False,False,False,False,6
56897618,False,"A Unimais Veículos tem sido a referência em excelência e confiança no mercado de veículos em Campinas e Hortolândia. Com quatro lojas estrategicamente localizadas, sendo três em Campinas e uma em Hortolândia, oferecemos uma experiência única para nossos clientes. Nosso Compromisso: Variedade Excepcional: Com mais de 400 carros em estoque, nossa seleção abrange desde modelos clássicos até os mais recentes lançamentos. Encontrar o veículo perfeito é a nossa missão. 20 Anos de Expertise: Ao longo de duas décadas, cultivamos uma expertise inigualável no setor automotivo. Nossa equipe dedicada está pronta para oferecer orientação e suporte em cada passo do processo de compra. Proximidade e Comodidade: Com três lojas em Campinas e uma em Hortolândia, estamos sempre próximos para atender às suas necessidades. Visite-nos e descubra por que somos a escolha confiável de tantos clientes satisfeitos. Na Unimais Veículos, não vendemos apenas carros; entregamos sonhos sobre quatro rodas. Explore nosso estoque online ou visite uma de nossas lojas para começar sua jornada automotiva conosco. Seja bem-vindo à Unimais Veículos, onde sua satisfação é nossa prioridade.",1167,False,True,False,False,False,False,6
56897627,False,"A Unimais Veículos tem sido a referência em excelência e confiança no mercado de veículos em Campinas e Hortolândia. Com quatro lojas estrategicamente localizadas, sendo três em Campinas e uma em Hortolândia, oferecemos uma experiência única para nossos clientes. Nosso Compromisso: Variedade Excepcional: Com mais de 400 carros em estoque, nossa seleção abrange desde modelos clássicos até os mais recentes lançamentos. Encontrar o veículo perfeito é a nossa missão. 20 Anos de Expertise: Ao longo de duas décadas, cultivamos uma expertise inigualável no setor automotivo. Nossa equipe dedicada está pronta para oferecer orientação e suporte em cada passo do processo de compra. Proximidade e Comodidade: Com três lojas em Campinas e uma em Hortolândia, estamos sempre próximos para atender às suas necessidades. Visite-nos e descubra por que somos a escolha confiável de tantos clientes satisfeitos. Na Unimais Veículos, não vendemos apenas carros; entregamos sonhos sobre quatro rodas. Explore nosso estoque online ou visite uma de nossas lojas para começar sua jornada automotiva conosco. Seja bem-vindo à Unimais Veículos, onde sua satisfação é nossa prioridade.",1167,False,True,True,True,False,False,12
56972497,False,"A Unimais Veículos tem sido a referência em excelência e confiança no mercado de veículos em Campinas e Hortolândia. Com quatro lojas estrategicamente localizadas, sendo três em Campinas e uma em Hortolândia, oferecemos uma experiência única para nossos clientes. Nosso Compromisso: Variedade Excepcional: Com mais de 400 carros em estoque, nossa seleção abrange desde modelos clássicos até os mais recentes lançamentos. Encontrar o veículo perfeito é a nossa missão. 20 Anos de Expertise: Ao longo de duas décadas, cultivamos uma expertise inigualável no setor automotivo. Nossa equipe dedicada está pronta para oferecer orientação e suporte em cada passo do processo de compra. Proximidade e Comodidade: Com três lojas em Campinas e uma em Hortolândia, estamos sempre próximos para atender às suas necessidades. Visite-nos e descubra por que somos a escolha confiável de tantos clientes satisfeitos. Na Unimais Veículos, não vendemos apenas carros; entregamos sonhos sobre quatro rodas. Explore nosso estoque online ou visite uma de nossas lojas para começar sua jornada automotiva conosco. Seja bem-vindo à Unimais Veículos, onde sua satisfação é nossa prioridade.",1167,False,True,False,True,False,False,11
56359039,False,,0,False,True,True,True,False,False,20
57041421,False,"OPORTUNIDADE ABAIXO DA TABELA FIPE Este Hyundai HB20 Comfort Turbo 2024 entrega a união ideal entre performance dinâmica e tecnologia de ponta, proporcionando máximo conforto e eficiência em cada trajeto. Único dono, Laudo Cautelar 100% aprovado, Entrada Facilitada, Financiamento na loja sem custo de assessoria. Preço promocional para venda rápida.",350,False,True,True,False,False,False,12
57099173,False,"OPORTUNIDADE ABAIXO DA TABELA FIPE Este Hyundai HB20 Comfort Turbo 2024 entrega a união ideal entre performance dinâmica e tecnologia de ponta, proporcionando máximo conforto e eficiência em cada trajeto. Único dono, Laudo Cautelar 100% aprovado, Entrada Facilitada, Financiamento na loja sem custo de assessoria. Preço promocional para venda rápida.",350,False,True,True,False,False,False,11
57041503,False,"OPORTUNIDADE ABAIXO DA TABELA FIPE Este Hyundai HB20 Comfort Turbo 2024 entrega a união ideal entre performance dinâmica e tecnologia de ponta, proporcionando máximo conforto e eficiência em cada trajeto. Único dono, Laudo Cautelar 100% aprovado, Entrada Facilitada, Financiamento na loja sem custo de assessoria. Preço promocional para venda rápida.",350,False,True,True,False,False,False,12
57230950,False,,0,False,True,False,False,False,False,8
56692004,False,"HB20 Comf./C.Plus/C.Style 1.0 Flex 12V 2012/2013 **TJONES MOTORS** Aqui você encontra seminovos com qualidade, Garantia e cautelar 100% aprovado. Financiamos em até 60x com as melhores TAXAS do mercado, parcelamos sua entrada em até 21x nos cartões de credito, pegamos seu usado na troca com a melhor avaliação do mercado. NÂO PERCA TEMPO E ENTRE EM CONTATO COM UM DE NOSSOS CONSULTORES. Rua: Domício Pacheco e silva 1087 Jd campos eliseos Campinas-sp",451,False,True,False,False,False,False,12
56818017,False,"Trata-se de um carro muito bem conservado, completo e periciado!! Vale muito a pena conferir!! Temos excelentes condições de pagamento!! Vamos fazer contato para mais informações!! Desde já agradecemos sua atenção e preferência, nos colocamos à disposição para maiores esclarecimentos pessoalmente ou nos tels.: (12) 3322-7411 // Whatsapp (12) 98196-3587. Acesse nosso site: www.stopcarsatelite.com.br Informações complementares: Único Dono, IPVA Pago, Revisões Realizadas",472,False,True,True,True,False,False,11
57164132,False,@automarketveiculos Concessionária de veículos recreativos e Revenda de veículos! Melhores veículos da região! Veículos periciados! Troca e financia! (12)3122-2004 (12)97403-7520 www.automarketveiculos.com.br https://www.facebook.com/people/Automarket-Veiculos/pfbid02y8YYnnyCUvhxTDTvUdeCLVGyobVnTpTWxu6wYkS9QLzBHFfaQtksxWUP2YWHF6jxl/,334,False,True,False,True,False,False,13
57485492,False,,0,False,False,False,False,False,False,0
57495864,False,,0,False,False,False,False,False,False,0
57491493,False,,0,False,False,False,False,False,False,0
57485321,False,,0,False,False,False,False,False,False,0
57359672,False,"Se você está buscando um novo carro, não se arrisque e compre na Localiza Seminovos: carros com 360 itens verificados, garantia e procedência. Aqui você encontra a maior variedade de modelos do mercado, condições únicas de financiamento, entrada facilitada em até 10 vezes sem juros, carros revisados e com garantia de quilometragem real. Viabilizamos a troca do seu carro usado e entregamos seu novo carro na segurança de sua casa! Agende já seu atendimento.",459,False,True,False,False,False,False,5
56752485,False,"HYUNDAI HB20 UNIQUE 1.0 FLEX 12V MEC 2019! CARRO IMPECÁVEL, MUITO BONITO! ENTRADA FACILITADA EM ATÉ 12X NO CARTÃO DE CRÉDITO! ÓTIMAS TAXAS PARA FINANCIAMENTO. NÓS RESERVAMOS O DIREITO DE CORRIGIR POSSÍVEIS ERROS NA PUBLICAÇÃO.",226,False,True,False,False,False,False,7
57185377,False,"Em 1995 foi criado na cidade de Campinas um novo conceito em revenda de automóveis Zero Km e semi-novos. Onde o nosso método de trabalho é sempre voltado a você cliente e amigo, garantindo tranqüilidade, conforto, qualidade e principalmente a satisfação em adquirir um automóvel em nossa loja. o nosso diferencial foi e continua sendo o compromisso com a transparência. Sempre focando as necessidades, desejos e expectativas reais de nossos clientes. Contamos com 2 lojas uma em Campinas e outra em Hortolandia. Veja os endereços e os telefones das 2 unidades em nosso site www.neriveiculos.com.br Financiamento com as melhores taxas do mercado. Melhor avaliação do seu carro. Cobrimos qualquer oferta da concorrência, preço e parcelas, se o veículo da troca tiver a mesma qualidade e o valor do financiamento for o mesmo. Venha nos conhecer e tomar um café com a gente, não feche nenhum negócio antes de entrar em contato com a equipe da Neri Veículos.",953,False,False,False,False,False,False,0
57186275,False,"Em 1995 foi criado na cidade de Campinas um novo conceito em revenda de automóveis Zero Km e semi-novos. Onde o nosso método de trabalho é sempre voltado a você cliente e amigo, garantindo tranqüilidade, conforto, qualidade e principalmente a satisfação em adquirir um automóvel em nossa loja. o nosso diferencial foi e continua sendo o compromisso com a transparência. Sempre focando as necessidades, desejos e expectativas reais de nossos clientes. Contamos com 2 lojas uma em Campinas e outra em Hortolandia. Veja os endereços e os telefones das 2 unidades em nosso site www.neriveiculos.com.br Financiamento com as melhores taxas do mercado. Melhor avaliação do seu carro. Cobrimos qualquer oferta da concorrência, preço e parcelas, se o veículo da troca tiver a mesma qualidade e o valor do financiamento for o mesmo. Venha nos conhecer e tomar um café com a gente, não feche nenhum negócio antes de entrar em contato com a equipe da Neri Veículos.",953,False,False,False,False,False,False,0
56648400,False,"Em 1995 foi criado na cidade de Campinas um novo conceito em revenda de automóveis Zero Km e semi-novos. Onde o nosso método de trabalho é sempre voltado a você cliente e amigo, garantindo tranqüilidade, conforto, qualidade e principalmente a satisfação em adquirir um automóvel em nossa loja. o nosso diferencial foi e continua sendo o compromisso com a transparência. Sempre focando as necessidades, desejos e expectativas reais de nossos clientes. Contamos com 2 lojas uma em Campinas e outra em Hortolandia. Veja os endereços e os telefones das 2 unidades em nosso site www.neriveiculos.com.br Financiamento com as melhores taxas do mercado. Melhor avaliação do seu carro. Cobrimos qualquer oferta da concorrência, preço e parcelas, se o veículo da troca tiver a mesma qualidade e o valor do financiamento for o mesmo. Venha nos conhecer e tomar um café com a gente, não feche nenhum negócio antes de entrar em contato com a equipe da Neri Veículos.",953,False,False,False,False,False,False,0
56403969,False,"Uma Loja com mais de 29 Anos de Tradição!!! Veí­culos Revisados, Cautelar Aprovada e com Certificado de Garantia!!! Atendimento Personalizado, Ótima Avaliação de seu Usado, Troca com Troco, Excelentes Taxas de Financiamentos, Confira!! Thijuca Veí­culos, Além do que se vê!",273,False,True,False,True,False,False,11
57469136,False,"Estamos localizados em Cosmópolis há 15 anos, com respeito ao nossos clientes, com transparência, com produtos de mais alta qualidade e procedência, com uma equipe, muito bem treinada, e com um ótimo atendimento e buscando alcançar sempre o melhor para todos nossos clientes e amigos, Trabalhamos com carros semi-novo expostos na loja, e veículos 0km, a pronta entrega, com as melhores taxas de financiamento do mercado, e garantimos nossos veículos, com a garantia de motor e cambio, estamos sempre a disposição para atende- los 19-38124701 ou 19-97415-7767",558,False,True,True,False,False,False,7
56774315,False,,0,False,False,False,False,False,False,0
56631424,False,,0,False,False,False,False,False,False,0
56878344,False,hb20 1.6 Comfort Automatico 2019 74 mil quilometros ipva 2026 pago todo revisado manual e chave reserva cautelar aprovado para troca consulte,141,False,True,False,False,False,False,5
57354806,False,,0,False,True,False,False,False,False,9
56670923,False,,0,False,False,False,False,False,False,0
57280710,False,"Codive Chevrolet em Valinhos, Vinhedo e Campinas oferecendo o melhor para você na compra do seu seminovo multimarca ou Chevrolet 0km. Trabalhamos com financiamento em vários bancos buscando as melhores taxas e prazos para nossos clientes, e também aceitamos seu veículo na troca mediante avaliação. Seminovos com garantia de 03 meses, procedência, laudo de vistoria, revisados e com as melhores taxas. Venha tomar um café conosco, fazer um test drive e escolher seu próximo carro. NOS RESERVAMOS O DIREITO A POSSIVEIS ERROS DE DIGITAÇÃO E IMAGEM. #codive #grupohazul #gm #seminovos #revisados #estoque #multimarca",613,False,True,False,False,False,False,3
57354040,False,,0,False,False,False,False,False,False,0
56798280,False,,0,False,True,False,False,False,False,10
56639223,False,,0,False,False,False,False,False,False,0
56450516,False,"A mais de 30 anos vendendo com confianca, garantia e credibilidade para nossos clientes. A sua melhor loja no Guarujá, seja nosso cliente. Veículos OKM pronta entrega, consulte-nos.",181,False,True,False,True,False,False,11
56827164,False,"Aceito Troca, Bluetooth, Central Multimídia, Central Multimídia Bluetooth, Comandos no Volante, Ipva Pago, Rádio Bluetooth | ACEITAMOS TROCAS, PARCELAMOS EM ATÉ 24X NO CARTÃO E TEMOS ÓTIMAS TAXAS DE FINANCIAMENTO. DUVIDAS E NEGOCIAÇÃO? FAVOR ENTRAR EM CONTATO. ATENÇÃO! Devido a grande rotatividade em nosso estoque, solicitamos consultar nossa loja para certificar-se de que o veículo ainda se encontra sob nossos cuidados. Valores podem ter sido reajustados, favor confirmar. Obrigado pela compreensão. | [2434151]",516,False,True,False,True,False,False,3
56538425,False,,0,False,True,True,True,False,False,17
57169010,False,,0,False,False,False,False,False,False,0
56900205,False,"Hyundai Sinal, uma concessionária Grupo Sinal. O Grupo Sinal é uma tradicional rede de concessionárias com + de 30 anos de história e 40 lojas na grande São Paulo. Atualmente representa 10 grandes bandeiras: Fiat, Ford, Renault, Nissan, Honda, Hyundai, Chrysler, Jeep, Dodge e Ram, além de uma grande variedade de seminovos de todas as marcas. São mais de 4.500 ofertas de zero km e seminovos. Conte com um dos maiores distribuidores de veículos do Brasil, e com quem mais entende de carros. Conte com o Grupo Sinal.",516,False,False,False,False,False,False,0
57356759,False,"COM O SEU USADO NA TROCA *VALOR ANUNCIADO NA COR PRETA. *ITENS E KITS DE SÉRIE SUJEITO A ALTERAÇÕES SEM AVISO PRÉVIO DE ACORDO COM AS MUDANÇAS E POLÍTICAS DE CATÁLOGO DA MONTADORA. Consulte outras opções de cores e versões. Traga seu usado para uma avaliação. Consulte nossos Planos de Financiamento, com as melhores taxas do mercado. Carros a pronta entrega. Preços anunciados são válidos somente para veículos em estoque. Para veículos de encomenda, os preços devem ser consultados. Reservamos o direito de corrigir eventuais erros de digitação. Fotos ilustrativas.. Garantia de Fábrica.",589,False,True,False,True,False,False,6
57357658,False,"Hyundai Sinal, uma concessionária Grupo Sinal. O Grupo Sinal é uma tradicional rede de concessionárias com + de 30 anos de história e 40 lojas na grande São Paulo. Atualmente representa 10 grandes bandeiras: Fiat, Ford, Renault, Nissan, Honda, Hyundai, Chrysler, Jeep, Dodge e Ram, além de uma grande variedade de seminovos de todas as marcas. São mais de 4.500 ofertas de zero km e seminovos. Conte com um dos maiores distribuidores de veículos do Brasil, e com quem mais entende de carros. Conte com o Grupo Sinal.",516,False,False,False,False,False,False,0
57396331,False,"*VALOR COM O SEU VEÍCULO USADO NA TROCA* VALOR NA COR PRETA ITENS E KITS DE SÉRIE SUJEITO A ALTERAÇÕES SEM AVISO PRÉVIO DE ACORDO COM AS MUDANÇAS E POLÍTICAS DE CATÁLOGO DA MONTADORA. Consulte outras opções de cores e versões e traga seu usado para uma avaliação. Consulte nossos Planos de Financiamento, com as melhores taxas do mercado. Reservamos o direito de corrigir eventuais erros de digitação.",401,False,False,False,False,False,False,0
56641914,False,"R$ 114990,00 COM SEU USADO NA TROCA **COMPLETO/ CAMBIO AUTÔMATICO DE 6 MARCHAS / 06 AIR BAGS/ CONTORLE ESTABILIDADE DE TRAÇÃO E ASSITENTE DE PARTIDA EM RAMPA / DRL FARÓIS DE LUZ DIURNA / PILOTO AUTOMATICO E LIMITADOR DE VELOCIDADE / RADIO BLUELINK DE 8 POLEGADAS COM CONTROLES NO VOLANTE E ENTRADA USB/ RODAS DE LIGA LEVE ARO 16 /ALARME PERIMETRICO/ VODROS ELÉTRICOS TRASEIROS / RETROVISORES EXTERNOS ELÉTRICOS / CHAVE CANIVETE COM TELE COMANDO / ESPELHAMENTO SEM FIO PARA ANDROID AUTO E APPLE CARPLAY COM COMANDO DE VOZ / CAMERA E SENSOR DE RÉ / ASSENDIMENTO AUTOMATICO DE FARÓIS / FARÓIS DE NEBLINA/ LANTERNAS EM LED/GRADE FRONTAL BLACK PIANO/PAINEL DIGITAL/ CHAVE DE PRESENÇA COM PARTIDA DE MOTOR PELA CHAVE. Garantia de Fábrica.",732,False,False,True,True,False,False,0
57396327,False,"Hyundai Sinal, uma concessionária Grupo Sinal. O Grupo Sinal é uma tradicional rede de concessionárias com + de 30 anos de história e 40 lojas na grande São Paulo. Atualmente representa 10 grandes bandeiras: Fiat, Ford, Renault, Nissan, Honda, Hyundai, Chrysler, Jeep, Dodge e Ram, além de uma grande variedade de seminovos de todas as marcas. São mais de 4.500 ofertas de zero km e seminovos. Conte com um dos maiores distribuidores de veículos do Brasil, e com quem mais entende de carros. Conte com o Grupo Sinal.",516,False,False,False,False,False,False,0
56872811,False,"LIGUE-NOS AGORA, PABX 36990009, ZAP(011) 947772990 - GARANTIA DE PROCEDENCIA E QUALIDADE, TODOS CARROS SAO PERICIADOS CAUTELARMENTE. PREÇOS IMBATÍVEIS, TODAS AS FINANCEIRAS FÁCIL NA HORA. A CERTEZA DO MELHOR NEGÓCIO EM SP. AV LUIZ IGNACIO DE ANHAIA MELLO, 5175 VILA PRUDENTE, ESTAÇAO SAO LUCAS VILA EMA SP",305,False,True,True,True,False,False,21
56618697,False,,0,False,True,False,True,False,False,11
56731061,False,,0,False,True,False,False,False,False,0
56928588,False,,0,False,True,False,False,False,False,5
56584598,False,,0,False,False,False,False,False,False,0
56937608,False,,0,False,True,True,True,False,False,10
56907516,False,"�� HB20 1.6 Premium Automático 2015/2016 Veículo completo, confortável e com excelente desempenho! Ideal para quem busca praticidade no dia a dia sem abrir mão de estilo. �� Motorização 1.6 Flex com ótimo equilíbrio entre potência e economia �� Câmbio automático suave e confortável �� Versão Premium - topo de linha ✨ Destaque especial: �� Interior em couro na cor terracota - acabamento sofisticado e diferenciado �� Apenas 46.780 km - baixa quilometragem, carro muito bem conservado ✨ Principais opcionais: ✔️ Direção elétrica ✔️ Ar-condicionado ✔️ Vidros elétricos nas 4 portas ✔️ Travas elétricas ✔️ Retrovisores elétricos com rebatimento ✔️ Central multimídia ✔️ Volante multifuncional ✔️ Airbags frontais ✔️ Freios ABS com EBD ✔️ Rodas de liga leve ✔️ Sensor de estacionamento �� Laudo cautelar aprovado - total procedência e segurança na compra Um hatch moderno da Hyundai, conhecido pela confiabilidade e ótimo custo-benefício. �� Ótima oportunidade - carro pronto para uso! �� Comercial: (11) 4476-1803 �� WhatsApp: (11) 94794-3831 �� Reservamo-nos o direito de corrigir possíveis erros de digitação",1109,False,True,True,True,False,False,7
56904310,False,"⚫️HYUNDAI HB20 2017⚪ Motor 1.0�� -Câmbio manual -151.000 km -Direção elétrica -Volante Multifuncional -Vidros/Retrovisores e travas elétricas -Interior Impecável -Som original -Ar Condicionado -4 Pneus em ótimos estados -Laudo Cautelar aprovado��✅ R$51.900,00",259,False,True,False,False,False,False,0
56782573,False,"⚫ Hyundai HB20 2018 AT⚪ Motor 1.6 �� -Câmbio Automático -123.000km -Direção Hidráulica -Volante Multifuncional -Vidros/ Retrovisores e travas elétricas -Multimídia -Farol De Milha -Bancos de couro -Rodas de liga leve -Interior Impecável -Ar Condicionado digital -4 Pneus em ótimo estado -Laudo Cautelar aprovado��✅ R$69.900,00 Fácil aprovação�� ��Rua: Maria Amália Lopes de Azevedo n°4088 jaçanã -ZN.",400,False,True,False,True,False,False,0
56830019,False,"⚫️HYUNDAI HB20 2025⚪ Motor 1.0�� -Câmbio Manual -47.000 km -Direção elétrica -Vidros/ retrovisores e travas elétricas -Interior Impecável -Ar Condicionado -4 Pneus novos -Laudo Cautelar aprovado��✅ R$74.900,00 Fácil aprovação�� ��Rua: Maria Amália Lopes de Azevedo n°4088 jaçanã -ZN.",283,False,True,False,False,False,False,0
57452679,False,"A Royal Motors detém como princípios a total transparência e excelência no atendimento ao cliente, possuímos as melhores opções de parcelamento e as taxas de juros mais baixas do mercado, encontre aqui a melhor condição para a compra do seu carro, carros periciados e aprovados, 3 meses até 1 ano de garantia de motor e câmbio, agende sua visita com um dos nossos vendedores, veículos a pronta entrega, parcelamos sua entrada em 18x.",433,False,True,True,True,False,False,18
57495537,False,"Laudo Cautelar Aprovado! Veículo cuidadosamente selecionado, com excelente estado de conservação e procedência. Ideal para quem busca segurança, qualidade e tranquilidade na compra. · Veículos com preço imbatível e qualidade surpreendente · Procedência garantida · Documentação em dia Facilitamos sua compra: · Financiamento com ou sem entrada · Taxas competitivas e alta aprovação · Parcelamento no cartão em até 24x (juros da operadora) Defendi Automóveis Mais de 35 anos de tradição no mercado. Empresa familiar com mais de 70 veículos em estoque, oferecendo qualidade, confiança e excelente atendimento.",607,False,True,False,False,False,False,9
57497479,False,,0,False,False,False,False,False,False,0
56573257,False,,0,False,False,False,False,False,False,0
57495494,False,,0,False,True,True,True,False,False,10
56887314,False,,0,False,True,False,True,False,False,11
56824096,False,,0,False,True,False,False,False,False,4
56869845,False,,0,False,False,False,False,False,False,0
56650226,False,"Preço para venda à vista ou financiamento, consulte -nos em caso de troca. Reservamo-nos no direito de corrigir eventuais erros de digitação.",141,False,False,False,False,False,False,0
57359336,False,,0,False,True,False,False,False,False,4
56287843,False,"Aproveite agora mesmo as condições que a Miguel Motors oferece para a compra do seu carro novo, venha nos visitar! Atuamos no mercado desde 1999 com grande variedade de veículos e com as melhores condições, sempre prezando pelo melhor atendimento ao nosso cliente. - Facilitamos a entrada no cartão de crédito, parcelamento até 24x (consultar taxa) - Laudo Cautelar aprovado - Aceitamos o seu usado na troca - Financiamento com os principais bancos, com ou sem entrada - Simulação On-line *Nos reservamos a possíveis erros de digitação Observação: valor do anuncio permanece para pagamento a vista ou financiado, envolvendo troca permanece o valor do site da MIGUEL MOTORS.",673,False,True,True,True,False,False,21
57391686,False,,0,False,True,False,True,False,False,4
56857530,False,,0,False,True,False,False,False,False,11
56307620,False,,0,False,False,False,False,False,False,0
57501586,False,,0,False,False,False,False,False,False,0
56904694,False,"Chave Reserva, Baixa km, Feito Vistoria Cautelar HYUNDAI- HB20 1.0 SENSE 2023/2024 45.905KM MANUAL CHAVE RESERVA",112,False,True,False,False,False,False,7
57393398,False,"Toriba Volkswagen na Pompéia, há mais de 30 anos fazendo negócios, veículos periciados e aprovados conforme laudo. Aceitamos o seu semi-novo como parte de pagamento, entrada facilitada no cartão de crédito, condições especiais de financiamento, Troco na troca, venha fazer uma visita, vários modelos e marcas em estoque, efetuamos também simples compra.Reservamo-nos o direito a correção de possíveis erros de digitação.. Licenciado.",433,False,True,False,False,False,False,6
56726624,False,"* IPVA GRÁTIS * O Grupo T-Line está há mais de 30 anos comercializando os melhores veículos seminovos. Detentora das marcas como: Jeep, Ram e a PRIMEIRA TOYOTA da américa Latina. Aqui você encontra Veículos com procedência e qualidade. Quer segurança? compre no Grupo TLINE. *Fazemos o Check Up de entrega * Aceitamos cartão de crédito. * Trabalhamos com as melhores Financeiras. Temos as melhores taxas de mercado. * Pegamos o seu seminovo a base de troca. * Fazemos a troca com troco. * Só trabalhamos com veículos Aprovados em Laudo Cautelar. * RESERVAMOS O DIREITO DE CORRIGIR POSSÍVEIS ERROS DE DIGITAÇÃO. * VALOR SUJEITO ALTERAÇAO SEM AVISO PREVIO. | [2534947]",666,False,True,False,False,False,False,7
56726628,False,"* IPVA GRÁTIS * O Grupo T-Line está há mais de 30 anos comercializando os melhores veículos seminovos. Detentora das marcas como: Jeep, Ram e a PRIMEIRA TOYOTA da américa Latina. Aqui você encontra Veículos com procedência e qualidade. Quer segurança? compre no Grupo TLINE. *Fazemos o Check Up de entrega * Aceitamos cartão de crédito. * Trabalhamos com as melhores Financeiras. Temos as melhores taxas de mercado. * Pegamos o seu seminovo a base de troca. * Fazemos a troca com troco. * Só trabalhamos com veículos Aprovados em Laudo Cautelar. * RESERVAMOS O DIREITO DE CORRIGIR POSSÍVEIS ERROS DE DIGITAÇÃO. * VALOR SUJEITO ALTERAÇAO SEM AVISO PREVIO. | [2534944]",666,False,True,False,False,False,False,7
57392777,False,,0,False,True,False,False,False,False,10
56848073,False,,0,False,True,True,True,False,False,14
56459217,False,,0,False,True,False,False,False,False,4
56459234,False,,0,False,True,False,False,False,False,4
56366046,False,"Se você está buscando um novo carro, não se arrisque e compre na Localiza Seminovos: carros com 360 itens verificados, garantia e procedência. Aqui você encontra a maior variedade de modelos do mercado, condições únicas de financiamento, entrada facilitada em até 10 vezes sem juros, carros revisados e com garantia de quilometragem real. Viabilizamos a troca do seu carro usado e entregamos seu novo carro na segurança de sua casa! Agende já seu atendimento.",459,False,True,False,False,False,False,3
57477565,False,,0,False,False,False,False,False,False,0
57490252,False,,0,False,False,False,False,False,False,0
57477601,False,,0,False,False,False,False,False,False,0
57229594,False,,0,False,True,True,True,False,False,10
56746294,False,,0,False,True,False,False,False,False,8
57298710,False,"A Villa Norte Veículos é uma loja conceituada no mercado automobilístico, com 16 anos de experiência, localizada em São José dos Campos. Nossa trajetória é marcada pela credibilidade, transparência, confiança e preços justos, conquistando a satisfação de nossos clientes ao longo dos anos. Iniciamos nossa história com nossa matriz na Zona Leste de São José dos Campos e, graças ao nosso compromisso em oferecer o melhor atendimento e qualidade, expandimos nossas operações para atender também os clientes da Zona Sul e de toda a cidade. Hoje, contamos com três lojas disponíveis, reafirmando nosso objetivo de ser a melhor opção na compra de veículos na região. Nossos profissionais são altamente capacitados e estão sempre prontos para auxiliar na escolha do carro ideal para cada cliente, garantindo um atendimento personalizado e eficiente. A Villa Norte Veículos se orgulha de ser uma referência no setor e de contribuir para a realização dos sonhos de mobilidade de inúmeras famílias. Visite uma de nossas lojas e comprove a qualidade e excelência dos serviços prestados pela Villa Norte Veículos. Estamos à disposição para ajudá-lo a encontrar o veículo perfeito, com a segurança e a satisfação que você merece.",1218,False,False,False,False,False,False,0
57020112,False,"A Villa Norte Veículos é uma loja conceituada no mercado automobilístico, com 16 anos de experiência, localizada em São José dos Campos. Nossa trajetória é marcada pela credibilidade, transparência, confiança e preços justos, conquistando a satisfação de nossos clientes ao longo dos anos. Iniciamos nossa história com nossa matriz na Zona Leste de São José dos Campos e, graças ao nosso compromisso em oferecer o melhor atendimento e qualidade, expandimos nossas operações para atender também os clientes da Zona Sul e de toda a cidade. Hoje, contamos com três lojas disponíveis, reafirmando nosso objetivo de ser a melhor opção na compra de veículos na região. Nossos profissionais são altamente capacitados e estão sempre prontos para auxiliar na escolha do carro ideal para cada cliente, garantindo um atendimento personalizado e eficiente. A Villa Norte Veículos se orgulha de ser uma referência no setor e de contribuir para a realização dos sonhos de mobilidade de inúmeras famílias. Visite uma de nossas lojas e comprove a qualidade e excelência dos serviços prestados pela Villa Norte Veículos. Estamos à disposição para ajudá-lo a encontrar o veículo perfeito, com a segurança e a satisfação que você merece.",1218,False,False,False,False,False,False,0
56733138,False,,0,False,True,False,True,False,False,17
56284059,False,,0,False,True,True,True,False,False,21
56634790,False,,0,False,True,False,False,False,False,4
57477447,False,,0,False,False,False,False,False,False,0
57490180,False,,0,False,False,False,False,False,False,0
57477527,False,,0,False,False,False,False,False,False,0
57477558,False,,0,False,False,False,False,False,False,0
57485981,False,,0,False,False,False,False,False,False,0
57490179,False,,0,False,False,False,False,False,False,0
57486193,False,,0,False,False,False,False,False,False,0
57477553,False,,0,False,False,False,False,False,False,0
57485962,False,,0,False,False,False,False,False,False,0
57477504,False,,0,False,False,False,False,False,False,0
56530414,False,OPORTUNIDADE VEICULO COM TOTAL PROCEDENCIA DOCUMENTACAO EM DIA POSSUI MANUAL DO PROPRIETARIO E CHAVE RESERVA GARANTIA DE TRES MESES PARA MOTOR E CAMBIO TAXAS E PLANOS ESPECIAIS PARA FINANCIAMENTO ENTRADA FACILITADA EM ATE 12X NO CARTAO DE CREDITO,246,False,False,True,True,False,False,6
56756872,False,"A Unimais Veículos tem sido a referência em excelência e confiança no mercado de veículos em Campinas e Hortolândia. Com quatro lojas estrategicamente localizadas, sendo três em Campinas e uma em Hortolândia, oferecemos uma experiência única para nossos clientes. Nosso Compromisso: Variedade Excepcional: Com mais de 400 carros em estoque, nossa seleção abrange desde modelos clássicos até os mais recentes lançamentos. Encontrar o veículo perfeito é a nossa missão. 20 Anos de Expertise: Ao longo de duas décadas, cultivamos uma expertise inigualável no setor automotivo. Nossa equipe dedicada está pronta para oferecer orientação e suporte em cada passo do processo de compra. Proximidade e Comodidade: Com três lojas em Campinas e uma em Hortolândia, estamos sempre próximos para atender às suas necessidades. Visite-nos e descubra por que somos a escolha confiável de tantos clientes satisfeitos. Na Unimais Veículos, não vendemos apenas carros; entregamos sonhos sobre quatro rodas. Explore nosso estoque online ou visite uma de nossas lojas para começar sua jornada automotiva conosco. Seja bem-vindo à Unimais Veículos, onde sua satisfação é nossa prioridade.",1167,False,True,False,False,False,False,13
57236773,False,"A Unimais Veículos tem sido a referência em excelência e confiança no mercado de veículos em Campinas e Hortolândia. Com quatro lojas estrategicamente localizadas, sendo três em Campinas e uma em Hortolândia, oferecemos uma experiência única para nossos clientes. Nosso Compromisso: Variedade Excepcional: Com mais de 400 carros em estoque, nossa seleção abrange desde modelos clássicos até os mais recentes lançamentos. Encontrar o veículo perfeito é a nossa missão. 20 Anos de Expertise: Ao longo de duas décadas, cultivamos uma expertise inigualável no setor automotivo. Nossa equipe dedicada está pronta para oferecer orientação e suporte em cada passo do processo de compra. Proximidade e Comodidade: Com três lojas em Campinas e uma em Hortolândia, estamos sempre próximos para atender às suas necessidades. Visite-nos e descubra por que somos a escolha confiável de tantos clientes satisfeitos. Na Unimais Veículos, não vendemos apenas carros; entregamos sonhos sobre quatro rodas. Explore nosso estoque online ou visite uma de nossas lojas para começar sua jornada automotiva conosco. Seja bem-vindo à Unimais Veículos, onde sua satisfação é nossa prioridade.",1167,False,True,False,False,False,False,7
56757079,False,"A Unimais Veículos tem sido a referência em excelência e confiança no mercado de veículos em Campinas e Hortolândia. Com quatro lojas estrategicamente localizadas, sendo três em Campinas e uma em Hortolândia, oferecemos uma experiência única para nossos clientes. Nosso Compromisso: Variedade Excepcional: Com mais de 400 carros em estoque, nossa seleção abrange desde modelos clássicos até os mais recentes lançamentos. Encontrar o veículo perfeito é a nossa missão. 20 Anos de Expertise: Ao longo de duas décadas, cultivamos uma expertise inigualável no setor automotivo. Nossa equipe dedicada está pronta para oferecer orientação e suporte em cada passo do processo de compra. Proximidade e Comodidade: Com três lojas em Campinas e uma em Hortolândia, estamos sempre próximos para atender às suas necessidades. Visite-nos e descubra por que somos a escolha confiável de tantos clientes satisfeitos. Na Unimais Veículos, não vendemos apenas carros; entregamos sonhos sobre quatro rodas. Explore nosso estoque online ou visite uma de nossas lojas para começar sua jornada automotiva conosco. Seja bem-vindo à Unimais Veículos, onde sua satisfação é nossa prioridade.",1167,False,True,False,False,False,False,6
56554830,False,"A Unimais Veículos tem sido a referência em excelência e confiança no mercado de veículos em Campinas e Hortolândia. Com quatro lojas estrategicamente localizadas, sendo três em Campinas e uma em Hortolândia, oferecemos uma experiência única para nossos clientes. Nosso Compromisso: Variedade Excepcional: Com mais de 400 carros em estoque, nossa seleção abrange desde modelos clássicos até os mais recentes lançamentos. Encontrar o veículo perfeito é a nossa missão. 20 Anos de Expertise: Ao longo de duas décadas, cultivamos uma expertise inigualável no setor automotivo. Nossa equipe dedicada está pronta para oferecer orientação e suporte em cada passo do processo de compra. Proximidade e Comodidade: Com três lojas em Campinas e uma em Hortolândia, estamos sempre próximos para atender às suas necessidades. Visite-nos e descubra por que somos a escolha confiável de tantos clientes satisfeitos. Na Unimais Veículos, não vendemos apenas carros; entregamos sonhos sobre quatro rodas. Explore nosso estoque online ou visite uma de nossas lojas para começar sua jornada automotiva conosco. Seja bem-vindo à Unimais Veículos, onde sua satisfação é nossa prioridade.",1167,False,True,False,False,False,False,7
56801353,False,"A Unimais Veículos tem sido a referência em excelência e confiança no mercado de veículos em Campinas e Hortolândia. Com quatro lojas estrategicamente localizadas, sendo três em Campinas e uma em Hortolândia, oferecemos uma experiência única para nossos clientes. Nosso Compromisso: Variedade Excepcional: Com mais de 400 carros em estoque, nossa seleção abrange desde modelos clássicos até os mais recentes lançamentos. Encontrar o veículo perfeito é a nossa missão. 20 Anos de Expertise: Ao longo de duas décadas, cultivamos uma expertise inigualável no setor automotivo. Nossa equipe dedicada está pronta para oferecer orientação e suporte em cada passo do processo de compra. Proximidade e Comodidade: Com três lojas em Campinas e uma em Hortolândia, estamos sempre próximos para atender às suas necessidades. Visite-nos e descubra por que somos a escolha confiável de tantos clientes satisfeitos. Na Unimais Veículos, não vendemos apenas carros; entregamos sonhos sobre quatro rodas. Explore nosso estoque online ou visite uma de nossas lojas para começar sua jornada automotiva conosco. Seja bem-vindo à Unimais Veículos, onde sua satisfação é nossa prioridade.",1167,False,True,True,False,False,False,8
57160024,False,"A Unimais Veículos tem sido a referência em excelência e confiança no mercado de veículos em Campinas e Hortolândia. Com quatro lojas estrategicamente localizadas, sendo três em Campinas e uma em Hortolândia, oferecemos uma experiência única para nossos clientes. Nosso Compromisso: Variedade Excepcional: Com mais de 400 carros em estoque, nossa seleção abrange desde modelos clássicos até os mais recentes lançamentos. Encontrar o veículo perfeito é a nossa missão. 20 Anos de Expertise: Ao longo de duas décadas, cultivamos uma expertise inigualável no setor automotivo. Nossa equipe dedicada está pronta para oferecer orientação e suporte em cada passo do processo de compra. Proximidade e Comodidade: Com três lojas em Campinas e uma em Hortolândia, estamos sempre próximos para atender às suas necessidades. Visite-nos e descubra por que somos a escolha confiável de tantos clientes satisfeitos. Na Unimais Veículos, não vendemos apenas carros; entregamos sonhos sobre quatro rodas. Explore nosso estoque online ou visite uma de nossas lojas para começar sua jornada automotiva conosco. Seja bem-vindo à Unimais Veículos, onde sua satisfação é nossa prioridade.",1167,False,True,False,True,False,False,8
56897613,False,"A Unimais Veículos tem sido a referência em excelência e confiança no mercado de veículos em Campinas e Hortolândia. Com quatro lojas estrategicamente localizadas, sendo três em Campinas e uma em Hortolândia, oferecemos uma experiência única para nossos clientes. Nosso Compromisso: Variedade Excepcional: Com mais de 400 carros em estoque, nossa seleção abrange desde modelos clássicos até os mais recentes lançamentos. Encontrar o veículo perfeito é a nossa missão. 20 Anos de Expertise: Ao longo de duas décadas, cultivamos uma expertise inigualável no setor automotivo. Nossa equipe dedicada está pronta para oferecer orientação e suporte em cada passo do processo de compra. Proximidade e Comodidade: Com três lojas em Campinas e uma em Hortolândia, estamos sempre próximos para atender às suas necessidades. Visite-nos e descubra por que somos a escolha confiável de tantos clientes satisfeitos. Na Unimais Veículos, não vendemos apenas carros; entregamos sonhos sobre quatro rodas. Explore nosso estoque online ou visite uma de nossas lojas para começar sua jornada automotiva conosco. Seja bem-vindo à Unimais Veículos, onde sua satisfação é nossa prioridade.",1167,False,True,False,False,False,False,6
56897617,False,"A Unimais Veículos tem sido a referência em excelência e confiança no mercado de veículos em Campinas e Hortolândia. Com quatro lojas estrategicamente localizadas, sendo três em Campinas e uma em Hortolândia, oferecemos uma experiência única para nossos clientes. Nosso Compromisso: Variedade Excepcional: Com mais de 400 carros em estoque, nossa seleção abrange desde modelos clássicos até os mais recentes lançamentos. Encontrar o veículo perfeito é a nossa missão. 20 Anos de Expertise: Ao longo de duas décadas, cultivamos uma expertise inigualável no setor automotivo. Nossa equipe dedicada está pronta para oferecer orientação e suporte em cada passo do processo de compra. Proximidade e Comodidade: Com três lojas em Campinas e uma em Hortolândia, estamos sempre próximos para atender às suas necessidades. Visite-nos e descubra por que somos a escolha confiável de tantos clientes satisfeitos. Na Unimais Veículos, não vendemos apenas carros; entregamos sonhos sobre quatro rodas. Explore nosso estoque online ou visite uma de nossas lojas para começar sua jornada automotiva conosco. Seja bem-vindo à Unimais Veículos, onde sua satisfação é nossa prioridade.",1167,False,True,True,True,False,False,12
56917881,False,"A Unimais Veículos tem sido a referência em excelência e confiança no mercado de veículos em Campinas e Hortolândia. Com quatro lojas estrategicamente localizadas, sendo três em Campinas e uma em Hortolândia, oferecemos uma experiência única para nossos clientes. Nosso Compromisso: Variedade Excepcional: Com mais de 400 carros em estoque, nossa seleção abrange desde modelos clássicos até os mais recentes lançamentos. Encontrar o veículo perfeito é a nossa missão. 20 Anos de Expertise: Ao longo de duas décadas, cultivamos uma expertise inigualável no setor automotivo. Nossa equipe dedicada está pronta para oferecer orientação e suporte em cada passo do processo de compra. Proximidade e Comodidade: Com três lojas em Campinas e uma em Hortolândia, estamos sempre próximos para atender às suas necessidades. Visite-nos e descubra por que somos a escolha confiável de tantos clientes satisfeitos. Na Unimais Veículos, não vendemos apenas carros; entregamos sonhos sobre quatro rodas. Explore nosso estoque online ou visite uma de nossas lojas para começar sua jornada automotiva conosco. Seja bem-vindo à Unimais Veículos, onde sua satisfação é nossa prioridade.",1167,False,True,False,True,False,False,11
57246144,False,"A Unimais Veículos tem sido a referência em excelência e confiança no mercado de veículos em Campinas e Hortolândia. Com quatro lojas estrategicamente localizadas, sendo três em Campinas e uma em Hortolândia, oferecemos uma experiência única para nossos clientes. Nosso Compromisso: Variedade Excepcional: Com mais de 400 carros em estoque, nossa seleção abrange desde modelos clássicos até os mais recentes lançamentos. Encontrar o veículo perfeito é a nossa missão. 20 Anos de Expertise: Ao longo de duas décadas, cultivamos uma expertise inigualável no setor automotivo. Nossa equipe dedicada está pronta para oferecer orientação e suporte em cada passo do processo de compra. Proximidade e Comodidade: Com três lojas em Campinas e uma em Hortolândia, estamos sempre próximos para atender às suas necessidades. Visite-nos e descubra por que somos a escolha confiável de tantos clientes satisfeitos. Na Unimais Veículos, não vendemos apenas carros; entregamos sonhos sobre quatro rodas. Explore nosso estoque online ou visite uma de nossas lojas para começar sua jornada automotiva conosco. Seja bem-vindo à Unimais Veículos, onde sua satisfação é nossa prioridade.",1167,False,True,True,True,False,False,15
57392724,False,,0,False,True,False,False,False,False,9
56834659,False,"Estamos à sua disposição para quaisquer duvidas. (019) 98700-7193 WHATSAP OU 197805-3247 Veículos com garantia de motor e cambio,com procedência e qualidade no mercado,não tenha medo de fazer negócios com a gente,e pense único que não perde valor é semi-novo adquira já o seu com qualidade.",290,False,True,False,False,False,False,7
57416539,False,,0,False,False,False,False,False,False,0
56590632,False,,0,False,False,False,False,False,False,0
57195416,False,"MC TOTAL VEÍCULOS. Comprar com confiança é aqui! Veículos com laudo cautelar aprovado, não trabalhamos com veículos de leilão ou sinistrado.Todos os veículo saem com troca de óleo, filtro e correia dentada, caso necessário. Garantia de motor e cambio. NÓS RESERVAMOS O DIREITO DE CORRIGIR, POSSÍVEIS ERROS DE DIGITAÇÃO E/OU PUBLICAÇÃO! VALOR DO VEICULO APENAS Á VISTA! *CPF compatível, crédito sujeito a análise.100% dos clientes satisfeitos com o melhor atendimento de Campinas. Vem pra cá você também!. Garantia de Fábrica. IPVA Pago. Revisões na Concessionária.",564,False,True,False,False,False,False,6
56431013,False,"MC TOTAL VEÍCULOS. Comprar com confiança é aqui! Veículos com laudo cautelar aprovado, não trabalhamos com veículos de leilão ou sinistrado.Todos os veículo saem com troca de óleo, filtro e correia dentada, caso necessário. Garantia de motor e cambio. NÓS RESERVAMOS O DIREITO DE CORRIGIR, POSSÍVEIS ERROS DE DIGITAÇÃO E/OU PUBLICAÇÃO! VALOR DO VEICULO APENAS Á VISTA! *CPF compatível, crédito sujeito a análise.100% dos clientes satisfeitos com o melhor atendimento de Campinas. Vem pra cá você também!. Garantia de Fábrica. IPVA Pago. Revisões na Concessionária.",564,False,True,False,False,False,False,8
56747440,False,"MC TOTAL VEÍCULOS. Comprar com confiança é aqui! Veículos com laudo cautelar aprovado, não trabalhamos com veículos de leilão ou sinistrado.Todos os veículo saem com troca de óleo, filtro e correia dentada, caso necessário. Garantia de motor e cambio. NÓS RESERVAMOS O DIREITO DE CORRIGIR, POSSÍVEIS ERROS DE DIGITAÇÃO E/OU PUBLICAÇÃO! VALOR DO VEICULO APENAS Á VISTA! *CPF compatível, crédito sujeito a análise.100% dos clientes satisfeitos com o melhor atendimento de Campinas. Vem pra cá você também!. Garantia de Fábrica. IPVA Pago. Revisões na Concessionária.",564,False,False,True,False,False,False,9
57450069,False,,0,False,False,False,False,False,False,0
56905641,False,,0,False,True,False,True,False,False,10
56878728,False,,0,False,False,False,False,False,False,0
56743052,False,,0,False,True,False,False,False,False,3
56753918,False,,0,False,False,False,False,False,False,0
56051630,False,"Veículo em ótimo estado | Laudo aprovado | Km baixa Oportunidade para quem busca um carro bem conservado e com procedência garantida. Laudo de vistoria aprovado, quilometragem baixa e tudo pronto para rodar. Trabalhamos com financiamento pelas melhores taxas do mercado e aceitamos parcelamento da entrada no cartão de crédito, facilitando ao máximo sua compra. Venha nos visitar, tomar um café e fechar negócio com total tranquilidade. Transparência em cada etapa do processo.",477,False,True,False,False,False,False,10
56853316,False,"Grupo Premier Veículos está há 41 anos no mercado, com 3 lojas localizadas na cidade de Vinhedo. No Grupo Premier Veículos, você encontra veículos nacionais e importados, 0KM e seminovos, sistema de troca com troco, refinanciamento para o seu próprio veículo, venda em consignação (seu carro é vendido pelo melhor preço do mercado), financiamento para autônomos e pensionistas, trabalhamos em parceria com os melhores Bancos e Financeiras do mercado, oferecendo assim taxas diferencidas aos nossos clientes. Trabalhamos com serviço de despachante credenciados a loja, para que você não tenha nenhuma preocupação quando for comprar seu veículo conosco.",651,False,True,False,True,False,False,9
57095873,False,"A Joudvel está no mercado automotivo desde 1989, com sede própria e um Show Room de 1500m². Nossos veículos são de procedência garantida, em ótimo estado e principalmente, um preço justo, para que você possa sempre fazer o melhor negócio. Comercializamos veículos novos, seminovos,zero KM, importados e nacionais, todos revisados e com garantia. Desenvolvemos nossos trabalhos focados em satisfazer as necessidades de nossos clientes. Venha, faça-nos uma visita e comprove a qualidade de nossos veículos.Temos uma excelente e moderna instalação, para proporcionar o que há de melhor em conforto para você e sua família. Mais do que carros vendemos realizações, sempre buscando obter a excelência em cada detalhe.",712,False,True,False,True,False,False,7
57455446,False,"Se você está buscando um novo carro, não se arrisque e compre na Localiza Seminovos: carros com 360 itens verificados, garantia e procedência. Aqui você encontra a maior variedade de modelos do mercado, condições únicas de financiamento, entrada facilitada em até 10 vezes sem juros, carros revisados e com garantia de quilometragem real. Viabilizamos a troca do seu carro usado e entregamos seu novo carro na segurança de sua casa! Agende já seu atendimento.",459,False,True,False,False,False,False,4
57496359,False,,0,False,False,False,False,False,False,0
57455386,False,,0,False,True,False,False,False,False,4
56688057,False,"Se você está buscando um novo carro, não se arrisque e compre na Localiza Seminovos: carros com 360 itens verificados, garantia e procedência. Aqui você encontra a maior variedade de modelos do mercado, condições únicas de financiamento, entrada facilitada em até 10 vezes sem juros, carros revisados e com garantia de quilometragem real. Viabilizamos a troca do seu carro usado e entregamos seu novo carro na segurança de sua casa! Agende já seu atendimento.",459,False,True,False,False,False,False,4
57455508,False,"Se você está buscando um novo carro, não se arrisque e compre na Localiza Seminovos: carros com 360 itens verificados, garantia e procedência. Aqui você encontra a maior variedade de modelos do mercado, condições únicas de financiamento, entrada facilitada em até 10 vezes sem juros, carros revisados e com garantia de quilometragem real. Viabilizamos a troca do seu carro usado e entregamos seu novo carro na segurança de sua casa! Agende já seu atendimento.",459,False,True,False,False,False,False,4
57496263,False,,0,False,True,False,False,False,False,4
57485618,False,,0,False,False,False,False,False,False,0
57492010,False,,0,False,False,False,False,False,False,0
57491496,False,,0,False,False,False,False,False,False,0
57482496,False,,0,False,True,False,False,False,False,3
57485324,False,,0,False,False,False,False,False,False,0
57495858,False,,0,False,True,True,False,False,False,6
57485613,False,,0,False,False,False,False,False,False,0
57485295,False,,0,False,False,False,False,False,False,0
57485449,False,,0,False,False,False,False,False,False,0
57491484,False,,0,False,False,False,False,False,False,0
57485325,False,,0,False,False,False,False,False,False,0
57491518,False,,0,False,False,False,False,False,False,0
57485612,False,,0,False,False,False,False,False,False,0
57491958,False,,0,False,False,False,False,False,False,0
57485469,False,,0,False,False,False,False,False,False,0
57485343,False,,0,False,False,False,False,False,False,0
57491551,False,,0,False,False,False,False,False,False,0
57492000,False,,0,False,True,True,False,False,False,7
56639898,False,,0,False,True,False,False,False,False,3
56550834,False,,0,False,True,False,False,False,False,2
56671339,False,,0,False,True,True,True,False,False,20
57497033,False,"Desde sua fundação, a Criscar se compromete em entregar veículos com qualidade e segurança. No mercado desde 2004, a empresa comercializa veículos 0 km e seminovos, além de oferecer os serviços de seguro através da Criscar Corretora de Seguros. A preocupação com a qualidade e procedência dos veículos, com o atendimento impecável e o investimento na melhoria dos serviços oferecidos, sempre fizeram parte da trajetória da marca e, com o passar dos anos, essa filosofia se concretizou em crescimento e em relacionamentos de amizade e confiança com os clientes. Em 2017, a Criscar passou por uma reformulação de marca e endereço, e inaugurou sua nova loja na Avenida Cássio Paschoal Padovani, o centro de negócios automobilísticos de Piracicaba.",744,False,False,False,False,False,False,0
56862524,False,"Marques Automóveis 🚗 Trabalhamos com todas as financeiras e as menores taxas do mercado. Aceitamos e avaliamos seu veículo como parte de pagamento, mesmo alienado ou com dívida. Serviços para sua comodidade: Despachante, acessórios e seguros. Curta nossas redes sociais marquesautomoveis_ Contato: WhatsApp (11) 93800-7025. Fixo (11) 3586-5029. CONDIÇÕES IMPERDÍVEIS💥 APROVAÇÃO ON-LINE 👊🏻 APROVAÇÃO MESMO COM SCORE BAIXO 🚨 VENDA❗️TROCA❗️FINANCIA PARA MAIS INFORMAÇÕES: (11) 93800-7025 / 3586-5029 E-mail: marquesautomoveis2812@gmail.com",536,False,True,True,True,False,False,17
57492334,False,,0,False,False,False,False,False,False,0
56366995,False,,0,False,True,False,False,False,False,3
57316214,False,,0,False,True,False,False,False,False,4
56367024,False,,0,False,True,False,False,False,False,4
57492316,False,,0,False,False,False,False,False,False,0
57493435,False,,0,False,False,False,False,False,False,0
57493555,False,,0,False,False,False,False,False,False,0
57489458,False,,0,False,False,False,False,False,False,0
57493342,False,,0,False,True,False,False,False,False,4
57492991,False,,0,False,False,False,False,False,False,0
57493030,False,,0,False,False,False,False,False,False,0
57492961,False,,0,False,False,False,False,False,False,0
57493337,False,,0,False,True,False,False,False,False,4
56511011,False,,0,False,True,False,False,False,False,5
56367007,False,,0,False,True,False,False,False,False,5
56367009,False,,0,False,True,False,False,False,False,5
57493395,False,,0,False,True,True,False,False,False,7
57097984,False,,0,False,False,False,False,False,False,0
56846514,False,"HB20 COMFORT 1.0 2016 DIREÇÃO HIDRÁULICA VIDROS E TRAVAS ELÉTRICAS AR CONDICIONADO CONEXÃO BLUETOOTH ANO 2015/2016 *IPVA 2026 PAGO* Aceitamos seu carro na troca, financiamento, cartão de crédito e transferência/pix.",215,False,True,False,True,False,False,8
57162772,False,"SEU PRÓXIMO CARRO ESTÁ AQUI NA DOM MULTIMARCAS! Veículo Aprovado Pronto pra rodar Condições imperdíveis! E o melhor: facilitamos tudo pra você! ? Financiamento bancário com os principais bancos Aceitamos seu veículo como parte do pagamento - com ou sem dívidas! Garantimos a MELHOR avaliação do seu usado Parcelamos no cartão de crédito Troca com troco? Aqui tem! Carros revisados, aprovados e prontos para você sair dirigindo! Estamos na Vila Pires - Dom Pedro I, Nº 1632 Fale agora com um dos nossos consultores via WhatsApp: Bruno (11) 95954-2712 Darlon (11) 94521-5066 Estoque rotativo! Agende sua visita o quanto antes e venha fazer um test drive! A Dom Multimarcas agradece seu contato e te espera com as melhores oportunidades do mercado! Reservamo-nos o direito de corrigir possíveis erros de digitação.",811,False,True,True,False,False,False,10
56902924,False,,0,False,False,False,False,False,False,0
57242728,False,Único dono Revisões na concessionária Laudo cautelar aprovado Manual e chave reserva Câmera de Ré Kit Multimídia Comandos no volante,132,False,True,True,True,False,True,17
57172603,False,,0,False,True,False,False,False,False,12
56763307,False,,0,False,True,False,False,False,False,8
56836599,False,"Preço à vista ou financiado. Para carro na troca consultar um vendedor. Nos reservamos o direito de corrigir possíveis erros de digitação neste anúncio. Confira todo o nosso estoque e entre em contato para adquirir seu carro novo. Seu sonho, nosso objetivo. Informações complementares: IPVA Pago",295,False,True,False,False,False,False,7
56849129,False,"IPVA 2026 PAGO. Preço à vista ou financiado. Para carro na troca consultar um vendedor. Nos reservamos o direito de corrigir possíveis erros de digitação neste anúncio. Confira todo o nosso estoque e entre em contato para adquirir seu carro novo. Seu sonho, nosso objetivo. Informações complementares: Licenciado",312,False,True,False,True,False,False,10
56836632,False,"Preço à vista ou financiado. Para carro na troca consultar um vendedor. Nos reservamos o direito de corrigir possíveis erros de digitação neste anúncio. Confira todo o nosso estoque e entre em contato para adquirir seu carro novo. Seu sonho, nosso objetivo. Informações complementares: Licenciado",296,False,True,False,True,False,False,10
56836626,False,"Preço à vista ou financiado. Para carro na troca consultar um vendedor. Nos reservamos o direito de corrigir possíveis erros de digitação neste anúncio. Confira todo o nosso estoque e entre em contato para adquirir seu carro novo. Seu sonho, nosso objetivo. Informações complementares: Licenciado",296,False,True,True,True,False,False,13
57503618,False,"🚗 HB20 C.Style/C.Plus 1.6 Flex Automático 2014 🚗 ✨ Branco | 119 mil km | Completo | Automático ✔️ Manual e chave reserva ✔️ Revisado ✔️ Garantia de motor e câmbio ✔️ Conforto, economia e ótimo desempenho para o dia a dia! ⚠️ Esse perfil vende rápido! Não deixe para depois. 💳 Aqui na New Cars Cotia você compra fácil: ✔️ Aceitamos seu veículo na troca ✔️ Entrada parcelada em até 24x no cartão ✔️ Financiamento com os principais bancos 📲 Chame no WhatsApp agora e faça sua simulação! 📍 Loja 1 – Centro – Cotia/SP 📞 (11) 96634-9589 📍 Loja 2 – Parque Bahia – Cotia/SP 📞 (11) 5192-1121 🚘 Agende seu test drive hoje mesmo! ✨ New Cars Cotia – Realizando o sonho do seu carro novo! #HB20 #HB20Automatico #Hyundai #CarrosUsados #Seminovos #HB2014 #CarroAutomatico #NewCarsCotia #CotiaSP #VeiculoRevisado",796,False,True,False,False,False,False,9
57170505,False,"Aceito troca por outro veículo, Baixa km, Garantia da Loja, IPVA Pago, Licenciado, Pneus Novos //////////////////////////////////////////////ENTRADA PARCELADA DE 5000,00 EM 10X SEM JUROS.... MELHOR AVALIAÇÃO DO SEU USADO... FINANCIAMENTO COM AS MELHORES TAXAS DO MERCADO E APROVAÇÃO NA HORA. VEICULO REVISADO E PERICIADO. NÓS DO GRUPO AUTOMEC - INDAIATUBA TEREMOS O MAIOR PRAZER EM ATENDE-LO, ENTRE EM CONTATO E SOLICITE NOSSAS CONDIÇÕES DE FINANCIAMENTOS. TEMOS MAIS DE 500 VEICULOS EM ESTOQUE PARA MELHOR ATENDE-LO",516,False,True,False,True,False,False,10
56829520,False,,0,False,True,False,False,False,False,1
57462084,False,,0,False,True,False,False,False,False,6
56503822,False,,0,False,True,False,False,False,False,6
56424554,False,,0,False,True,False,True,False,False,11
57340028,False,,0,False,False,False,False,False,False,0
57105167,False,,0,False,False,False,False,False,False,0
56839328,False,,0,False,True,False,False,False,False,2
56436006,False,,0,False,True,False,False,False,False,10
56839310,False,,0,False,True,False,False,False,False,2
56592004,False,,0,False,True,True,True,False,False,16
56592251,False,,0,False,True,True,True,False,False,16
56352283,False,,0,False,True,True,True,False,False,14
56908773,False,,0,False,True,True,True,False,False,12
56916146,False,,0,False,True,False,False,False,False,10
56754892,False,,0,False,False,False,False,False,False,0
56764222,False,,0,False,True,False,False,False,False,0
57459005,False,,0,False,True,False,True,False,False,12
57485955,False,,0,False,False,False,False,False,False,0
57484648,False,,0,False,False,False,False,False,False,0
56767742,False,"Se você está buscando um novo carro, não se arrisque e compre na Localiza Seminovos: carros com 360 itens verificados, garantia e procedência. Aqui você encontra a maior variedade de modelos do mercado, condições únicas de financiamento, entrada facilitada em até 10 vezes sem juros, carros revisados e com garantia de quilometragem real. Viabilizamos a troca do seu carro usado e entregamos seu novo carro na segurança de sua casa! Agende já seu atendimento.",459,False,True,False,False,False,False,2
56767554,False,"Se você está buscando um novo carro, não se arrisque e compre na Localiza Seminovos: carros com 360 itens verificados, garantia e procedência. Aqui você encontra a maior variedade de modelos do mercado, condições únicas de financiamento, entrada facilitada em até 10 vezes sem juros, carros revisados e com garantia de quilometragem real. Viabilizamos a troca do seu carro usado e entregamos seu novo carro na segurança de sua casa! Agende já seu atendimento.",459,False,True,False,False,False,False,2
56767771,False,"Se você está buscando um novo carro, não se arrisque e compre na Localiza Seminovos: carros com 360 itens verificados, garantia e procedência. Aqui você encontra a maior variedade de modelos do mercado, condições únicas de financiamento, entrada facilitada em até 10 vezes sem juros, carros revisados e com garantia de quilometragem real. Viabilizamos a troca do seu carro usado e entregamos seu novo carro na segurança de sua casa! Agende já seu atendimento.",459,False,True,False,False,False,False,2
57503797,False,,0,False,False,False,False,False,False,0
57494698,False,,0,False,False,False,False,False,False,0
56767622,False,"Se você está buscando um novo carro, não se arrisque e compre na Localiza Seminovos: carros com 360 itens verificados, garantia e procedência. Aqui você encontra a maior variedade de modelos do mercado, condições únicas de financiamento, entrada facilitada em até 10 vezes sem juros, carros revisados e com garantia de quilometragem real. Viabilizamos a troca do seu carro usado e entregamos seu novo carro na segurança de sua casa! Agende já seu atendimento.",459,False,False,True,False,False,False,3
56765897,False,"VALOR ANUNCIADO VÁLIDO PARA COMPRA SEM TROCA. Todos os nossos carros são PERICIADOS, REVISADOS E COM GARANTIA DE 1 ANO. Trabalhamos com TODAS AS FINANCEIRAS BANCÁRIAS. Fazemos TROCA COM TROCO, PARCELAMOS A ENTRADA NO CARTÃO DE CRÉDITO e FACILITAMOS SUA APROVAÇÃO NO FINANCIAMENTO. Nossos veículos possuem HISTÓRICO DE REVISÕES COMPLETO e VISTORIA CAUTELAR APROVADA. PIONEIROS NA REGIÃO DO VALE, com + DE 27 ANOS DE TRADIÇÃO E CONFIANÇA NO MERCADO AUTOMOTIVO. consulte condições, sujeito a erros. Informações complementares: IPVA Pago, Licenciado",545,False,True,True,True,False,False,14
56858085,False,,0,False,True,True,True,False,False,14
56834594,False,,0,False,False,False,False,False,False,0
56464754,False,"Auto Classe Multimarcas, desde 2016 realizando sonhos de nossos clientes, Vasto conhecimento na área de veículos, com uma equipe pronta para responder todas suas dúvidas! Todos nossos carros tem Laudo Cautelar aprovado, financiamento rápido e sem burocracia. VENHA VOCÊ TAMBÉM PARA AUTO CLASSE MULTIMARCAS!!",307,False,False,False,False,False,False,0
57483184,False,,0,False,False,False,False,False,False,0
57267547,False,"Se você está buscando um novo carro, não se arrisque e compre na Localiza Seminovos: carros com 360 itens verificados, garantia e procedência. Aqui você encontra a maior variedade de modelos do mercado, condições únicas de financiamento, entrada facilitada em até 10 vezes sem juros, carros revisados e com garantia de quilometragem real. Viabilizamos a troca do seu carro usado e entregamos seu novo carro na segurança de sua casa! Agende já seu atendimento.",459,False,True,False,False,False,False,2
56889977,False,"Se você está sonhando em trocar de carro, agora você está na direção certa! O seminovo mais novo do Brasil está na Localiza Seminovos, onde você encontra a maior variedade de modelos do mercado e muitas vantagens, como condições únicas de financiamento, entrada facilitada em até 10 vezes sem juros, carros revisados e com garantia de quilometragem real, viabilizamos a troca do seu carro usado e entregamos seu novo carro na segurança de sua casa! Agende já seu atendimento!",475,False,True,True,False,False,False,3
56890021,False,"Se você está buscando um novo carro, não se arrisque e compre na Localiza Seminovos: carros com 360 itens verificados, garantia e procedência. Aqui você encontra a maior variedade de modelos do mercado, condições únicas de financiamento, entrada facilitada em até 10 vezes sem juros, carros revisados e com garantia de quilometragem real. Viabilizamos a troca do seu carro usado e entregamos seu novo carro na segurança de sua casa! Agende já seu atendimento.",459,False,True,True,False,False,False,3
56890061,False,,0,False,True,True,False,False,False,4
57485691,False,,0,False,True,True,False,False,False,3
57483294,False,,0,False,False,False,False,False,False,0
55936050,False,,0,False,False,False,True,False,False,8
56984479,False,,0,False,True,True,True,False,False,18
56583801,False,,0,False,True,True,True,False,False,13
56579186,False,,0,False,False,False,False,False,False,0
56579182,False,,0,False,False,False,False,False,False,0
57516987,False,,0,False,True,False,False,False,False,2
57492182,False,,0,False,True,False,False,False,False,2
57478425,False,,0,False,False,False,False,False,False,0
57487295,False,,0,False,False,False,False,False,False,0
56703791,False,,0,False,True,True,False,False,False,9
56816732,False,,0,False,False,False,False,False,False,1
57173523,False,"Comercializamos veículos novos e seminovos, importados e nacionais, todos revisados e garantidos. Nossa empresa desenvolve seus trabalhos sempre focada em satisfazer as necessidades de nossos clientes, visando sempre a mais alta qualidade dos veículos em estoque, assim, conseguimos fidelizar a cada dia, um número maior de clientes. Venha, faça-nos uma visita e comprove a qualidade de nossos veículos. Temos uma excelente e moderna instalação, para proporcionar o que há de melhor em conforto para você e sua família.",519,False,False,False,False,False,False,0
57486751,False,,0,False,False,False,False,False,False,0
57487468,False,,0,False,False,False,False,False,False,0
56613093,False,"A R7 Motors é uma loja de carros multimarcas especializada na compra e venda de carros seminovos em Campinas/SP. Com mais de uma década de experiência no mercado automotivo, com procedência garantida, financiamento facilitado e atendimento personalizado. Aqui, você encontra as melhores ofertas de carros usados em Campinas, com variedade de modelos das principais montadoras como Chevrolet, Volkswagen, Fiat, Honda, Toyota, Hyundai, entre outras. Avaliamos seu usado na hora, aceitamos trocas e oferecemos condições exclusivas para você sair de carro novo hoje mesmo. Seja para trocar de carro, financiar um seminovo ou vender seu veículo, a R7 Motors é a escolha certa. Transparência, confiança e credibilidade fazem parte da nossa essência. Visite uma de nossas unidades ou fale agora mesmo pelo WhatsApp e descubra por que somos referência em venda de carros seminovos em Campinas e região.",894,False,False,False,False,False,False,0
56650087,False,,0,False,True,True,False,False,False,15
57490286,False,,0,False,False,False,False,False,False,0
57477416,False,,0,False,False,False,False,False,False,0
56305786,False,"A loja INTERATIVA VEÍCULOS é uma empresa no ramo de revenda de veículos seminovos e usados que preza pela ética e confiabilidade. Contamos com vendedores qualificados e preparados para melhor atendê-lo. Estamos localizados na Av. Dr. Cenobelino de barros Serra, 609 - Pq. Industrial – São José do Rio Preto-SP – Fone (17) 3121-8616 – Venha nos fazer uma visita! Ou contate nossos consultores pelo celular ou whatsapp: Pedro (17) 99141-1506, Márcio (17) 99712-9843. MISSÃO: Oferecer veículos seminovos com preço justo, qualidade e boa procedência, atingindo o máximo possível a satisfação do nosso cliente. VISÃO: Ser reconhecida pela sociedade como uma loja de veículos de credibilidade, confiança. VALORES: Credibilidade; confiança; respeito ao cliente; profissionalismo; valorização do quadro de colaboradores. INTERATIVA VEÍCULOS: Aqui você pode confiar!",857,False,True,False,False,False,False,7
57181501,False,"A Unimais Veículos tem sido a referência em excelência e confiança no mercado de veículos em Campinas e Hortolândia. Com quatro lojas estrategicamente localizadas, sendo três em Campinas e uma em Hortolândia, oferecemos uma experiência única para nossos clientes. Nosso Compromisso: Variedade Excepcional: Com mais de 400 carros em estoque, nossa seleção abrange desde modelos clássicos até os mais recentes lançamentos. Encontrar o veículo perfeito é a nossa missão. 20 Anos de Expertise: Ao longo de duas décadas, cultivamos uma expertise inigualável no setor automotivo. Nossa equipe dedicada está pronta para oferecer orientação e suporte em cada passo do processo de compra. Proximidade e Comodidade: Com três lojas em Campinas e uma em Hortolândia, estamos sempre próximos para atender às suas necessidades. Visite-nos e descubra por que somos a escolha confiável de tantos clientes satisfeitos. Na Unimais Veículos, não vendemos apenas carros; entregamos sonhos sobre quatro rodas. Explore nosso estoque online ou visite uma de nossas lojas para começar sua jornada automotiva conosco. Seja bem-vindo à Unimais Veículos, onde sua satisfação é nossa prioridade.",1167,False,True,False,False,False,False,7
56913140,False,OPORTUNIDADE ABAIXO DA TABELA FIPE O Volkswagen Polo Comfortline une a sofisticação de um design moderno com a eficiência tecnológica que você busca. Único dono (Propriedade da Turbi) Laudo Cautelar 100% aprovado e anexo no anúncio Entrada Facilitada Financiamento na loja sem custo de assessoria Preço promocional para venda rápida e oportunidade única de estoque.,365,False,True,True,False,False,False,11
56754066,False,OPORTUNIDADE ABAIXO DA TABELA FIPE O Volkswagen Polo Comfortline une a sofisticação de um design moderno com a eficiência tecnológica que você busca. Único dono (Propriedade da Turbi) Laudo Cautelar 100% aprovado e anexo no anúncio Entrada Facilitada Financiamento na loja sem custo de assessoria Preço promocional para venda rápida e oportunidade única de estoque.,365,False,True,True,False,False,False,11
56753596,False,OPORTUNIDADE ABAIXO DA TABELA FIPE O Volkswagen Polo Comfortline une a sofisticação de um design moderno com a eficiência tecnológica que você busca. Único dono (Propriedade da Turbi) Laudo Cautelar 100% aprovado e anexo no anúncio Entrada Facilitada Financiamento na loja sem custo de assessoria Preço promocional para venda rápida e oportunidade única de estoque.,365,False,True,True,False,False,False,13
56783763,False,OPORTUNIDADE ABAIXO DA TABELA FIPE O Volkswagen Polo Comfortline une a sofisticação de um design moderno com a eficiência tecnológica que você busca. Único dono (Propriedade da Turbi) Laudo Cautelar 100% aprovado e anexo no anúncio Entrada Facilitada Financiamento na loja sem custo de assessoria Preço promocional para venda rápida e oportunidade única de estoque.,365,False,True,True,False,False,False,11
56806708,False,OPORTUNIDADE ABAIXO DA TABELA FIPE O Volkswagen Polo Comfortline une a sofisticação de um design moderno com a eficiência tecnológica que você busca. Único dono (Propriedade da Turbi) Laudo Cautelar 100% aprovado e anexo no anúncio Entrada Facilitada Financiamento na loja sem custo de assessoria Preço promocional para venda rápida e oportunidade única de estoque.,365,False,True,True,False,False,False,11
56773507,False,OPORTUNIDADE ABAIXO DA TABELA FIPE O Volkswagen Polo Comfortline une a sofisticação de um design moderno com a eficiência tecnológica que você busca. Único dono (Propriedade da Turbi) Laudo Cautelar 100% aprovado e anexo no anúncio Entrada Facilitada Financiamento na loja sem custo de assessoria Preço promocional para venda rápida e oportunidade única de estoque.,365,False,True,True,False,False,False,10
56754009,False,OPORTUNIDADE ABAIXO DA TABELA FIPE O Volkswagen Polo Comfortline une a sofisticação de um design moderno com a eficiência tecnológica que você busca. Único dono (Propriedade da Turbi) Laudo Cautelar 100% aprovado e anexo no anúncio Entrada Facilitada Financiamento na loja sem custo de assessoria Preço promocional para venda rápida e oportunidade única de estoque.,365,False,True,True,False,False,False,11
56720748,False,OPORTUNIDADE ABAIXO DA TABELA FIPE O Volkswagen Polo Comfortline une a sofisticação de um design moderno com a eficiência tecnológica que você busca. Único dono (Propriedade da Turbi) Laudo Cautelar 100% aprovado e anexo no anúncio Entrada Facilitada Financiamento na loja sem custo de assessoria Preço promocional para venda rápida e oportunidade única de estoque.,365,False,True,True,False,False,False,12
56856808,False,,0,False,False,False,False,False,False,0
56771251,False,OPORTUNIDADE ABAIXO DA TABELA FIPE O Volkswagen Polo Comfortline na cor Branca une a sofisticação de um design moderno com a eficiência tecnológica que você busca. Único dono (Propriedade da Turbi) Laudo Cautelar 100% aprovado e anexo no anúncio Entrada Facilitada Financiamento na loja sem custo de assessoria Preço promocional para venda rápida e oportunidade única de estoque.,379,False,True,True,False,False,False,13
57488652,False,,0,False,False,False,False,False,False,0
57488660,False,,0,False,False,False,False,False,False,0
57460634,False,OPORTUNIDADE PROCEDÊNCIA E QUALIDADE! CONFORTO QUE VOCÊ MERECE! PERFEITO PARA O SEU DIA A DIA! VW POLO SPORTLINE 2009 1.6 FLEX CÂMBIO MANUAL COMPLETO COM 145.000KM! OPCIONAIS: DIREÇÃO HIDRÁULICA AR CONDICIONADO DIGITAL VIDROS ELÉTRICOS TRAVAS ELÉTRICAS ALARME RETROVISORES ELÉTRICOS CÂMBIO MANUAL BANCOS EM TECIDO COM REGULAGENS PAINEL DIGITAL COM COMPUTADOR DE BORDO AIR BAG ABS FAROL DE MILHA LIMPADOR E DESEMBAÇADOR TRASEIRO ENCOSTO DE CABECA TRASEIRO SOM MP3 ORIGINAL Laudo aprovado! Documentação em ordem! Garantia de 90 dias de motor e câmbio! Procedência e qualidade! Aceitamos o seu carro na troca como parde do pagamento! Parcelamos o pagamento no cartão de crédito em até 24x! Fazemos financiamento com simulação e aprovação de ficha online! VENDO | TROCO | FINANCIO,776,False,True,True,True,False,False,14
56618065,False,"You Multimarcas Veículo de procedência, aprovado em perícia cautelar, com garantia de 3 meses ou 3.000km para motor e câmbio. Aceitamos seu usado na troca, além de financiar o saldo em até 60x com as melhores taxas. Estamos localizados próximo ao metrô Vl Prudente. Entre em contato e fale conosco pelo WhatsApp (11) 94754-7530. *** Nos reservamos o direito de corrigir possíveis erros no anúncio. ***",401,False,True,True,True,False,False,22
57344145,False,,0,False,False,False,False,False,False,0
57391991,False,"Único dono Revisões na Concessionária Garantia de Fábrica Laudo 100% Aprovado Na LED Automóveis, nosso compromisso com a Confiança e Transparência começa antes mesmo de o carro chegar ao pátio. Temos um critério de seleção rigoroso para garantir que você leve apenas o melhor para sua garagem. ZERO COMPROMISSO COM O DUVIDOSO Para sua total segurança e tranquilidade, trabalhamos com uma política de estoque restrita: NÃO trabalhamos com veículos de leilão. NÃO aceitamos veículos com histórico de sinistro ou recuperação. NÃO comercializamos carros com estrutura comprometida ou quilometragem adulterada. NOSSO FOCO: QUALIDADE TOTAL Aqui, cada unidade é escolhida a dedo. Nossos veículos passam por uma curadoria técnica antes de serem anunciados: Laudo Cautelar 100% Aprovado: Todos os nossos carros possuem perícia aprovada por empresas credenciadas. Procedência Comprovada: Histórico limpo e documentação pronta para transferência imediata. Revisão Estrita: Entregamos veículos revisados, com garantia e prontos para o uso. ONDE ESTAMOS Endereço: Av. Marechal Tito, nº 5133, Itaim Paulista - SP WhatsApp: (11) 97757-8446 FACILIDADES PARA VOCÊ Financiamento SEM ENTRADA (Consulte condições). Entrada parcelada em até 24x no cartão. Melhor avaliação do seu usado na troca. Na LED Automóveis, você não compra apenas um carro, você adquire a tranquilidade de saber exatamente o que está levando. Procedência não é opcional, é nossa obrigação. #LedAutomoveis #QualidadeGarantida #SemLeilao #CarroDeProcedencia #ItaimPaulista #Confianca #Transparencia #SeminovosSP",1562,False,True,True,True,False,False,10
56560318,False,"Aceito Troca, Ipva Pago | ACEITAMOS TROCAS, PARCELAMOS EM ATÉ 24X NO CARTÃO E TEMOS ÓTIMAS TAXAS DE FINANCIAMENTO. DUVIDAS E NEGOCIAÇÃO? FAVOR ENTRAR EM CONTATO. ATENÇÃO! Devido a grande rotatividade em nosso estoque, solicitamos consultar nossa loja para certificar-se de que o veículo ainda se encontra sob nossos cuidados. Valores podem ter sido reajustados, favor confirmar. Obrigado pela compreensão. | [2514308]",417,False,True,False,False,False,False,0
56827677,False,"Dias Multimarcas - Qualidade e Confiança em 4 Rodas! Av. Paulo Emanuel de Almeida, 811 - Sorocaba/SP Na Dias Multimarcas, você encontra os melhores carros seminovos e usados com qualidade, procedência e preços que cabem no seu bolso! Trabalhamos com as principais marcas e modelos do mercado para garantir que você faça o melhor negócio da sua vida. Entre em contato conosco e venha conhecer nosso estoque. Aqui, seu próximo carro está te esperando! Atendimento personaliza/ Financiamento facilitado |Veículos revisados",519,False,True,True,True,False,False,20
57181935,False,,0,False,True,True,False,False,False,15
56913539,False,,0,False,False,False,False,False,False,0
56388000,False,,0,False,True,True,True,False,False,14
56032703,False,,0,False,False,False,False,False,False,0
57462241,False,,0,False,True,True,True,False,False,11
57303027,False,Facilidades que cabem no seu bolso: Estudamos trocas com carros e motocicletas Financiamento com as menores taxas do mercado Entrada parcelada no cartão de crédito em até 18 parcelas Aceitamos cartas de crédito de consórcio ________________________________________ Atendimento personalizado: Segunda a Sexta - 08:30h às 18:00h Sábado - 08:30h às 12:00h Domingo - Fechado MGM Seminovos Av Plinio de Castro Prado nº 226 - Jardim Palma Travassos Ribeirão Preto - SP Fone (16) 3624-2553 Whatsapp (16) 99197-6201 ________________________________________ #mgmseminovos #ribeiraopreto #carros #carrosrp #carrosribeiraopreto #carroseminovos #novos #concessionaria #revendacarros #revendaveiculos #vempramgmseminovos #financiamentodecarros,730,False,True,True,True,False,False,17
56903234,False,"CAUTELAR 100% APROVADO!!! REVISÃO EM DIA!!! VEICULO BLINDADO!!!! -Todos os veículos anunciados foram realizados perícia cautelar - Veículos com prévia manutenção - Realizamos financiamentos até 100% do valor do veículo - Apenas veículos com qualidade e procedência - Valores anunciados apenas para pagamento à vista ou financiado, troca consultar condições. | [2590033]",369,True,False,False,False,False,False,0
56860287,False,,0,False,True,False,False,False,False,5
57449577,False,,0,False,True,False,True,False,False,9
56736974,False,"AUTO ROMA Multimarcas. Você tem um sonho, nós temos a chave. Veículos com extrema qualidade e precedência, entregue com revisão de venda, garantia para motor e câmbio e Laudo cautelar. Valor sujeito a alteração. Consulte a disponibilidade do veículo com nossa equipe de vendas. Reservamo-nos o direito de corrigir possíveis erros de digitação principalmente em preços.",368,False,True,True,True,False,False,19
56904396,False,"Baixa km, Feito Vistoria Cautelar VOLKSWAGEN - POLO HIGHLINE TSI 1.0 AT AUTOMATICO 2023/2024 62.747KM",101,False,True,True,True,False,False,16
56848074,False,,0,False,False,False,False,False,False,0
56674573,False,,0,False,True,True,True,False,False,18
57477410,False,,0,False,False,False,False,False,False,0
56326583,False,,0,False,False,False,False,False,False,0
57515526,False,,0,False,False,False,False,False,False,0
57490311,False,,0,False,True,False,False,False,False,2
57477492,False,,0,False,False,False,False,False,False,0
57477464,False,,0,False,False,False,False,False,False,0
56872869,False,"A Unimais Veículos tem sido a referência em excelência e confiança no mercado de veículos em Campinas e Hortolândia. Com quatro lojas estrategicamente localizadas, sendo três em Campinas e uma em Hortolândia, oferecemos uma experiência única para nossos clientes. Nosso Compromisso: Variedade Excepcional: Com mais de 400 carros em estoque, nossa seleção abrange desde modelos clássicos até os mais recentes lançamentos. Encontrar o veículo perfeito é a nossa missão. 20 Anos de Expertise: Ao longo de duas décadas, cultivamos uma expertise inigualável no setor automotivo. Nossa equipe dedicada está pronta para oferecer orientação e suporte em cada passo do processo de compra. Proximidade e Comodidade: Com três lojas em Campinas e uma em Hortolândia, estamos sempre próximos para atender às suas necessidades. Visite-nos e descubra por que somos a escolha confiável de tantos clientes satisfeitos. Na Unimais Veículos, não vendemos apenas carros; entregamos sonhos sobre quatro rodas. Explore nosso estoque online ou visite uma de nossas lojas para começar sua jornada automotiva conosco. Seja bem-vindo à Unimais Veículos, onde sua satisfação é nossa prioridade.",1167,False,True,False,False,False,False,5
57181589,False,"A Unimais Veículos tem sido a referência em excelência e confiança no mercado de veículos em Campinas e Hortolândia. Com quatro lojas estrategicamente localizadas, sendo três em Campinas e uma em Hortolândia, oferecemos uma experiência única para nossos clientes. Nosso Compromisso: Variedade Excepcional: Com mais de 400 carros em estoque, nossa seleção abrange desde modelos clássicos até os mais recentes lançamentos. Encontrar o veículo perfeito é a nossa missão. 20 Anos de Expertise: Ao longo de duas décadas, cultivamos uma expertise inigualável no setor automotivo. Nossa equipe dedicada está pronta para oferecer orientação e suporte em cada passo do processo de compra. Proximidade e Comodidade: Com três lojas em Campinas e uma em Hortolândia, estamos sempre próximos para atender às suas necessidades. Visite-nos e descubra por que somos a escolha confiável de tantos clientes satisfeitos. Na Unimais Veículos, não vendemos apenas carros; entregamos sonhos sobre quatro rodas. Explore nosso estoque online ou visite uma de nossas lojas para começar sua jornada automotiva conosco. Seja bem-vindo à Unimais Veículos, onde sua satisfação é nossa prioridade.",1167,False,True,False,False,False,False,7
57246289,False,"A Unimais Veículos tem sido a referência em excelência e confiança no mercado de veículos em Campinas e Hortolândia. Com quatro lojas estrategicamente localizadas, sendo três em Campinas e uma em Hortolândia, oferecemos uma experiência única para nossos clientes. Nosso Compromisso: Variedade Excepcional: Com mais de 400 carros em estoque, nossa seleção abrange desde modelos clássicos até os mais recentes lançamentos. Encontrar o veículo perfeito é a nossa missão. 20 Anos de Expertise: Ao longo de duas décadas, cultivamos uma expertise inigualável no setor automotivo. Nossa equipe dedicada está pronta para oferecer orientação e suporte em cada passo do processo de compra. Proximidade e Comodidade: Com três lojas em Campinas e uma em Hortolândia, estamos sempre próximos para atender às suas necessidades. Visite-nos e descubra por que somos a escolha confiável de tantos clientes satisfeitos. Na Unimais Veículos, não vendemos apenas carros; entregamos sonhos sobre quatro rodas. Explore nosso estoque online ou visite uma de nossas lojas para começar sua jornada automotiva conosco. Seja bem-vindo à Unimais Veículos, onde sua satisfação é nossa prioridade.",1167,False,True,True,True,False,False,12
56565693,False,"A Unimais Veículos tem sido a referência em excelência e confiança no mercado de veículos em Campinas e Hortolândia. Com quatro lojas estrategicamente localizadas, sendo três em Campinas e uma em Hortolândia, oferecemos uma experiência única para nossos clientes. Nosso Compromisso: Variedade Excepcional: Com mais de 400 carros em estoque, nossa seleção abrange desde modelos clássicos até os mais recentes lançamentos. Encontrar o veículo perfeito é a nossa missão. 20 Anos de Expertise: Ao longo de duas décadas, cultivamos uma expertise inigualável no setor automotivo. Nossa equipe dedicada está pronta para oferecer orientação e suporte em cada passo do processo de compra. Proximidade e Comodidade: Com três lojas em Campinas e uma em Hortolândia, estamos sempre próximos para atender às suas necessidades. Visite-nos e descubra por que somos a escolha confiável de tantos clientes satisfeitos. Na Unimais Veículos, não vendemos apenas carros; entregamos sonhos sobre quatro rodas. Explore nosso estoque online ou visite uma de nossas lojas para começar sua jornada automotiva conosco. Seja bem-vindo à Unimais Veículos, onde sua satisfação é nossa prioridade.",1167,False,True,True,True,False,False,14
56905836,False,,0,False,True,True,True,False,False,7
56880692,False,,0,False,True,True,True,False,False,12
57340132,False,"A Joudvel está no mercado automotivo desde 1989, com sede própria e um Show Room de 1500m². Nossos veículos são de procedência garantida, em ótimo estado e principalmente, um preço justo, para que você possa sempre fazer o melhor negócio. Comercializamos veículos novos, seminovos,zero KM, importados e nacionais, todos revisados e com garantia. Desenvolvemos nossos trabalhos focados em satisfazer as necessidades de nossos clientes. Venha, faça-nos uma visita e comprove a qualidade de nossos veículos.Temos uma excelente e moderna instalação, para proporcionar o que há de melhor em conforto para você e sua família. Mais do que carros vendemos realizações, sempre buscando obter a excelência em cada detalhe.",712,False,True,True,True,False,False,14
57488642,False,,0,False,False,False,False,False,False,0
57485389,False,,0,False,True,False,False,False,False,2
57491559,False,,0,False,False,False,False,False,False,0
56871220,False,,0,False,True,True,True,False,False,17
56260379,False,,0,False,True,False,False,False,False,4
55884250,False,,0,False,True,True,True,False,False,21
57238665,False,,0,False,True,True,True,False,False,16
56685989,False,POLO 2025 Motor: 1.0 FLEX Câmbio: MANUAL Km: 39.000 Veiculo Completo 100% aprovado na perícia. Multimidia + Controle de som no volante. Aceitamos seu usado na troca. Financiamos em até 60 x sem entrada. Trabalhamos com todas as financeiras do mercado. Taxas especiais de feirão. Facilitamos sua entrada em até 12 x no cartão. Consulte um de nossos vendedores e agende já sua visita. -WINCAR-,391,False,True,True,True,False,False,18
56826499,False,"********************POLO 1.0 HIGHLINE SEM DETALHES, IMPECAVEL, REVISÕES FEITAS EM DIA, POSSUI MANUAL, CHAVE CÓPIA E LAUDO CAUTELAR 100% APROVADO, DOCUMENTAÇÃO SEM DÉBITOS **************************. Publicado por autonitro.com.br",229,False,True,True,False,False,False,9
56657029,False,,0,False,True,False,False,False,False,3
56557173,False,,0,False,True,False,False,False,False,2
57492973,False,,0,False,False,False,False,False,False,0
57513005,False,,0,False,False,False,False,False,False,0
57519511,False,,0,False,False,False,False,False,False,0
57493372,False,,0,False,True,False,False,False,False,2
57493326,False,,0,False,False,False,False,False,False,0
57493335,False,,0,False,False,False,False,False,False,0
57492314,False,,0,False,False,False,False,False,False,0
57492302,False,,0,False,False,False,False,False,False,0
56398303,False,,0,False,True,True,False,False,False,3
56090069,False,,0,False,True,True,True,False,False,15
56840238,False,"VOLKSWAGEN POLO COMFORTLINE 170 TSI AUTOMÁTICO - ANO 2023/2023 - PRETO Disponível na Juninho Automóveis o VW Polo Comfortline 2023, o hatch que é referência em tecnologia, segurança e performance. Na elegante cor preta, este modelo é equipado com o moderno motor 170 TSI (Turbo), que entrega torque imediato e um consumo de combustível surpreendente, sendo a escolha ideal para quem busca um carro ágil, seguro e com design contemporâneo. Destaques e Equipamentos da Versão Comfortline: Motor 170 TSI: Turbo com injeção direta, proporcionando excelente desempenho e eficiência energética. Câmbio Automático: Transmissão precisa que garante máximo conforto no trânsito urbano. Segurança 5 Estrelas: Equipado com faróis em LED, controles de tração e estabilidade, e 4 airbags. Tecnologia: Central multimídia VW Play com espelhamento sem fio, volante multifuncional e painel digital. Conforto: Chave presencial (Keyless) com partida por botão, ar-condicionado Climatic e sensor de estacionamento. Visual: Acabamento externo imponente na cor preta com rodas de liga leve exclusivas. Vantagens de comprar na Juninho Automóveis: Veículo rigorosamente periciado com laudo cautelar aprovado e procedência garantida. Somos referência em Araraquara e região. Aproveite que os proprietários ficaram malucos e baixaram os preços da planilha em abril para batermos o recorde de vendas! Oferecemos a melhor avaliação do seu usado na troca e aprovação de crédito imediata.",1457,False,True,True,True,False,False,12
56836701,False,"Preço à vista ou financiado. Para carro na troca consultar um vendedor. Nos reservamos o direito de corrigir possíveis erros de digitação neste anúncio. Confira todo o nosso estoque e entre em contato para adquirir seu carro novo. Seu sonho, nosso objetivo. Informações complementares: Licenciado",296,False,True,False,False,False,False,8
56836637,False,"Preço à vista ou financiado. Para carro na troca consultar um vendedor. Nos reservamos o direito de corrigir possíveis erros de digitação neste anúncio. Confira todo o nosso estoque e entre em contato para adquirir seu carro novo. Seu sonho, nosso objetivo. Informações complementares: Licenciado",296,False,True,False,True,False,False,9
56786889,False,,0,False,True,False,False,False,False,3
56509820,False,"Há 23 anos no mercado, a New Vitara Motors é sinônimo de qualidade e confiança, oferecendo conforto e credibilidade para seus clientes. Atuamos de forma transparente e idônea, viabilizando a troca e o financiamento do seu novo veículo, além do refinanciamento para seu veículo antigo. Nossas taxas e condições são extremamente competitivas pois, há anos, mantemos parcerias com as melhores financeiras do mercado.",413,False,True,False,False,False,False,8
56818491,False,,0,False,False,False,False,False,False,0
57105488,False,Licenciado CARRO !!! MUITO NOVO MESMO !!! COM LAUDO CAUTELAR E PERICIA APROVADA !!! SUPER CONSERVADO !!! FINANCIO E ACEITO TROCA !!! SOMOS UMA LOJA CONSAGRADA !!! COM PREDIO PROPRIO !!! A 45 ANOS NO MESMO LOCAL !!!,214,False,True,False,False,False,False,8
56659676,False,"Sobre o Veículo: - Direção Elétrica - Ar-condicionado - Vidros e Travas elétricas - Airbags frontais e laterais - Freios ABS - Assistente de rampa - Conexão Bluetooth - Chave reserva e Manual do proprietário - Doc 2026 total pago Informações complementares: Único Dono, IPVA Pago, Licenciado, Revisões Realizadas",312,False,True,False,True,False,False,10
56920059,False,,0,False,False,False,False,False,False,0
57224664,False,,0,False,True,False,True,False,False,5
57436991,False,"Veículo periciado e revisado, com garantia HG Motors. Venha conferir! A HG Motors se reserva o direito de corrigir erros gráficos e de digitação. Preços e condições de oferta podem ser alterados sem aviso prévio, sujeito à disponibilidade de estoque. Condições válidas para pagamento à vista. Para financiamento ou entrada com veículo na troca, consulte um de nossos consultores.",379,False,True,True,True,False,False,13
56873957,False,🚗 POLO HATCH 2014 1.6 8v Mi COMPLETO MEC 🚗 IPVA 2026 PAGO 📅 Ano: 2014 ⚙️ Motorização: 1.6 8V 🔄 Câmbio: MANUAL 📍 Versão: 1.6 Mi 📏 Quilometragem: 81 357 km 💎 Destaques do veículo: ✔️ Design moderno e esportivo ✔️ Som De Fábrica ✔️ Ar-condicionado ✔️ Direção Hidráulica ✔️ Vidros e travas elétricas ✔️ Airbags e freios ABS ✔️ Excelente consumo e desempenho 🧼 Veículo muito bem conservado 🔍 Revisado e pronto para rodar.,416,False,True,True,False,False,False,17
56783950,False,,0,False,True,True,True,False,False,14
56839067,False,Todos os nossos veículos possuem : LAUDO CAUTELAR APROVADO DIAGNÓSTICO MECÂNICO APROVADO GARANTIA DE ATÉ 2 ANOS COM MAIS DE 100 ITENS DE COBERTURA BLESSCAR 31 ANOS AQUI É DIFERENTE !!!!! * reservamo-nos o direito de corrigir possíveis erros de digitação e/ou fotos,264,False,True,False,False,False,False,1
57518654,False,"Na Europamotors, Land Rover Villa-Lobos, garantimos um processo de financiamento rápido e descomplicado. Faça uma simulação e obtenha aprovação online em poucos minutos, sujeito à análise de crédito. Além disso, todos os nossos veículos passam por revisão e contam com garantia. Aceitamos seu veículo usado como parte do pagamento. Entre em contato para agendar uma visita. Observação: reservamo-nos o direito de corrigir erros de digitação, ou informações | [2558839]",468,False,False,False,False,False,False,0
57019512,False,,0,False,True,True,True,False,False,19
57107035,False,"Único Dono, Tirado Em São José Do Rio Preto, Revisões Na Concessionária, Multimidia Com Camera De Ré.",101,False,True,False,True,False,True,1
57436635,False,"Veículo periciado e revisado, com garantia HG Motors. Venha conferir! A HG Motors se reserva o direito de corrigir erros gráficos e de digitação. Preços e condições de oferta podem ser alterados sem aviso prévio, sujeito à disponibilidade de estoque. Condições válidas para pagamento à vista. Para financiamento ou entrada com veículo na troca, consulte um de nossos consultores.",379,False,True,True,True,False,False,16
56827531,False,"Canal do Carro Veículos - Seu próximo carro está aqui! A Canal do Carro Veículos oferece compra, venda e consignação de automóveis com transparência, confiança e ótimo atendimento. Trabalhamos para que você realize o sonho do carro ideal com segurança e tranquilidade. Novo endereço: Av. Ruy Rodriguez, 513 - Jd. Novo Campos Elíseos, Campinas-SP Parcelamos no cartão de crédito em até 24x , Financiamento em até 60x, Aceitamos sua moto ou carro na troca! *Reservamo-nos o direito de corrigir eventuais erros deste anúncio. *Valor sujeito à alteração. Consulte disponibilidade do veículo. *Condições de financiamento sujeitas a análise",634,False,True,False,False,False,False,5
56790326,False,,0,False,False,False,False,False,False,0
57182674,False,"{FIAT SINAL TANCREDOAv. Tancredo Neves, n°1.405 Tel.: 11-2603-4000*SEMINOVOS COM GARANTIA DE 3 MESES: MOTOR E CÂMBIO.Traga seu usado para uma avaliação. Consulte nossos planos de financiamento, com as melhores taxas do mercado. Reservamos o direito de corrigir eventuais erros de digitação.",290,False,False,False,False,False,False,0
57182664,False,,0,False,False,False,False,False,False,0
56299962,False,,0,False,True,False,False,False,False,7
56005612,False,,0,False,False,False,False,False,False,0
57117400,False,,0,False,True,True,False,False,False,6
56756702,False,"Atuando no mercado de Automóveis e Financeiras desde 1999, a Romeiro Multimarcas caracteriza-se por ser uma empresa sólida, familiar e de tradição, que conjuga excelência no atendimento com produtos da mais rigorosa qualidade e com o objetivo único de tornar real o sonho de todos seus clientes. Sempre apostando em confiança e credibilidade como princípios fundamentais de sua atuação, buscamos no mercado somente veículos diferenciados, através de um rigoroso critério técnico de avaliação que garante qualidade e procedência. A proposta é trabalhar somente com aquilo que há de melhor. Por ser uma empresa moderna, dinâmica, com grande conhecimento no segmento em que atua, e por oferecer aos seus clientes produtos que satisfazem plenamente suas necessidades, a Romeiro Multimarcas vem acelerando de maneira significativa seu crescimento e confirmando, cada vez mais, sua condição de referência em toda região, quando se fala em mercado de novos e semi-novos da mais absoluta qualidade.",990,False,True,True,True,False,False,21
56883868,False,"Vw Polo 1.0 MPi ,Flex, MECÂNICO, completo com Ar Condicionado, Direção Elétrica, Airbags, Freios ABS, Som, Computador de bordo, vidros e trava elétrica, limpador e térmico traseiro, manual do proprietário, chave cópia. FINANCIAMOS EM ATÉ 60 X. FAZEMOS TROCA COM TROCO !! Trabalhamos com Diversos bancos e facilitamos com parcelamento no cartão de crédito com baixa taxas de juros!!! Entre em contato com vendedor . Garantia de Motor e Câmbio de 1 ano - Consultem Condições",472,False,True,False,False,False,False,8
56882352,False,,0,False,False,False,False,False,False,0
56379609,False,"IPVA 2016 TOTAL PAGO!!!! É isso mesmo, corra e aproveite essa oportunidade! Localiza Seminovos Santo André as melhores ofertas estão aqui! Garantia de procedência e Km real. Viabilizamos a troca pelo seu seminovo, financiamos em até 60 vezes com ou sem entrada, parcelamos até R$ 10.000,00 em até 10 vezes sem juros no cartão de crédito (Visa, Master e Amex) e aceitamos algumas cartas de consórcio. Venha nos fazer uma visita na Av. dos Estados nº 6.700, estamos abertos de domingo a domingo. Ligue grátis de fixo ou celular 0800 200 2000 ou envie sua proposta para proposta.STA@localiza.com.",593,False,True,False,False,False,False,2
56379610,False,"IPVA 2016 TOTAL PAGO!!!! É isso mesmo, corra e aproveite essa oportunidade! Localiza Seminovos Santo André as melhores ofertas estão aqui! Garantia de procedência e Km real. Viabilizamos a troca pelo seu seminovo, financiamos em até 60 vezes com ou sem entrada, parcelamos até R$ 10.000,00 em até 10 vezes sem juros no cartão de crédito (Visa, Master e Amex) e aceitamos algumas cartas de consórcio. Venha nos fazer uma visita na Av. dos Estados nº 6.700, estamos abertos de domingo a domingo. Ligue grátis de fixo ou celular 0800 200 2000 ou envie sua proposta para proposta.STA@localiza.com.",593,False,True,False,False,False,False,2
57491531,False,,0,False,False,False,False,False,False,0
57511754,False,,0,False,False,False,False,False,False,0
57491465,False,,0,False,False,False,False,False,False,0
57494470,False,,0,False,False,False,False,False,False,0
57491480,False,,0,False,False,False,False,False,False,0
57494527,False,,0,False,False,False,False,False,False,0
57491576,False,"IPVA 2016 TOTAL PAGO!!!! É isso mesmo, corra e aproveite essa oportunidade! Localiza Seminovos Santo André as melhores ofertas estão aqui! Garantia de procedência e Km real. Viabilizamos a troca pelo seu seminovo, financiamos em até 60 vezes com ou sem entrada, parcelamos até R$ 10.000,00 em até 10 vezes sem juros no cartão de crédito (Visa, Master e Amex) e aceitamos algumas cartas de consórcio. Venha nos fazer uma visita na Av. dos Estados nº 6.700, estamos abertos de domingo a domingo. Ligue grátis de fixo ou celular 0800 200 2000 ou envie sua proposta para proposta.STA@localiza.com.",593,False,True,False,False,False,False,2
57198218,False,"IPVA 2016 TOTAL PAGO!!!! É isso mesmo, corra e aproveite essa oportunidade! Localiza Seminovos Santo André as melhores ofertas estão aqui! Garantia de procedência e Km real. Viabilizamos a troca pelo seu seminovo, financiamos em até 60 vezes com ou sem entrada, parcelamos até R$ 10.000,00 em até 10 vezes sem juros no cartão de crédito (Visa, Master e Amex) e aceitamos algumas cartas de consórcio. Venha nos fazer uma visita na Av. dos Estados nº 6.700, estamos abertos de domingo a domingo. Ligue grátis de fixo ou celular 0800 200 2000 ou envie sua proposta para proposta.STA@localiza.com.",593,False,True,True,False,False,False,3
56614347,False,,0,False,True,True,True,False,False,13
56727493,False,,0,False,True,True,False,False,False,12
56881004,False,Polo 2024 1.0 Completo Cautelar 100% aprovada Avaliamos o seu carro na troca Trabalhamos com todas as financeiras,113,False,True,False,True,False,False,12
56809059,False,"VW POLO 1.0 MPI 2024 Manual | 70.000 km Econômico, confiável e pronto pra rodar 4 Airbags Controle de Estabilidade Assistente de Rampa Faróis em LED Central Multimídia Volante Multifuncional 1 ANO DE GARANTIA GESTAUTO Laudo Cautelar 100% Aprovado Transferência Grátis IPVA 2026 Grátis R$ 72.990,00 FLASH MULTIMARCAS - Americana/SP WhatsApp: (19) 99682-4518 Veículo completo, revisado e com excelente custo-benefício 4 Air Bags / Alarme Original / Áudio - Sistema de Som / Banco Motorista com Regulagem de Altura / Bluetooth / Câmbio Manual / Controle de Som no Volante / Encosto de Cabeça Traseiro / Insul Film / IPVA Pago / Licenciado",635,False,True,False,True,False,False,4
56749934,False,"Estamos a mais de 20 anos no mercado de automóveis, sempre focados em oferecer uma excelente experiência à nossos clientes na hora de conquistar seu carro novo. Temos um estoque repleto de veículos multimarcas, com garantia e procedência para que você fique tranquilo com seu carro novo.",287,False,True,True,True,False,False,8
56820144,False,"Estamos a mais de 20 anos no mercado de automóveis, sempre focados em oferecer uma excelente experiência à nossos clientes na hora de conquistar seu carro novo. Temos um estoque repleto de veículos multimarcas, com garantia e procedência para que você fique tranquilo com seu carro novo.",287,False,True,False,True,False,False,10
56577655,False,,0,False,True,False,False,False,False,12
57168219,False,"ÓTIMAS CONDIÇÕES DE FINANCIAMENTOS, TRABALHAMOS COM TODOS OS BANCOS E COM AS MELHORES TAXAS DO MERCADO,PEGAMOS O SEU USADO E FAZEMOS QUALQUER NEGOCIO PARA VOCÊ SAIR DE CARRÃO !! TROCA COM TROCO E A MELHOR AVALIAÇÃO DA CIDADE!! LOJA HÁ 30 ANOS NO MERCADO, VENDENDO COM QUALIDADE E SEGURANÇA, VEÍCULOS PERICIADOS E DE PROCEDÊNCIA, DOCUMENTAÇÃO COM 100% DE GARANTIA. ENTRE EM CONTATO COM NOSSOS CONSULTORES PARA MAIS INFORMAÇÕES, CONSULTE NOSSOS VENDEDORES!",454,False,False,True,False,False,False,5
56125570,False,,0,False,True,True,True,False,False,15
56837646,False,,0,False,True,False,False,False,False,2
57494643,False,,0,False,False,False,False,False,False,0
57494006,False,,0,False,False,False,False,False,False,0
57480059,False,,0,False,True,False,False,False,False,2
57494034,False,,0,False,True,False,False,False,False,2
57480157,False,,0,False,False,False,False,False,False,0
57480112,False,,0,False,False,False,False,False,False,0
57480057,False,,0,False,False,False,False,False,False,0
57480605,False,,0,False,True,False,False,False,False,2
57482281,False,,0,False,False,False,False,False,False,0
57299993,False,"Kdmal Veículos, trata-se de uma revenda tradicional,que atua na comercialização de veículos novos e seminovos de procedência para Franca e toda região. Além da compra, venda e troca, disponibilizamos aos nossos clientes operações de financiamento e refinanciamento de veículos com as melhores taxas do mercado (sujeito a aprovação de crédito). A satisfação dos nossos clientes é o nosso principal objetivo. VENHA NOS FAZER UMA VISITA E COMPROVE !!!",448,False,True,True,False,False,False,13
56897064,False,"Polo GTS 1.4 TSI Flex Automático • 2024 * Ano: 2024 * Motor 1.4 TSI Turbo – desempenho esportivo com excelente eficiência * Câmbio automático de 6 marchas * Versão GTS, topo de linha com pegada esportiva * Visual exclusivo GTS com detalhes em vermelho, rodas esportivas e acabamento diferenciado * Painel digital, central multimídia VW Play e volante multifuncional * Bancos esportivos em couro, ar-condicionado digital e chave presencial * Faróis full LED, sensores de estacionamento e câmera de ré * Controle de estabilidade, controle de tração e assistentes de condução * Veículo em estado de novo, com garantia de fábrica ativa * Laudo cautelar aprovado * Garantia de procedência e qualidade VS Motors * Km 054.669 * R$ 126.900,00 📍 VS Motors – Av. Prof. Luiz Augusto de Oliveira, 231 – Vila Marina, São Carlos - SP 📞 WhatsApp: (16) 99646-4277",847,False,True,True,True,False,True,23
56718603,False,,0,False,True,True,True,False,False,22
56726680,False,"Excelente estado, RARIDADE com baixo km, garantia, top com painel digital, ar digital, bancos em couro, start stop, chave presencial, carregador sem fio, multimídia, volante multif com troca de marchas, rodas de liga, farol full LED, vale a pena conferir. NÓS TEMOS A MELHOR AVALIAÇÃO DO SEU USADO. Parcelamento da entrada no cartão. Não perdemos negócio. Financiamento com as melhores taxas do mercado. Nos reservamos o direito de possíveis erros de digitação, valor e opcionais.",480,False,True,True,True,False,False,23
57180671,False,"Você esta procurando um veiculo, aproveite a confiança e tradição de uma empresa desde 2005 no mercado! Garanta seu veículo com as melhores condições e atendimento especializado, confira agora o nosso VOLKSWAGEN POLO 1.6 MI 2014 MANUAL COMPLETO, só na AUTOMÓVEIS BOM JESUS, carro com PROCEDÊNCIA, EXTREMEMENTE CONSERVADO E MUITO BEM REVISADO, QUER MAIS? GARANTIA 90 DIAS PELA LOJA! é para buscar hoje né? Não perca mais tempo e entre em contato conosco pelo WhatsApp. MAIS OPCIONAIS: Possui: Banco bi-partido, Banco do motorista com ajuste de altura, Encosto de cabeça traseiro, Pára-choques na cor do veículo, Porta-copos",622,False,True,False,False,False,False,11
56348759,False,"*SEMINOVOS COM GARANTIA DE 3 MESES: MOTOR E CÂMBIO.Traga seu usado para uma avaliação. Consulte nossos planos de financiamento, com as melhores taxas do mercado. Reservamos o direito de corrigir eventuais erros de digitação.",224,False,False,False,False,False,False,0
56896716,False,"{JEEP SINAL TANCREDO Av. Tancredo Neves, n°1.401 Tel.: 11-5067-2999*SEMINOVOS COM GARANTIA DE 3 MESES: MOTOR E CÂMBIO.Traga seu usado para uma avaliação. Consulte nossos planos de financiamento, com as melhores taxas do mercado. Reservamos o direito de corrigir eventuais erros de digitação.",291,False,True,False,False,False,False,6
56894179,False,"{JEEP SINAL TANCREDO Av. Tancredo Neves, n°1.401 Tel.: 11-5067-2999*SEMINOVOS COM GARANTIA DE 3 MESES: MOTOR E CÂMBIO.Traga seu usado para uma avaliação. Consulte nossos planos de financiamento, com as melhores taxas do mercado. Reservamos o direito de corrigir eventuais erros de digitação.",291,False,True,False,False,False,False,7
56857603,False,,0,False,False,False,False,False,False,0
57224722,False,,0,False,True,False,True,False,False,5
56856915,False,,0,False,False,False,False,False,False,0
56551448,False,"Banco do motorista com ajuste de altura, Porta-copos, Bluetooth, Comando de Som no Volante, Botão Start/Stop, Apple CarPlay, Controle de Estabilidade, Para choques Pintados Cor do Veículo, MyLink, Piloto Automático, Chave Reserva, Chave Canivete, PARANÁ VEÍCULOS, SEMINOVOS COM QUALIDADE E PROCEDÊNCIA COMPROVADAS. ATENDIMENTO ÚNICO E EXCLUSIVO! FINANCIAMENTO EM ATÉ 60X (CRÉDITO SUJEITO À APROVAÇÃO PELA FINANCEIRA), ATENÇÃO!!! OFERTA PROMOCIONAL VÁLIDA PARA PAGAMENTO À VISTA OU FINANCIADO. EM CASO DE TROCA CONSULTE NOSSA EQUIPE DE VENDAS!",542,False,True,True,True,False,False,17
56702601,False,,0,False,True,False,False,False,False,11
56771928,False,"Pra quem procura um carro econômico, confortável e com um designer autêntico, essa é uma ótima opção! O mais completo da categoria, conta com chave presença, rodas de liga e muito mais. carro 1.0 turbo com 122cv de potência, tem uma resposta rápida de acelerador e não te deixa na mão. Conta com o laudo cautelar 100% aprovado, não tem leilão e não tem sinistro. Só pegar e andar. Aceito seu carro na troca, financio e parcelo no cartão de crédito com as melhoras taxas do mercado. Informações complementares: IPVA Pago, Licenciado",531,False,True,True,True,False,False,14
57457851,False,,0,False,True,True,True,False,False,19
57224710,False,,0,False,True,False,True,False,False,5
57020669,False,"Se você está buscando um novo carro, não se arrisque e compre na Localiza Seminovos: carros com 360 itens verificados, garantia e procedência. Aqui você encontra a maior variedade de modelos do mercado, condições únicas de financiamento, entrada facilitada em até 10 vezes sem juros, carros revisados e com garantia de quilometragem real. Viabilizamos a troca do seu carro usado e entregamos seu novo carro na segurança de sua casa! Agende já seu atendimento.",459,False,True,True,False,False,False,3
57224649,False,,0,False,True,False,True,False,False,5
56920065,False,,0,False,False,False,False,False,False,0
57224522,False,,0,False,True,False,True,False,False,5
56737971,False,,0,False,True,False,True,False,False,2
56633947,False,,0,False,True,True,False,False,False,0
57490609,False,,0,False,True,True,False,False,False,3
57488040,False,,0,False,False,False,False,False,False,0
57507987,False,,0,False,False,True,False,False,False,3
57341367,False,,0,False,True,True,False,False,False,10
56849706,False,,0,False,True,True,False,False,False,10
56504918,False,,0,False,True,True,True,False,False,14
57489233,False,,0,False,False,False,False,False,False,0
56812746,False,"Combinação perfeita entre qualidade e satisfação, qualidade no atendimento e satisfação no melhor negocio, é só aqui no Grupo A-2 Veiculos. Grupo A 2 Veículos, a 20 anos realizando sonhos! Dedicação total aos nossos clientes, com honestidade e qualidade. Além de termos o melhor estoque de semi-novos, todas as marcas e modelos, nossos veículos têm garantia e procedência. Nosso Grupo, conta com 3 lojas em Campinas sendo 1 loja virtual, para melhor atendê-los e com atendimento personalizado aos clientes da ""iCarros"". Além de tudo, para sua comodidade, fazemos seus translado, da rodoviária de Campinas até uma de nossas lojas, venham nos visitar. Boas compras !!!!!",668,False,True,False,False,False,False,11
56721085,False,"Combinação perfeita entre qualidade e satisfação, qualidade no atendimento e satisfação no melhor negocio, é só aqui no Grupo A-2 Veiculos. Grupo A 2 Veículos, a 20 anos realizando sonhos! Dedicação total aos nossos clientes, com honestidade e qualidade. Além de termos o melhor estoque de semi-novos, todas as marcas e modelos, nossos veículos têm garantia e procedência. Nosso Grupo, conta com 3 lojas em Campinas sendo 1 loja virtual, para melhor atendê-los e com atendimento personalizado aos clientes da ""iCarros"". Além de tudo, para sua comodidade, fazemos seus translado, da rodoviária de Campinas até uma de nossas lojas, venham nos visitar. Boas compras !!!!!",668,False,True,False,False,False,False,10
56089940,False,"Combinação perfeita entre qualidade e satisfação, qualidade no atendimento e satisfação no melhor negocio, é só aqui no Grupo A-2 Veiculos. Grupo A 2 Veículos, a 20 anos realizando sonhos! Dedicação total aos nossos clientes, com honestidade e qualidade. Além de termos o melhor estoque de semi-novos, todas as marcas e modelos, nossos veículos têm garantia e procedência. Nosso Grupo, conta com 3 lojas em Campinas sendo 1 loja virtual, para melhor atendê-los e com atendimento personalizado aos clientes da ""iCarros"". Além de tudo, para sua comodidade, fazemos seus translado, da rodoviária de Campinas até uma de nossas lojas, venham nos visitar. Boas compras !!!!!",668,False,True,False,False,False,False,13
56596556,False,"Combinação perfeita entre qualidade e satisfação, qualidade no atendimento e satisfação no melhor negocio, é só aqui no Grupo A-2 Veiculos. Grupo A 2 Veículos, a 20 anos realizando sonhos! Dedicação total aos nossos clientes, com honestidade e qualidade. Além de termos o melhor estoque de semi-novos, todas as marcas e modelos, nossos veículos têm garantia e procedência. Nosso Grupo, conta com 3 lojas em Campinas sendo 1 loja virtual, para melhor atendê-los e com atendimento personalizado aos clientes da ""iCarros"". Além de tudo, para sua comodidade, fazemos seus translado, da rodoviária de Campinas até uma de nossas lojas, venham nos visitar. Boas compras !!!!!",668,False,True,False,False,False,False,13
57279391,False,,0,False,True,False,False,False,False,5
57114554,False,,0,False,False,False,False,False,False,0
57484651,False,,0,False,True,False,False,False,False,3
57484886,False,,0,False,False,False,False,False,False,0
57483015,False,,0,False,False,False,False,False,False,0
57486458,False,,0,False,False,False,False,False,False,0
57484928,False,,0,False,False,False,False,False,False,0
57484941,False,,0,False,False,False,False,False,False,0
57521798,False,,0,False,False,False,False,False,False,0
57486423,False,,0,False,False,False,False,False,False,0
57518301,False,,0,False,False,False,False,False,False,0
57490650,False,,0,False,False,False,False,False,False,0
57490994,False,,0,False,False,False,False,False,False,0
57512193,False,,0,False,False,False,False,False,False,0
57501095,False,,0,False,True,False,False,False,False,2
57489728,False,,0,False,True,True,False,False,False,3
57486640,False,,0,False,False,False,False,False,False,0
57490645,False,,0,False,False,False,False,False,False,0
57484577,False,,0,False,False,False,False,False,False,0
57484731,False,,0,False,False,False,False,False,False,0
56790659,False,,0,False,False,True,False,False,False,5
57482981,False,,0,False,False,False,False,False,False,0
56738102,False,,0,False,True,True,False,False,False,4
57480442,False,,0,False,False,False,False,False,False,0
57486565,False,,0,False,False,False,False,False,False,0
57493477,False,,0,False,False,False,False,False,False,0
57481412,False,,0,False,False,False,False,False,False,0
57481777,False,,0,False,False,False,False,False,False,0
57481770,False,,0,False,False,False,False,False,False,0
57483033,False,,0,False,False,False,False,False,False,0
57481789,False,,0,False,False,False,False,False,False,0
57517555,False,,0,False,False,False,False,False,False,0
57490822,False,,0,False,True,False,False,False,False,2
57488011,False,,0,False,False,False,False,False,False,0
57490838,False,,0,False,True,False,False,False,False,2
57484572,False,,0,False,False,False,False,False,False,0
56786465,False,"Se você está buscando um novo carro, não se arrisque e compre na Localiza Seminovos: carros com 360 itens verificados, garantia e procedência. Aqui você encontra a maior variedade de modelos do mercado, condições únicas de financiamento, entrada facilitada em até 10 vezes sem juros, carros revisados e com garantia de quilometragem real. Viabilizamos a troca do seu carro usado e entregamos seu novo carro na segurança de sua casa! Agende já seu atendimento.",459,False,True,False,False,False,False,2
57494640,False,,0,False,False,False,False,False,False,0
57494002,False,,0,False,False,False,False,False,False,0
57494674,False,,0,False,False,False,False,False,False,0
57494625,False,,0,False,True,False,False,False,False,2
57480608,False,,0,False,False,False,False,False,False,0
57482540,False,,0,False,False,False,False,False,False,0
56524639,False,,0,False,True,True,False,False,False,15
56627709,False,"Turbo, automático, moderno, econômico, completo e tecnológico. Aceitamos carro ou moto na troca, mesmo financiado; FINANCIAMOS COM OU SEM ENTRADA (sujeito a aprovação de crédito); Analisamos o seu crédito por telefone, rápido e sem burocracias. Reservamo-nos o direito de corrigir eventuais erros de digitação em opcionais e preços.*Valor anunciado para pagamento à vista ou financiado. Com carro na troca consulte condições!",425,False,False,True,False,False,False,2
57517554,False,,0,False,False,False,False,False,False,0
57490828,False,,0,False,False,False,False,False,False,0
57488003,False,,0,False,False,False,False,False,False,0
57490839,False,,0,False,False,False,False,False,False,0
57484567,False,,0,False,False,False,False,False,False,0
56564177,False,,0,False,True,True,True,False,False,15
57103416,False,,0,False,False,False,False,False,False,0
56504914,False,"Bem Vindo A 1000 Valle foi fundada em 1997 para atuar no segmento de veículos seminovos tendo como foco a qualidade e procedência de nossos veículos. Somos uma empresa familiar e prezamos pela qualidade dos serviços e do atendimento, para que nossos clientes se sintam sempre a vontade, e através de negociações transparentes, honestidade, e ética, transmitir a segurança que é necessária para assim buscar sua satisfação e fidelização com nossa marca. Hoje contamos com um estoque de mais de 250 veículos seminovos de variadas marcas e modelos, todos revisados, com garantia, e com a procedência e a qualidade que é o nosso grande diferencial.",644,False,True,True,True,False,False,14
56900208,False,"Chave presencial, painel digital, baixa km, veículo revisado, muito bem conservado e com laudo cautelar aprovado. Venha ser cliente Vip Motors! Mais de 40 anos de experiência no mercado. Excelentes condições de financiamento e cartão de crédito. Aceitamos seu veículo como parte de pagamento. Venha nos visitar e faça já seu teste-drive! Valor anunciado para pagamento à vista ou 100% financiado sem troca. Nos reservamos o direito de corrigir possíveis erros de digitação ou publicação.",487,False,True,False,True,False,False,13
56529689,False,,0,False,True,False,False,False,False,2
56529678,False,,0,False,True,True,True,False,False,3
57495124,False,,0,False,False,False,False,False,False,0
56610307,False,,0,False,True,False,False,False,False,2
57507991,False,,0,False,False,False,False,False,False,0
56900522,False,"Garantia de Fábrica, Garantia da Loja, IPVA Pago, Licenciado, Veículo de não-fumante, Nenhuma Batida, Único Dono ÚNICA DONA COM APENAS 50 MIL KMS/ TODAS AS REVISÕES FEITA NA VOLKSWAGEM/ TOP / VERSÃO HIGHILINE CAUTELAR APROVADA 100%% MANUAL E CHAVE RESERVA LICENCIADO 2026 IPVA 2026 PAGO",286,False,True,True,True,False,False,15
55572587,False,,0,False,True,False,False,False,False,3
57038964,False,,0,False,False,False,False,False,False,0
56896434,False,,0,False,False,False,False,False,False,0
57490973,False,,0,False,False,False,False,False,False,0
57490898,False,,0,False,False,False,False,False,False,0
57490652,False,,0,False,False,False,False,False,False,0
57520395,False,,0,False,False,False,False,False,False,0
57490998,False,,0,False,False,False,False,False,False,0
57520447,False,,0,False,False,False,False,False,False,0
57488757,False,,0,False,False,False,False,False,False,0
56435829,False,""" Somos uma loja com tradição de 40 anos no mercado de Campinas e Região, temos garantia e credibilidade, o que gera tranquilidade a você nosso cliente!!! Faça-nos uma visita com toda a família!!!""",197,False,True,True,True,False,False,13
56900389,False,"VEÍCULO EM EXCELENTE ESTADO DE CONSERVAÇÃO, PERICIADO E APROVADO, KM ORIGINAL, JOGO DE PNEUS NOVOS, ACABAMENTO INTERNO IMPECÁVEL, VEÍCULO SEM DETALHE, TODOS OS NOSSOS VEÍCULOS SÃO REVISADOS E COM GARANTIA, DOCUMENTAÇÃO EM DIA!! TEMOS AS MELHORES TAXAS DE FINANCIAMENTO E A MELHOR AVALIAÇÃO DO SEU USADO NA TROCA! VENHA CONFERIR! Informações complementares: IPVA Pago, Licenciado",378,False,True,True,True,False,False,12
56556748,False,"VEÍCULO EM EXCELENTE ESTADO DE CONSERVAÇÃO, PERICIADO E APROVADO, KM ORIGINAL, JOGO DE PNEUS NOVOS, ACABAMENTO INTERNO IMPECÁVEL, VEÍCULO SEM DETALHE, TODOS OS NOSSOS VEÍCULOS SÃO REVISADOS E COM GARANTIA, DOCUMENTAÇÃO EM DIA!! TEMOS AS MELHORES TAXAS DE FINANCIAMENTO E A MELHOR AVALIAÇÃO DO SEU USADO NA TROCA! VENHA CONFERIR!! Informações complementares: IPVA Pago, Licenciado",379,False,True,True,True,False,False,13
56290445,False,,0,False,False,False,False,False,False,0
57486049,False,,0,False,False,False,False,False,False,0
57485951,False,,0,False,False,False,False,False,False,0
57515522,False,,0,False,False,False,False,False,False,0
57477488,False,,0,False,False,False,False,False,False,0
57477461,False,,0,False,False,False,False,False,False,0
57486168,False,,0,False,False,False,False,False,False,0
56891093,False,,0,False,True,False,False,False,False,2
56347529,False,,0,False,True,True,False,False,False,4
57491507,False,,0,False,False,False,False,False,False,0
57511749,False,,0,False,True,False,False,False,False,2
57494481,False,,0,False,False,False,False,False,False,0
57494536,False,,0,False,True,False,False,False,False,2
57380582,False,,0,False,True,True,False,False,False,3
57380522,False,,0,False,True,True,False,False,False,3
57484655,False,,0,False,True,False,False,False,False,3
57521799,False,,0,False,False,False,False,False,False,0
57484975,False,,0,False,False,False,False,False,False,0
57518305,False,,0,False,False,False,False,False,False,0
57022021,False,"Se você está buscando um novo carro, não se arrisque e compre na Localiza Seminovos: carros com 360 itens verificados, garantia e procedência. Aqui você encontra a maior variedade de modelos do mercado, condições únicas de financiamento, entrada facilitada em até 10 vezes sem juros, carros revisados e com garantia de quilometragem real. Viabilizamos a troca do seu carro usado e entregamos seu novo carro na segurança de sua casa! Agende já seu atendimento.",459,False,False,True,False,False,False,3
57512192,False,,0,False,True,True,False,False,False,3
56789904,False,"Se você está sonhando em trocar de carro, agora você está na direção certa! O seminovo mais novo do Brasil está na Localiza Seminovos, onde você encontra a maior variedade de modelos do mercado e muitas vantagens, como condições únicas de financiamento, entrada facilitada em até 10 vezes sem juros, carros revisados e com garantia de quilometragem real, viabilizamos a troca do seu carro usado e entregamos seu novo carro na segurança de sua casa! Agende já seu atendimento!",475,False,True,False,False,False,False,10
57493108,False,,0,False,False,False,False,False,False,0
57486644,False,,0,False,False,False,False,False,False,0
56587255,False,"Volkswagen Polo Highline 200 TSI 1.0 Flex 12V Aut. 2018 Volkswagen Polo Highline 200TSI - Performance Stage 2! Para quem busca o equilíbrio perfeito entre o luxo da versão Highline e uma pitada extra de potência. Esse Polo não é apenas um carro, é uma experiência de condução. Upgrade: Kit Stage 2 Downpipe (Mais torque e resposta!) Pneus: Novos, prontos para a estrada. Km: 72.000 km Estado: Carro extremamente bem cuidado, para clientes exigentes. Valor: R$ 85.900,00 Avenida Dr Pedro Lessa 2500, Santos/SP. Publicado por autonitro.com.br",540,False,False,False,False,False,False,0
56562237,False,"VW POLO HIGHLINE TSI CÂMBIO AUTOMÁTICO 2019 | FLEX | KM: 135.978 - AUTOMÁTICO - CAUTELAR APROVADO - ALARME - AR CONDICIONADO - SENSOR DE ESTACIONAMENTO - VIDROS E TRAVAS ELÉTRICOS - SOM R$79.900,00 Av. Getúlio Vargas 983 Jd Piratininga Osasco Aceitamos o seu usado na troca, com a melhor avaliação do mercado! Planos de Financiamento com e sem entrada, em até 60x. Parcelamos a sua entrada em até 18x no cartão de crédito. Trabalhamos com todas as financeiras.",460,False,True,True,True,False,False,19
57525726,False,,0,False,False,False,False,False,False,0
57521010,False,,0,False,False,False,False,False,False,0
57488941,False,,0,False,False,False,False,False,False,0
57488909,False,,0,False,False,False,False,False,False,0
56378167,False,,0,False,False,True,False,False,False,5
57507948,False,,0,False,False,False,False,False,False,0
56810791,False,,0,False,True,True,False,False,False,3
57493633,False,,0,False,False,False,False,False,False,0
56457362,False,"Se você está buscando um novo carro, não se arrisque e compre na Localiza Seminovos: carros com 360 itens verificados, garantia e procedência. Aqui você encontra a maior variedade de modelos do mercado, condições únicas de financiamento, entrada facilitada em até 10 vezes sem juros, carros revisados e com garantia de quilometragem real. Viabilizamos a troca do seu carro usado e entregamos seu novo carro na segurança de sua casa! Agende já seu atendimento.",459,False,False,True,False,False,False,2
56388075,False,,0,False,False,True,False,False,False,1
56765596,False,,0,False,False,False,False,False,False,0
57183220,False,,0,False,True,True,True,False,False,16
56767620,False,"Se você está buscando um novo carro, não se arrisque e compre na Localiza Seminovos: carros com 360 itens verificados, garantia e procedência. Aqui você encontra a maior variedade de modelos do mercado, condições únicas de financiamento, entrada facilitada em até 10 vezes sem juros, carros revisados e com garantia de quilometragem real. Viabilizamos a troca do seu carro usado e entregamos seu novo carro na segurança de sua casa! Agende já seu atendimento.",459,False,False,True,False,False,False,2
56767765,False,"Se você está buscando um novo carro, não se arrisque e compre na Localiza Seminovos: carros com 360 itens verificados, garantia e procedência. Aqui você encontra a maior variedade de modelos do mercado, condições únicas de financiamento, entrada facilitada em até 10 vezes sem juros, carros revisados e com garantia de quilometragem real. Viabilizamos a troca do seu carro usado e entregamos seu novo carro na segurança de sua casa! Agende já seu atendimento.",459,False,True,True,False,False,False,3
56767744,False,"Se você está buscando um novo carro, não se arrisque e compre na Localiza Seminovos: carros com 360 itens verificados, garantia e procedência. Aqui você encontra a maior variedade de modelos do mercado, condições únicas de financiamento, entrada facilitada em até 10 vezes sem juros, carros revisados e com garantia de quilometragem real. Viabilizamos a troca do seu carro usado e entregamos seu novo carro na segurança de sua casa! Agende já seu atendimento.",459,False,False,True,False,False,False,2
56767751,False,"Se você está buscando um novo carro, não se arrisque e compre na Localiza Seminovos: carros com 360 itens verificados, garantia e procedência. Aqui você encontra a maior variedade de modelos do mercado, condições únicas de financiamento, entrada facilitada em até 10 vezes sem juros, carros revisados e com garantia de quilometragem real. Viabilizamos a troca do seu carro usado e entregamos seu novo carro na segurança de sua casa! Agende já seu atendimento.",459,False,False,True,False,False,False,2
56767702,False,"Se você está buscando um novo carro, não se arrisque e compre na Localiza Seminovos: carros com 360 itens verificados, garantia e procedência. Aqui você encontra a maior variedade de modelos do mercado, condições únicas de financiamento, entrada facilitada em até 10 vezes sem juros, carros revisados e com garantia de quilometragem real. Viabilizamos a troca do seu carro usado e entregamos seu novo carro na segurança de sua casa! Agende já seu atendimento.",459,False,False,True,False,False,False,2
56767753,False,"Se você está buscando um novo carro, não se arrisque e compre na Localiza Seminovos: carros com 360 itens verificados, garantia e procedência. Aqui você encontra a maior variedade de modelos do mercado, condições únicas de financiamento, entrada facilitada em até 10 vezes sem juros, carros revisados e com garantia de quilometragem real. Viabilizamos a troca do seu carro usado e entregamos seu novo carro na segurança de sua casa! Agende já seu atendimento.",459,False,False,True,False,False,False,2
57530543,False,,0,False,False,False,False,False,False,0
57494831,False,,0,False,False,False,False,False,False,0
57518644,False,,0,False,True,True,False,False,False,3
57489335,False,,0,False,False,True,False,False,False,3
57494898,False,,0,False,False,False,False,False,False,0
57495045,False,,0,False,False,False,False,False,False,0
57494807,False,,0,False,False,True,False,False,False,2
56767752,False,"Se você está buscando um novo carro, não se arrisque e compre na Localiza Seminovos: carros com 360 itens verificados, garantia e procedência. Aqui você encontra a maior variedade de modelos do mercado, condições únicas de financiamento, entrada facilitada em até 10 vezes sem juros, carros revisados e com garantia de quilometragem real. Viabilizamos a troca do seu carro usado e entregamos seu novo carro na segurança de sua casa! Agende já seu atendimento.",459,False,False,True,False,False,False,3
56893526,False,"VALOR ANUNCIADO VÁLIDO PARA COMPRA SEM TROCA. Todos os nossos carros são PERICIADOS, REVISADOS E COM GARANTIA DE 1 ANO. Trabalhamos com TODAS AS FINANCEIRAS BANCÁRIAS. Fazemos TROCA COM TROCO, PARCELAMOS A ENTRADA NO CARTÃO DE CRÉDITO e FACILITAMOS SUA APROVAÇÃO NO FINANCIAMENTO. Nossos veículos possuem HISTÓRICO DE REVISÕES COMPLETO e VISTORIA CAUTELAR APROVADA. PIONEIROS NA REGIÃO DO VALE, com + DE 27 ANOS DE TRADIÇÃO E CONFIANÇA NO MERCADO AUTOMOTIVO. consulte condições, sujeito a erros. Informações complementares: IPVA Pago, Licenciado",545,False,True,True,True,False,False,13
57498070,False,,0,False,True,True,True,False,False,20
56349091,False,,0,False,False,False,False,False,False,0
56788333,False,"Veiculo tirado em 7/10/24,TODAS AS REVISOES FEITAS NA CONCESSIONARIA,COMPLETO INCLUSIVE PAINEL DIGITAL E CAMERA DE RE,IMPECAVEL, ex proprietaria EXTREMAMENTE CUIDADOSA,VERDADEIRA JOIA,NAO EXISTE MAIS NOVO,SEM EXAGEROS,nao possui sequer raspados de rodas ou parachoques,qto muito menos riscos,retoques ou picados,inacreditavel conservaçao tanto interno qto externo,POSSUI TODOS OS PLASTICOS DE NOVO,veiculo de ALTISSIMA qualidade para pessoas REALMENTE EXIGENTES.obs:REPITO:QUERO VER MAIS NOVO.",493,False,True,True,True,False,True,18
56594126,False,"GP VEÍCULOS esta presente no mercado em São Carlos desde 1990, procurando prezar pela qualidade de seus veículos, garantia e procedencia. Temos as melhores taxas do mercado e automoveis vistoriados. Entre em contato por telefone, e-mail ou whatsapp para maiores informaçoes sobre os veiculos da loja e financiamentos.",317,False,True,True,True,False,False,16
56384646,False,"Auto Classe Multimarcas, desde 2016 realizando sonhos de nossos clientes, Vasto conhecimento na área de veículos, com uma equipe pronta para responder todas suas dúvidas! Todos nossos carros tem Laudo Cautelar aprovado, financiamento rápido e sem burocracia. VENHA VOCÊ TAMBÉM PARA AUTO CLASSE MULTIMARCAS!!",307,False,False,False,False,False,False,0
56890022,False,"Se você está sonhando em trocar de carro, agora você está na direção certa! O seminovo mais novo do Brasil está na Localiza Seminovos, onde você encontra a maior variedade de modelos do mercado e muitas vantagens, como condições únicas de financiamento, entrada facilitada em até 10 vezes sem juros, carros revisados e com garantia de quilometragem real, viabilizamos a troca do seu carro usado e entregamos seu novo carro na segurança de sua casa! Agende já seu atendimento!",475,False,True,True,False,False,False,3
56889979,False,"Se você está buscando um novo carro, não se arrisque e compre na Localiza Seminovos: carros com 360 itens verificados, garantia e procedência. Aqui você encontra a maior variedade de modelos do mercado, condições únicas de financiamento, entrada facilitada em até 10 vezes sem juros, carros revisados e com garantia de quilometragem real. Viabilizamos a troca do seu carro usado e entregamos seu novo carro na segurança de sua casa! Agende já seu atendimento.",459,False,False,True,False,False,False,2
56890019,False,,0,False,False,True,False,False,False,2
56890004,False,,0,False,False,True,False,False,False,2
56889971,False,"Se você está buscando um novo carro, não se arrisque e compre na Localiza Seminovos: carros com 360 itens verificados, garantia e procedência. Aqui você encontra a maior variedade de modelos do mercado, condições únicas de financiamento, entrada facilitada em até 10 vezes sem juros, carros revisados e com garantia de quilometragem real. Viabilizamos a troca do seu carro usado e entregamos seu novo carro na segurança de sua casa! Agende já seu atendimento.",459,False,False,True,False,False,False,4
56890030,False,"Se você está buscando um novo carro, não se arrisque e compre na Localiza Seminovos: carros com 360 itens verificados, garantia e procedência. Aqui você encontra a maior variedade de modelos do mercado, condições únicas de financiamento, entrada facilitada em até 10 vezes sem juros, carros revisados e com garantia de quilometragem real. Viabilizamos a troca do seu carro usado e entregamos seu novo carro na segurança de sua casa! Agende já seu atendimento.",459,False,False,True,False,False,False,4
56890115,False,,0,False,False,True,False,False,False,1
56890157,False,"Se você está buscando um novo carro, não se arrisque e compre na Localiza Seminovos: carros com 360 itens verificados, garantia e procedência. Aqui você encontra a maior variedade de modelos do mercado, condições únicas de financiamento, entrada facilitada em até 10 vezes sem juros, carros revisados e com garantia de quilometragem real. Viabilizamos a troca do seu carro usado e entregamos seu novo carro na segurança de sua casa! Agende já seu atendimento.",459,False,True,True,False,False,False,5
57267359,False,,0,False,False,True,False,False,False,3
56890168,False,,0,False,False,True,False,False,False,3
56890156,False,"Se você está buscando um novo carro, não se arrisque e compre na Localiza Seminovos: carros com 360 itens verificados, garantia e procedência. Aqui você encontra a maior variedade de modelos do mercado, condições únicas de financiamento, entrada facilitada em até 10 vezes sem juros, carros revisados e com garantia de quilometragem real. Viabilizamos a troca do seu carro usado e entregamos seu novo carro na segurança de sua casa! Agende já seu atendimento.",459,False,False,True,False,False,False,5
56890069,False,,0,False,False,True,False,False,False,3
56890055,False,"Se você está buscando um novo carro, não se arrisque e compre na Localiza Seminovos: carros com 360 itens verificados, garantia e procedência. Aqui você encontra a maior variedade de modelos do mercado, condições únicas de financiamento, entrada facilitada em até 10 vezes sem juros, carros revisados e com garantia de quilometragem real. Viabilizamos a troca do seu carro usado e entregamos seu novo carro na segurança de sua casa! Agende já seu atendimento.",459,False,True,True,False,False,False,3
57485684,False,,0,False,False,False,False,False,False,0
57267253,False,"Se você está buscando um novo carro, não se arrisque e compre na Localiza Seminovos: carros com 360 itens verificados, garantia e procedência. Aqui você encontra a maior variedade de modelos do mercado, condições únicas de financiamento, entrada facilitada em até 10 vezes sem juros, carros revisados e com garantia de quilometragem real. Viabilizamos a troca do seu carro usado e entregamos seu novo carro na segurança de sua casa! Agende já seu atendimento.",459,False,False,True,False,False,False,3
56587709,False,,0,False,True,False,False,False,False,4
55750199,False,"Veículo em ótimo estado de conservação, periciado e revisado. Aceitamos veículo na troca mediante avaliação. Fazemos troca com troco. Financiamos até sem entrada ou com entrada parcelada no cartão. Informações complementares: Único Dono, Revisado No Agenda Do Carro",265,False,True,True,True,False,False,14
56763722,False,,0,False,True,False,False,False,False,3
56706139,False,,0,False,False,False,False,False,False,0
57173938,False,,0,False,False,False,False,False,False,0
56745759,False,"IPVA QUITADO T-Cross Highline 1.4 25O TSI, Carro Novo, Sem Detalhes, com Pacote Top da Categoria, Bicolor, sendo Cinza Ascot com Black Piano, Pacote Dark, Cautelar 1OO% Aprovada, Toda Revisada em Concessionária, com Garantia de Fábrica Ativa. Oferece, além dos opcionais de série da Highline, Alerta de Tráfego Cruzado, Alerta de Ponto Cego, Alerta de Mudança de Faixa, Assistente de Permanência em Faixa, Park Assist e Teto Solar Panorâmico. Manual e Chave Reserva. 6 Air Bags / Câmera de Ré / Garantia de Fábrica / IPVA Pago / Padle Shift / Painel Digital / Park Assist / Partida Start Stop / Revisado Concessionária / Revisado no Agenda do Carro / Turbo",656,False,True,True,True,True,True,8
56827489,False,"VOLSWAGEN TCROSS CONFORTLINE 1.0 FLEX MANUAL 2023 APENAS 29.000 KM UNICO DONO VW PLAY 10' PREÇO R$ 115.900,00 Informações complementares: Único Dono",148,False,True,True,True,False,False,14
56665697,False,Para a DAVEMA MUlLTIMARCAS a garantia dos Veículos é fundamental. Nossos veículos possuem 3 meses de garantia para motor e câmbio. Temos ótimas taxas para financiamentos. As melhores condições de pagamento do mercado. Aguardamos sua visita!,240,False,True,True,True,False,False,18
56689642,False,"COMPLETÍSSIMA, COM CENTRAL MULTIMÍDIA OPCIONAL GRANDE COM APPLE CARPLAY, RODAS MAIORES ORIGINAIS! Dentro do mais alto padrão de qualidade da nossa loja, este veículo foi aprovado em todos os critérios e se encontra em estado verdadeiramente impecável. Uma verdadeira joia, sem absolutamente nenhum detalhe. Estado externo e interno imaculado, com nível de conservação que impressiona até os mais exigentes. Todas as revisões foram realizadas pontualmente e estão rigorosamente em dia. Simplesmente dispensa comentários. Acompanha manual e chave reserva originais. Ex-proprietário extremamente cuidadoso, detalhista e perfeccionista - exatamente como nós. Reforçando: dificilmente você encontrará outro exemplar em condição mais nova. Todos os nossos veículos passam por um criterioso e rigoroso processo seletivo. Trabalhamos exclusivamente com carros de procedência, meticulosamente periciados por empresa especializada. Com mais de 30 anos de credibilidade e tradição no mercado automotivo, garantimos que o veículo desejado atende a todos os nossos requisitos de qualidade - e você não perderá sua viagem até nós. Para mais informações ou condições de negociação, entre em contato. Será um prazer atendê-lo. | Aceito Troca, Air Bag Duplo, Android Auto, Apple CarPlay, Bluetooth, Chave Reserva, Garantia de 3 meses, Para-choques na cor do veículo, Sem Gravame, Som original, Completo, EBD, Freio a Disco, Insulfilme, MP3, Nota fiscal, Outros, Periciado, Pintura Metálica, Pisca no Retrovisor, Pneu Estepe sem uso, Pneus Novos, Quilometragem Baixa, Tração FWD, Veículo de não Fumante | [2540395]",1596,False,True,False,True,False,False,14
57019971,False,"Se piscar, vai perder esta oportunidade! SOMENTE NA ALIANÇA AUTOMÓVEIS - ZONA LESTE SP Se você quer um SUV novo, econômico e com alta valorização, esta é a escolha certa - e pelo preço justo. Apenas R$ 93.900,00 Preço estratégico para giro rápido. Quem chega primeiro leva. Veículo prata, modelo 2022, praticamente zero, com excelente aceitação no mercado. CONDIÇÃO: Veículo revisado, periciado e aprovado, não é de leilão, ipva pago, não possui débitos, pneus em ótimo estado, com garantia e pronto para transferência. PRINCIPAIS DIFERENCIAIS: Motor 1.0 Turbo flex (ótima performance com baixo consumo) Câmbio automático Central multimídia com câmera de ré Direção elétrica Ar-condicionado Vidros, travas e retrovisores elétricos Controle de estabilidade e tração Airbags e freios ABS Acabamento moderno e confortável POR QUE ESSE CARRO VENDE RÁPIDO: Cor prata (mais valorizada na revenda) Modelo novo, sem dor de cabeça Excelente consumo de combustível Alta procura no mercado Ótimo custo-benefício FACILIDADES: Aceitamos troca (avaliação rápida) Financiamento facilitado com aprovação ágil Loja física na Zona Leste de São Paulo ATENÇÃO: veículos nesse perfil e nessa faixa de preço não permanecem disponíveis por muito tempo. Entre em contato agora e garanta antes que seja vendido.",1286,False,True,True,True,False,True,18
57460196,False,"Nós da Mjcars trabalhamos com um novo conceito em atendimento de veículos.Financiamentos em até 60x, laudo cautelar aprovado, veículos polidos e higienizados. Aceitamos seu carro como parte de pagamento, compra com troco, carta de crédito e consignações.Reservamo-nos o direito de corrigir possíveis erros de digitação.. Revisões na Concessionária.",348,False,True,False,False,True,False,7
57436793,False,"Nós da Mjcars trabalhamos com um novo conceito em atendimento de veículos.Financiamentos em até 60x, laudo cautelar aprovado, veículos polidos e higienizados. Aceitamos seu carro como parte de pagamento, compra com troco, carta de crédito e consignações.Reservamo-nos o direito de corrigir possíveis erros de digitação.",319,False,True,True,False,True,False,15
56337812,False,,0,False,True,True,True,False,False,16
57488387,False,,0,False,False,False,False,False,False,0
57528646,False,,0,False,False,False,False,False,False,0
57513717,False,,0,False,False,False,False,False,False,0
57492138,False,,0,False,False,False,False,False,False,0
57492242,False,,0,False,False,False,False,False,False,0
56379627,False,,0,False,True,True,False,False,False,3
57505206,False,,0,False,False,False,False,False,False,0
57496315,False,,0,False,False,False,False,False,False,0
57481387,False,,0,False,False,False,False,False,False,0
57478545,False,,0,False,False,False,False,False,False,0
56579853,False,,0,False,False,True,False,False,False,3
57113788,False,,0,False,True,False,True,False,False,11
56848825,False,,0,False,True,True,False,False,False,9
55903390,False,"T-cross 200 Tsi 1.0 Flex completa com cambio automático, rodas de liga leve e sistema de som original de Fabrica, carro unico dono com bom km vale muito apena conferir e com um ótimo preço apenas R$ 82.000,00 == Qualquer dúvida estamos a disposição ou Venha até nossa loja fazer uma visita! == Atenciosamente Consultor de vendas Junior (11) 94376-1738 WhatsApp (11) 4492-5050 loja",380,False,True,True,True,False,False,18
56838633,False,,0,False,True,False,True,True,False,6
56902049,False,,0,False,True,False,True,True,False,8
56969113,False,,0,False,True,False,False,False,False,3
56794907,False,,0,False,False,False,False,False,False,0
57486840,False,,0,False,False,False,False,False,False,0
57487580,False,,0,False,False,False,False,False,False,0
57496513,False,,0,False,True,True,False,False,False,3
57484823,False,,0,False,False,False,False,False,False,0
57487664,False,,0,False,False,False,False,False,False,0
56897000,False,,0,False,False,False,False,False,False,0
56859502,False,,0,False,True,True,True,False,False,16
56663671,False,,0,False,True,True,False,False,False,3
57477443,False,,0,False,False,False,False,False,False,0
57490186,False,,0,False,True,True,False,False,False,3
57490188,False,,0,False,False,False,False,False,False,0
57240880,False,,0,False,False,False,False,False,False,0
56718859,False,"Preço para venda à vista ou financiamento, consulte -nos em caso de troca. Reservamo-nos no direito de corrigir eventuais erros de digitação",140,False,False,False,False,False,False,0
56814880,False,"A Unimais Veículos tem sido a referência em excelência e confiança no mercado de veículos em Campinas e Hortolândia. Com quatro lojas estrategicamente localizadas, sendo três em Campinas e uma em Hortolândia, oferecemos uma experiência única para nossos clientes. Nosso Compromisso: Variedade Excepcional: Com mais de 400 carros em estoque, nossa seleção abrange desde modelos clássicos até os mais recentes lançamentos. Encontrar o veículo perfeito é a nossa missão. 20 Anos de Expertise: Ao longo de duas décadas, cultivamos uma expertise inigualável no setor automotivo. Nossa equipe dedicada está pronta para oferecer orientação e suporte em cada passo do processo de compra. Proximidade e Comodidade: Com três lojas em Campinas e uma em Hortolândia, estamos sempre próximos para atender às suas necessidades. Visite-nos e descubra por que somos a escolha confiável de tantos clientes satisfeitos. Na Unimais Veículos, não vendemos apenas carros; entregamos sonhos sobre quatro rodas. Explore nosso estoque online ou visite uma de nossas lojas para começar sua jornada automotiva conosco. Seja bem-vindo à Unimais Veículos, onde sua satisfação é nossa prioridade.",1167,False,True,True,True,False,False,16
57298575,False,"A Unimais Veículos tem sido a referência em excelência e confiança no mercado de veículos em Campinas e Hortolândia. Com quatro lojas estrategicamente localizadas, sendo três em Campinas e uma em Hortolândia, oferecemos uma experiência única para nossos clientes. Nosso Compromisso: Variedade Excepcional: Com mais de 400 carros em estoque, nossa seleção abrange desde modelos clássicos até os mais recentes lançamentos. Encontrar o veículo perfeito é a nossa missão. 20 Anos de Expertise: Ao longo de duas décadas, cultivamos uma expertise inigualável no setor automotivo. Nossa equipe dedicada está pronta para oferecer orientação e suporte em cada passo do processo de compra. Proximidade e Comodidade: Com três lojas em Campinas e uma em Hortolândia, estamos sempre próximos para atender às suas necessidades. Visite-nos e descubra por que somos a escolha confiável de tantos clientes satisfeitos. Na Unimais Veículos, não vendemos apenas carros; entregamos sonhos sobre quatro rodas. Explore nosso estoque online ou visite uma de nossas lojas para começar sua jornada automotiva conosco. Seja bem-vindo à Unimais Veículos, onde sua satisfação é nossa prioridade.",1167,False,False,True,True,False,False,15
56834033,False,"A Unimais Veículos tem sido a referência em excelência e confiança no mercado de veículos em Campinas e Hortolândia. Com quatro lojas estrategicamente localizadas, sendo três em Campinas e uma em Hortolândia, oferecemos uma experiência única para nossos clientes. Nosso Compromisso: Variedade Excepcional: Com mais de 400 carros em estoque, nossa seleção abrange desde modelos clássicos até os mais recentes lançamentos. Encontrar o veículo perfeito é a nossa missão. 20 Anos de Expertise: Ao longo de duas décadas, cultivamos uma expertise inigualável no setor automotivo. Nossa equipe dedicada está pronta para oferecer orientação e suporte em cada passo do processo de compra. Proximidade e Comodidade: Com três lojas em Campinas e uma em Hortolândia, estamos sempre próximos para atender às suas necessidades. Visite-nos e descubra por que somos a escolha confiável de tantos clientes satisfeitos. Na Unimais Veículos, não vendemos apenas carros; entregamos sonhos sobre quatro rodas. Explore nosso estoque online ou visite uma de nossas lojas para começar sua jornada automotiva conosco. Seja bem-vindo à Unimais Veículos, onde sua satisfação é nossa prioridade.",1167,False,True,True,True,False,False,15
57298405,False,"A Unimais Veículos tem sido a referência em excelência e confiança no mercado de veículos em Campinas e Hortolândia. Com quatro lojas estrategicamente localizadas, sendo três em Campinas e uma em Hortolândia, oferecemos uma experiência única para nossos clientes. Nosso Compromisso: Variedade Excepcional: Com mais de 400 carros em estoque, nossa seleção abrange desde modelos clássicos até os mais recentes lançamentos. Encontrar o veículo perfeito é a nossa missão. 20 Anos de Expertise: Ao longo de duas décadas, cultivamos uma expertise inigualável no setor automotivo. Nossa equipe dedicada está pronta para oferecer orientação e suporte em cada passo do processo de compra. Proximidade e Comodidade: Com três lojas em Campinas e uma em Hortolândia, estamos sempre próximos para atender às suas necessidades. Visite-nos e descubra por que somos a escolha confiável de tantos clientes satisfeitos. Na Unimais Veículos, não vendemos apenas carros; entregamos sonhos sobre quatro rodas. Explore nosso estoque online ou visite uma de nossas lojas para começar sua jornada automotiva conosco. Seja bem-vindo à Unimais Veículos, onde sua satisfação é nossa prioridade.",1167,False,False,True,True,False,False,15
55759798,False,"A Unimais Veículos tem sido a referência em excelência e confiança no mercado de veículos em Campinas e Hortolândia. Com quatro lojas estrategicamente localizadas, sendo três em Campinas e uma em Hortolândia, oferecemos uma experiência única para nossos clientes. Nosso Compromisso: Variedade Excepcional: Com mais de 400 carros em estoque, nossa seleção abrange desde modelos clássicos até os mais recentes lançamentos. Encontrar o veículo perfeito é a nossa missão. 20 Anos de Expertise: Ao longo de duas décadas, cultivamos uma expertise inigualável no setor automotivo. Nossa equipe dedicada está pronta para oferecer orientação e suporte em cada passo do processo de compra. Proximidade e Comodidade: Com três lojas em Campinas e uma em Hortolândia, estamos sempre próximos para atender às suas necessidades. Visite-nos e descubra por que somos a escolha confiável de tantos clientes satisfeitos. Na Unimais Veículos, não vendemos apenas carros; entregamos sonhos sobre quatro rodas. Explore nosso estoque online ou visite uma de nossas lojas para começar sua jornada automotiva conosco. Seja bem-vindo à Unimais Veículos, onde sua satisfação é nossa prioridade.",1167,False,True,True,True,False,False,13
55883454,False,"A Unimais Veículos tem sido a referência em excelência e confiança no mercado de veículos em Campinas e Hortolândia. Com quatro lojas estrategicamente localizadas, sendo três em Campinas e uma em Hortolândia, oferecemos uma experiência única para nossos clientes. Nosso Compromisso: Variedade Excepcional: Com mais de 400 carros em estoque, nossa seleção abrange desde modelos clássicos até os mais recentes lançamentos. Encontrar o veículo perfeito é a nossa missão. 20 Anos de Expertise: Ao longo de duas décadas, cultivamos uma expertise inigualável no setor automotivo. Nossa equipe dedicada está pronta para oferecer orientação e suporte em cada passo do processo de compra. Proximidade e Comodidade: Com três lojas em Campinas e uma em Hortolândia, estamos sempre próximos para atender às suas necessidades. Visite-nos e descubra por que somos a escolha confiável de tantos clientes satisfeitos. Na Unimais Veículos, não vendemos apenas carros; entregamos sonhos sobre quatro rodas. Explore nosso estoque online ou visite uma de nossas lojas para começar sua jornada automotiva conosco. Seja bem-vindo à Unimais Veículos, onde sua satisfação é nossa prioridade.",1167,False,False,True,True,False,False,14
56540243,False,"A Unimais Veículos tem sido a referência em excelência e confiança no mercado de veículos em Campinas e Hortolândia. Com quatro lojas estrategicamente localizadas, sendo três em Campinas e uma em Hortolândia, oferecemos uma experiência única para nossos clientes. Nosso Compromisso: Variedade Excepcional: Com mais de 400 carros em estoque, nossa seleção abrange desde modelos clássicos até os mais recentes lançamentos. Encontrar o veículo perfeito é a nossa missão. 20 Anos de Expertise: Ao longo de duas décadas, cultivamos uma expertise inigualável no setor automotivo. Nossa equipe dedicada está pronta para oferecer orientação e suporte em cada passo do processo de compra. Proximidade e Comodidade: Com três lojas em Campinas e uma em Hortolândia, estamos sempre próximos para atender às suas necessidades. Visite-nos e descubra por que somos a escolha confiável de tantos clientes satisfeitos. Na Unimais Veículos, não vendemos apenas carros; entregamos sonhos sobre quatro rodas. Explore nosso estoque online ou visite uma de nossas lojas para começar sua jornada automotiva conosco. Seja bem-vindo à Unimais Veículos, onde sua satisfação é nossa prioridade.",1167,False,True,False,True,False,False,7
56819424,False,"A Unimais Veículos tem sido a referência em excelência e confiança no mercado de veículos em Campinas e Hortolândia. Com quatro lojas estrategicamente localizadas, sendo três em Campinas e uma em Hortolândia, oferecemos uma experiência única para nossos clientes. Nosso Compromisso: Variedade Excepcional: Com mais de 400 carros em estoque, nossa seleção abrange desde modelos clássicos até os mais recentes lançamentos. Encontrar o veículo perfeito é a nossa missão. 20 Anos de Expertise: Ao longo de duas décadas, cultivamos uma expertise inigualável no setor automotivo. Nossa equipe dedicada está pronta para oferecer orientação e suporte em cada passo do processo de compra. Proximidade e Comodidade: Com três lojas em Campinas e uma em Hortolândia, estamos sempre próximos para atender às suas necessidades. Visite-nos e descubra por que somos a escolha confiável de tantos clientes satisfeitos. Na Unimais Veículos, não vendemos apenas carros; entregamos sonhos sobre quatro rodas. Explore nosso estoque online ou visite uma de nossas lojas para começar sua jornada automotiva conosco. Seja bem-vindo à Unimais Veículos, onde sua satisfação é nossa prioridade.",1167,False,False,True,True,False,False,15
56641177,False,"A Unimais Veículos tem sido a referência em excelência e confiança no mercado de veículos em Campinas e Hortolândia. Com quatro lojas estrategicamente localizadas, sendo três em Campinas e uma em Hortolândia, oferecemos uma experiência única para nossos clientes. Nosso Compromisso: Variedade Excepcional: Com mais de 400 carros em estoque, nossa seleção abrange desde modelos clássicos até os mais recentes lançamentos. Encontrar o veículo perfeito é a nossa missão. 20 Anos de Expertise: Ao longo de duas décadas, cultivamos uma expertise inigualável no setor automotivo. Nossa equipe dedicada está pronta para oferecer orientação e suporte em cada passo do processo de compra. Proximidade e Comodidade: Com três lojas em Campinas e uma em Hortolândia, estamos sempre próximos para atender às suas necessidades. Visite-nos e descubra por que somos a escolha confiável de tantos clientes satisfeitos. Na Unimais Veículos, não vendemos apenas carros; entregamos sonhos sobre quatro rodas. Explore nosso estoque online ou visite uma de nossas lojas para começar sua jornada automotiva conosco. Seja bem-vindo à Unimais Veículos, onde sua satisfação é nossa prioridade.",1167,False,False,True,True,False,False,15
56921415,False,"A Unimais Veículos tem sido a referência em excelência e confiança no mercado de veículos em Campinas e Hortolândia. Com quatro lojas estrategicamente localizadas, sendo três em Campinas e uma em Hortolândia, oferecemos uma experiência única para nossos clientes. Nosso Compromisso: Variedade Excepcional: Com mais de 400 carros em estoque, nossa seleção abrange desde modelos clássicos até os mais recentes lançamentos. Encontrar o veículo perfeito é a nossa missão. 20 Anos de Expertise: Ao longo de duas décadas, cultivamos uma expertise inigualável no setor automotivo. Nossa equipe dedicada está pronta para oferecer orientação e suporte em cada passo do processo de compra. Proximidade e Comodidade: Com três lojas em Campinas e uma em Hortolândia, estamos sempre próximos para atender às suas necessidades. Visite-nos e descubra por que somos a escolha confiável de tantos clientes satisfeitos. Na Unimais Veículos, não vendemos apenas carros; entregamos sonhos sobre quatro rodas. Explore nosso estoque online ou visite uma de nossas lojas para começar sua jornada automotiva conosco. Seja bem-vindo à Unimais Veículos, onde sua satisfação é nossa prioridade.",1167,False,False,True,True,True,False,14
56900126,False,,0,False,True,False,False,False,False,9
56777361,False,,0,False,True,True,False,False,False,11
56777648,False,,0,False,True,True,False,True,False,13
57391579,False,,0,False,True,True,False,True,False,14
56301019,False,,0,False,False,False,False,False,False,0
57227461,False,"A Brabus Mitsubishi ABC é uma concessionária do Grupo Brabus, maior revendedor Mitsubishi do Brasil. As concessionárias do Grupo são as mais completas da América Latina, com venda de veículos novos, seminovos, serviços de mecânica, funilaria, pintura, peças e acessórios. O estoque de seminovos possui mais de 200 Veículos Multimarcas com Garantia de Qualidade e Procedência, Vistoria Cautelar Aprovada, Manual do Proprietário e Chave Reserva. Todos os veículos passam pelo processo de Higienização por Oxisanitização. A Brabus possui uma equipe de Consultores de Vendas especializada para orientá-lo a fechar o melhor negócio, com uma ótima avaliação do seu seminovo, e as melhores taxas de crédito com as principais instituições financeira. Atendimento especializado. RESERVAMO-NOS O DIREITO DE QUALQUER ERRO DE DIGITAÇÃO. IPVA Pago. Licenciado. Revisões na Concessionária.",875,False,True,True,True,False,False,19
56666664,False,"T-cross 1.0 Comfort TSi, extremamente conservado!! Pegamos seu usado na troca. (19) 9 9411-3087 Caio (19) 9 8265-8287 Vinicius (19) 9 8157-7082 Irineu Informações complementares: Licenciado",189,False,True,True,True,False,False,14
56754827,False,"OPORTUNIDADE ABAIXO DA TABELA FIPE O Volkswagen T-Cross Comfortline representa o equilíbrio perfeito entre a potência do motor TSI e a versatilidade de um SUV de alto padrão. Com um projeto focado em segurança e amplo espaço interno, este modelo oferece tecnologia de ponta para garantir uma condução conectada e extremamente confortável para toda a família. Único dono (Propriedade da Turbi) Documentação Grátis (Transferência inclusa) Laudo Cautelar 100% aprovado e anexo no anúncio Sinal Facilitado (Entrada parcelada) Financiamento na loja sem custo de assessoria Preço promocional para venda rápida e oportunidade única de estoque. Chame no chat agora para garantir esta vantagem e reservar seu veículo.",708,False,True,True,False,False,False,13
56648418,False,"OPORTUNIDADE ABAIXO DA TABELA FIPE O Volkswagen T-Cross Comfortline combina a eficiência do motor TSI com um projeto inteligente de espaço e segurança. Este SUV entrega uma experiência de condução superior, unindo tecnologia de ponta e acabamento premium para garantir o máximo conforto em todos os seus trajetos. Único dono (Propriedade da Turbi) Laudo Cautelar 100% aprovado e anexo no anúncio Entrada Facilitada Financiamento na loja sem custo de assessoria Preço promocional para venda rápida e oportunidade única de estoque. Nos contate agora para garantir esta vantagem e reservar seu veículo.",599,False,True,True,False,False,False,12
57228141,False,"OPORTUNIDADE ABAIXO DA TABELA FIPE O Volkswagen T-Cross Comfortline 2025 é o SUV que une perfeitamente a elegância da cor branca com o que há de mais moderno em engenharia automotiva. Este veículo oferece uma experiência premium, destacando-se pelo conforto excepcional de sua cabine e pela tecnologia inteligente voltada para a segurança de todos os ocupantes. Único dono (Propriedade da Turbi) Documentação Grátis (Transferência inclusa) Laudo Cautelar 100% aprovado e anexo no anúncio Entrada Facilitada Financiamento na loja sem custo de assessoria Preço promocional para venda rápida e oportunidade única de estoque. Nos contate agora para garantir esta vantagem e reservar seu veículo.",691,False,True,True,False,False,False,13
57505801,False,"OPORTUNIDADE ABAIXO DA TABELA FIPE O Volkswagen T-Cross Comfortline 2025 é o SUV que une perfeitamente a elegância da cor branca com o que há de mais moderno em engenharia automotiva. Este veículo oferece uma experiência premium, destacando-se pelo conforto excepcional de sua cabine e pela tecnologia inteligente voltada para a segurança de todos os ocupantes. Único dono (Propriedade da Turbi) Laudo Cautelar 100% aprovado e anexo no anúncio Entrada Facilitada Financiamento na loja sem custo de assessoria Preço promocional para venda rápida.",545,False,True,True,False,False,False,13
56753992,False,"OPORTUNIDADE ABAIXO DA TABELA FIPEO Volkswagen T-Cross Comfortline 2025 na cor Branca é a escolha ideal para quem busca o equilíbrio perfeito entre robustez e tecnologia de ponta. Equipado com itens de série que priorizam o bem-estar e a segurança, este SUV entrega performance superior com o máximo de elegância. Único dono (Propriedade da Turbi)Laudo Cautelar 100% aprovado e anexo no anúncio. Entrada Facilitada Financiamento na loja sem custo de assessoria. Preço promocional para venda rápida",497,False,True,True,False,False,False,13
57228124,False,"OPORTUNIDADE ABAIXO DA TABELA FIPE O Volkswagen T-Cross Comfortline entrega o que há de mais moderno em SUVs compactos, unindo a eficiência do motor TSI ao máximo de espaço interno e segurança. Este modelo oferece uma experiência de condução superior, com acabamento premium e tecnologia pensada para o conforto de toda a família. Único dono (Propriedade da Turbi) Documentação Grátis (Transferência inclusa) Laudo Cautelar 100% aprovado e anexo no anúncio Entrada Facilitada Financiamento na loja sem custo de assessoria Preço promocional para venda rápida e oportunidade única de estoque. Nos contate agora para garantir esta vantagem e reservar seu veículo.",660,False,True,True,False,False,False,13
56720657,False,,0,False,False,False,False,False,False,0
56754795,False,"OPORTUNIDADE ABAIXO DA TABELA FIPEO Volkswagen T-Cross Comfortline 2025 na cor Cinza é a escolha ideal para quem busca o equilíbrio perfeito entre robustez e tecnologia de ponta. Equipado com itens de série que priorizam o bem-estar e a segurança, este SUV entrega performance superior com o máximo de elegância. Único dono (Propriedade da Turbi)Laudo Cautelar 100% aprovado e anexo no anúncio. Entrada Facilitada Financiamento na loja sem custo de assessoria. Preço promocional para venda rápida",496,False,True,True,False,False,False,12
56771278,False,OPORTUNIDADE ABAIXO DA TABELA FIPEO Volkswagen T-Cross Comfortline 2025 na cor Branca é a escolha definitiva para quem busca um SUV que une tecnologia avançada e o máximo de conforto. Este modelo se destaca pelo excelente espaço interno e por um conjunto mecânico que entrega performance e economia de forma equilibrada.Único dono (Propriedade da Turbi)Laudo Cautelar 100% aprovado e anexo no anúncioEntrada Facilitada Financiamento na loja sem custo de assessoriaPreço promocional para venda. Único dono (Propriedade da Turbi) Laudo Cautelar 100% aprovado e anexo no anúncio Entrada Facilitada Financiamento na loja sem custo de assessoria Preço promocional para venda rápida e oportunidade única de estoque.,709,False,True,True,False,False,False,13
57449653,False,"OPORTUNIDADE ABAIXO DA TABELA FIPE Este Volkswagen T-Cross Comfortline 2025 é o SUV que une perfeitamente espaço interno inteligente com tecnologia de última geração, proporcionando máximo conforto e segurança total. Único dono, Laudo Cautelar 100% aprovado, Sinal Facilitado, Financiamento na loja sem custo de assessoria. Preço promocional para venda rápida e oportunidade única de estoque.",392,False,True,True,False,False,False,13
56753605,False,"OPORTUNIDADE ABAIXO DA TABELA FIPE Este Volkswagen T-Cross Comfortline 2025 combina perfeitamente versatilidade e sofisticação, oferecendo um interior tecnológico e espaçoso com o máximo em segurança e conforto para você. Único dono, Laudo Cautelar 100% aprovado, Sinal Facilitado, Financiamento na loja sem custo de assessoria. Preço promocional para venda rápida e oportunidade única de estoque.",397,False,True,True,False,False,False,10
56753176,False,"OPORTUNIDADE ABAIXO DA TABELA FIPE O Volkswagen T-Cross Comfortline 2025 redefine o padrão de sofisticação e tecnologia em SUVs compactos. Este exemplar combina um motor turbo eficiente com um interior refinado, garantindo a melhor experiência de condução tanto em trajetos urbanos quanto em viagens. Único dono (Propriedade da Turbi) Laudo Cautelar 100% aprovado e anexo no anúncio Entrada Facilitada Financiamento na loja sem custo de assessoria Preço promocional para venda rápida e oportunidade única de estoque. Nos contate agora para garantir esta vantagem e reservar seu veículo.",586,False,True,True,False,False,False,13
57227074,False,"Veiculo com Procedência, Laudo e Pericia Aprovado , Manual do proprietário, Chave reserva.Revisado e com garantia de 6 meses ou 3.000km para veículos da marca TOYOTA. Para veículos de outra marca, garantia de 3 meses ou 2.000 km. O que vencer primeiro. Super valorização no seu usado como parte de pagamento.Traga sua proposta. Faça-nos uma visita e conheça o melhor atendimento para você e sua família.Financiamento Banco Toyota: com ou sem entrada. Melhores taxas do mercado.",477,False,False,False,False,False,False,0
57363125,False,,0,False,True,True,False,False,False,3
57485504,False,,0,False,True,True,False,False,False,3
57363151,False,"Se você está sonhando em trocar de carro, agora você está na direção certa! O seminovo mais novo do Brasil está na Localiza Seminovos, onde você encontra a maior variedade de modelos do mercado e muitas vantagens, como condições únicas de financiamento, entrada facilitada em até 10 vezes sem juros, carros revisados e com garantia de quilometragem real, viabilizamos a troca do seu carro usado e entregamos seu novo carro na segurança de sua casa! Agende já seu atendimento!",475,False,True,False,True,False,False,4
57496035,False,,0,False,False,False,False,False,False,0
56632763,False,"Se você está buscando um novo carro, não se arrisque e compre na Localiza Seminovos: carros com 360 itens verificados, garantia e procedência. Aqui você encontra a maior variedade de modelos do mercado, condições únicas de financiamento, entrada facilitada em até 10 vezes sem juros, carros revisados e com garantia de quilometragem real. Viabilizamos a troca do seu carro usado e entregamos seu novo carro na segurança de sua casa! Agende já seu atendimento.",459,False,True,True,False,False,False,7
56804930,False,"ÚNICO DONO, COMPLETO, TODO REVISADO NA CONCESSIONÁRIA, MAIS INFORMAÇÕES ENTRAR EM CONTATO GLA VEÍCULOS 19-991166833/19-33670744",127,False,True,True,True,False,False,21
56785395,False,"* Caro cliente, nossos automóveis possuem laudo cautelar, são inspecionados em oficina mecânica especializada e prontos para o uso; * Veículo de segundo dono, histórico de revisões na concessionária, entrou na troca de 0km; * Estamos localizados no Auto Shopping Global em Santo André / SP; * Reservamos o direito de corrigir possíveis erros de digitação; * Agradecemos desde já.",379,False,True,True,True,False,False,23
56680166,False,,0,False,True,True,False,False,False,15
56819273,False,,0,False,True,True,True,False,False,22
57298128,False,"?? Volkswagen T-Cross Comfortline 2022?? Valor: R$ 94.900,00? SUV moderno, tecnológico e econômico - perfeito para quem busca conforto e desempenho!?? Detalhes do veículo:? Câmbio automático? Ar-condicionado? Direção elétrica? Central multimídia? Vidros elétricos? Travas elétricas? Airbags e freios ABS?? 74.000 km rodados?? Destaques:?? Excelente dirigibilidade?? Ótimo espaço interno?? Conforto e tecnologia?? Falcão Multimarcas - Referência em seminovos em Guarulhos!?? Garantia e procedência?? Entrada mínima de 30%?? Financiamento em até 60x?? Aceitamos seu veículo na troca?? Vendo e faço troca?? Não aprovamos negativados?? Não vendemos por carta ou promissória?? Para mais informações, chamar no WhatsApp do perfil ou no direct.? Não vendemos carros, realizamos sonhos! ??? Unidades:· Av. Papa João Paulo I, 3660 - Jd. Presidente Dutra - Guarulhos· Av. Papa João Paulo I, 3050 - Jd. Presidente Dutra - Guarulhos· Av. Papa João Paulo I, 2968 - Jd. Presidente Dutra - Guarulhos ??",987,False,True,False,True,False,False,1
56683891,False,,0,False,True,True,True,False,False,14
56977528,False,,0,False,True,True,False,True,False,12
56896903,False,,0,False,True,True,True,False,False,20
56451798,False,,0,False,True,True,True,False,False,15
56462671,False,,0,True,False,False,True,False,False,0
56736189,False,,0,False,True,False,True,True,False,0
57216925,False,,0,False,True,False,False,False,False,8
56549812,False,,0,False,True,True,True,False,False,13
56316060,False,"VEICULO COM LAUDO CAUTELAR APROVADO !!!! Nossa loja conta com um estoque bem completo com uma grande variedade de opções, onde todos os veículos são revisados e com garantia. PARCELAMOS QUALQUER VALOR NO SEU CARTÃO DE CREDITO COM JUROS BAIXÍSSIMO, VENHAM CONFERIR!!!! Nos reservamos o direito de corrigir possíveis erros . Loja com 21 Anos de Tradição !!! Informações complementares: Único Dono, Licenciado, Revisões Realizadas",427,False,True,True,True,False,False,18
57447071,False,,0,False,True,False,False,False,False,7
56669466,False,"T-Cross 1.0 TSI Flex Aut. 2024 Carro completo | Único dono | Baixa km | Pneus novos | Revisado | Laudo cautelar aprovado | Bluetooth | Computador de bordo | Controle de som no volante | Estepe sem uso | Multimídia | Painel digital | Turbo R$ 102.900,00 Chame nossa equipe pelo whatsapp que sai negócio! (14) 99891-4068 Confira mais sobre este veículo em nosso site. E aproveita pra conhecer nosso estoque. https://multcarbauru.com.br/ Informações complementares: Único Dono, IPVA Pago, Licenciado",496,False,True,True,True,False,False,14
56905941,False,,0,False,False,False,False,False,False,0
56260160,False,Valor à vista ! Veículo revisado com garantia do Grupo Balilla ! Consulte condições de até 2 anos de garantia ! Carro periciado e laudo 100% aprovado !,151,False,True,True,True,False,False,18
56585792,False,"COM MAIS DE 20 ANOS DE HISTÓRIA, NOS TORNAMOS REFERÊNCIA NA COMERCIALIZAÇÃO DE AUTOMÓVEIS PARA TODA REGIÃO COM GARANTIA DE QUALIDADE E PREÇO. VENHA NOS FAZER UMA VISITA, ACESSE NOSSO SITE, ENTRE EM CONTATO COM A NOSSA EQUIPE. OBS: VALOR DO ANUNCIO REFERE-SE A VENDA, PARA TROCA CONSULTE-NOS. éFácil Veículos: WhatsApp (19) 99250-5966, (19)97402-4552 ou (19) 99357-4070",368,False,True,True,True,False,False,16
57461610,False,"Revisado com Garantia. Laudo pericial aprovado. Financio em até 48x fixas com a melhor taxa do mercado. CONSULTE!!! Aqui é fácil comprar!! Veículo em ótimo estado de conservação. Preço sujeito a alteração sem prévio aviso. Não nos responsabilizamos por erros de digitação, ou gráficos.",285,False,True,True,False,False,False,10
57461403,False,"Revisado com Garantia. Laudo pericial aprovado. Financio em até 48x fixas com a melhor taxa do mercado. CONSULTE!!! Aqui é fácil comprar!! Veículo em ótimo estado de conservação. Preço sujeito a alteração sem prévio aviso. Não nos responsabilizamos por erros de digitação, ou gráficos.",285,False,True,True,False,False,False,16
57101635,False,"Revisado com Garantia. Laudo pericial aprovado. Financio em até 48x fixas com a melhor taxa do mercado. CONSULTE!!! Aqui é fácil comprar!! Veículo em ótimo estado de conservação. Preço sujeito a alteração sem prévio aviso. Não nos responsabilizamos por erros de digitação, ou gráficos.",285,True,True,True,False,True,False,18
57362712,False,"Revisado com Garantia. Laudo pericial aprovado. Financio em até 48x fixas com a melhor taxa do mercado. CONSULTE!!! Aqui é fácil comprar!! Veículo em ótimo estado de conservação. Preço sujeito a alteração sem prévio aviso. Não nos responsabilizamos por erros de digitação, ou gráficos.",285,False,True,True,False,True,False,17
56674249,False,"IPVA 2026 PAGO. GARANTIA FABRICA - CONSULTE CONDIÇÕES NA LOJA. REVISOES REALIZADAS NA VW. MAIORES DETALHES E INFORMAÇÕES EM: WWW.GRUPOMICHELIN.COM.BR Colocamo-nos no direito de possíveis erros de digitação. Informações complementares: Único Dono, Garantia de Fábrica, IPVA Pago, Licenciado, Revisões Realizadas",310,False,True,True,True,False,False,15
56964380,False,,0,False,False,False,False,False,False,0
56796526,False,,0,False,False,False,False,False,False,0
57520036,False,,0,False,False,False,False,False,False,0
57495867,False,,0,False,False,False,False,False,False,0
56543547,False,,0,False,True,True,True,True,False,19
57340602,False,"Baixa km, Feito Vistoria Cautelar T-Cross Highline 250 TSI 1.4 AT! SUV completo, com câmbio automático de 6 marchas, focado em desempenho, tecnologia e conforto. Um modelo que se destaca pela agilidade, acabamento sofisticado e conectividade para quem busca dirigir com segurança e estilo no dia a dia. 2024/2025 48.175km teto solar Carregador por Indução",355,False,True,True,True,True,False,15
56883035,False,,0,False,False,False,False,False,False,0
56881256,False,,0,False,False,False,False,False,False,0
56975242,False,"Toriba Volkswagen na Pompéia, há mais de 30 anos fazendo negócios, veículos periciados e aprovados conforme laudo. Aceitamos o seu semi-novo como parte de pagamento, entrada facilitada no cartão de crédito, condições especiais de financiamento, Troco na troca, venha fazer uma visita, vários modelos e marcas em estoque, efetuamos também simples compra.Reservamo-nos o direito a correção de possíveis erros de digitação.. Licenciado.",433,False,True,False,False,False,False,5
57279408,False,,0,False,True,True,True,False,False,23
56147122,False,,0,False,True,True,True,False,False,23
56431526,False,,0,False,False,False,False,True,False,0
57477629,False,,0,False,False,False,False,False,False,0
57477620,False,,0,False,False,False,False,False,False,0
57519669,False,,0,False,False,True,False,False,False,3
57177360,False,"A Villa Norte Veículos é uma loja conceituada no mercado automobilístico, com 16 anos de experiência, localizada em São José dos Campos. Nossa trajetória é marcada pela credibilidade, transparência, confiança e preços justos, conquistando a satisfação de nossos clientes ao longo dos anos. Iniciamos nossa história com nossa matriz na Zona Leste de São José dos Campos e, graças ao nosso compromisso em oferecer o melhor atendimento e qualidade, expandimos nossas operações para atender também os clientes da Zona Sul e de toda a cidade. Hoje, contamos com três lojas disponíveis, reafirmando nosso objetivo de ser a melhor opção na compra de veículos na região. Nossos profissionais são altamente capacitados e estão sempre prontos para auxiliar na escolha do carro ideal para cada cliente, garantindo um atendimento personalizado e eficiente. A Villa Norte Veículos se orgulha de ser uma referência no setor e de contribuir para a realização dos sonhos de mobilidade de inúmeras famílias. Visite uma de nossas lojas e comprove a qualidade e excelência dos serviços prestados pela Villa Norte Veículos. Estamos à disposição para ajudá-lo a encontrar o veículo perfeito, com a segurança e a satisfação que você merece.",1218,False,False,False,False,False,False,0
56617800,False,"A Villa Norte Veículos é uma loja conceituada no mercado automobilístico, com 16 anos de experiência, localizada em São José dos Campos. Nossa trajetória é marcada pela credibilidade, transparência, confiança e preços justos, conquistando a satisfação de nossos clientes ao longo dos anos. Iniciamos nossa história com nossa matriz na Zona Leste de São José dos Campos e, graças ao nosso compromisso em oferecer o melhor atendimento e qualidade, expandimos nossas operações para atender também os clientes da Zona Sul e de toda a cidade. Hoje, contamos com três lojas disponíveis, reafirmando nosso objetivo de ser a melhor opção na compra de veículos na região. Nossos profissionais são altamente capacitados e estão sempre prontos para auxiliar na escolha do carro ideal para cada cliente, garantindo um atendimento personalizado e eficiente. A Villa Norte Veículos se orgulha de ser uma referência no setor e de contribuir para a realização dos sonhos de mobilidade de inúmeras famílias. Visite uma de nossas lojas e comprove a qualidade e excelência dos serviços prestados pela Villa Norte Veículos. Estamos à disposição para ajudá-lo a encontrar o veículo perfeito, com a segurança e a satisfação que você merece.",1218,False,False,False,False,False,False,0
57484755,False,,0,False,False,False,False,False,False,0
57484724,False,,0,False,False,False,False,False,False,0
57507953,False,,0,False,False,True,False,False,False,2
57490301,False,,0,False,False,True,False,False,False,2
57477501,False,,0,False,False,False,False,False,False,0
56968555,False,,0,False,False,True,True,True,False,19
56575332,False,"A Unimais Veículos tem sido a referência em excelência e confiança no mercado de veículos em Campinas e Hortolândia. Com quatro lojas estrategicamente localizadas, sendo três em Campinas e uma em Hortolândia, oferecemos uma experiência única para nossos clientes. Nosso Compromisso: Variedade Excepcional: Com mais de 400 carros em estoque, nossa seleção abrange desde modelos clássicos até os mais recentes lançamentos. Encontrar o veículo perfeito é a nossa missão. 20 Anos de Expertise: Ao longo de duas décadas, cultivamos uma expertise inigualável no setor automotivo. Nossa equipe dedicada está pronta para oferecer orientação e suporte em cada passo do processo de compra. Proximidade e Comodidade: Com três lojas em Campinas e uma em Hortolândia, estamos sempre próximos para atender às suas necessidades. Visite-nos e descubra por que somos a escolha confiável de tantos clientes satisfeitos. Na Unimais Veículos, não vendemos apenas carros; entregamos sonhos sobre quatro rodas. Explore nosso estoque online ou visite uma de nossas lojas para começar sua jornada automotiva conosco. Seja bem-vindo à Unimais Veículos, onde sua satisfação é nossa prioridade.",1167,False,False,True,True,False,False,14
56814635,False,"A Unimais Veículos tem sido a referência em excelência e confiança no mercado de veículos em Campinas e Hortolândia. Com quatro lojas estrategicamente localizadas, sendo três em Campinas e uma em Hortolândia, oferecemos uma experiência única para nossos clientes. Nosso Compromisso: Variedade Excepcional: Com mais de 400 carros em estoque, nossa seleção abrange desde modelos clássicos até os mais recentes lançamentos. Encontrar o veículo perfeito é a nossa missão. 20 Anos de Expertise: Ao longo de duas décadas, cultivamos uma expertise inigualável no setor automotivo. Nossa equipe dedicada está pronta para oferecer orientação e suporte em cada passo do processo de compra. Proximidade e Comodidade: Com três lojas em Campinas e uma em Hortolândia, estamos sempre próximos para atender às suas necessidades. Visite-nos e descubra por que somos a escolha confiável de tantos clientes satisfeitos. Na Unimais Veículos, não vendemos apenas carros; entregamos sonhos sobre quatro rodas. Explore nosso estoque online ou visite uma de nossas lojas para começar sua jornada automotiva conosco. Seja bem-vindo à Unimais Veículos, onde sua satisfação é nossa prioridade.",1167,False,True,True,True,False,False,16
56554797,False,"A Unimais Veículos tem sido a referência em excelência e confiança no mercado de veículos em Campinas e Hortolândia. Com quatro lojas estrategicamente localizadas, sendo três em Campinas e uma em Hortolândia, oferecemos uma experiência única para nossos clientes. Nosso Compromisso: Variedade Excepcional: Com mais de 400 carros em estoque, nossa seleção abrange desde modelos clássicos até os mais recentes lançamentos. Encontrar o veículo perfeito é a nossa missão. 20 Anos de Expertise: Ao longo de duas décadas, cultivamos uma expertise inigualável no setor automotivo. Nossa equipe dedicada está pronta para oferecer orientação e suporte em cada passo do processo de compra. Proximidade e Comodidade: Com três lojas em Campinas e uma em Hortolândia, estamos sempre próximos para atender às suas necessidades. Visite-nos e descubra por que somos a escolha confiável de tantos clientes satisfeitos. Na Unimais Veículos, não vendemos apenas carros; entregamos sonhos sobre quatro rodas. Explore nosso estoque online ou visite uma de nossas lojas para começar sua jornada automotiva conosco. Seja bem-vindo à Unimais Veículos, onde sua satisfação é nossa prioridade.",1167,False,False,True,True,False,False,13
56809274,False,"A Unimais Veículos tem sido a referência em excelência e confiança no mercado de veículos em Campinas e Hortolândia. Com quatro lojas estrategicamente localizadas, sendo três em Campinas e uma em Hortolândia, oferecemos uma experiência única para nossos clientes. Nosso Compromisso: Variedade Excepcional: Com mais de 400 carros em estoque, nossa seleção abrange desde modelos clássicos até os mais recentes lançamentos. Encontrar o veículo perfeito é a nossa missão. 20 Anos de Expertise: Ao longo de duas décadas, cultivamos uma expertise inigualável no setor automotivo. Nossa equipe dedicada está pronta para oferecer orientação e suporte em cada passo do processo de compra. Proximidade e Comodidade: Com três lojas em Campinas e uma em Hortolândia, estamos sempre próximos para atender às suas necessidades. Visite-nos e descubra por que somos a escolha confiável de tantos clientes satisfeitos. Na Unimais Veículos, não vendemos apenas carros; entregamos sonhos sobre quatro rodas. Explore nosso estoque online ou visite uma de nossas lojas para começar sua jornada automotiva conosco. Seja bem-vindo à Unimais Veículos, onde sua satisfação é nossa prioridade.",1167,False,False,True,True,False,False,15
57298254,False,"A Unimais Veículos tem sido a referência em excelência e confiança no mercado de veículos em Campinas e Hortolândia. Com quatro lojas estrategicamente localizadas, sendo três em Campinas e uma em Hortolândia, oferecemos uma experiência única para nossos clientes. Nosso Compromisso: Variedade Excepcional: Com mais de 400 carros em estoque, nossa seleção abrange desde modelos clássicos até os mais recentes lançamentos. Encontrar o veículo perfeito é a nossa missão. 20 Anos de Expertise: Ao longo de duas décadas, cultivamos uma expertise inigualável no setor automotivo. Nossa equipe dedicada está pronta para oferecer orientação e suporte em cada passo do processo de compra. Proximidade e Comodidade: Com três lojas em Campinas e uma em Hortolândia, estamos sempre próximos para atender às suas necessidades. Visite-nos e descubra por que somos a escolha confiável de tantos clientes satisfeitos. Na Unimais Veículos, não vendemos apenas carros; entregamos sonhos sobre quatro rodas. Explore nosso estoque online ou visite uma de nossas lojas para começar sua jornada automotiva conosco. Seja bem-vindo à Unimais Veículos, onde sua satisfação é nossa prioridade.",1167,False,False,True,True,False,False,15
56834051,False,"A Unimais Veículos tem sido a referência em excelência e confiança no mercado de veículos em Campinas e Hortolândia. Com quatro lojas estrategicamente localizadas, sendo três em Campinas e uma em Hortolândia, oferecemos uma experiência única para nossos clientes. Nosso Compromisso: Variedade Excepcional: Com mais de 400 carros em estoque, nossa seleção abrange desde modelos clássicos até os mais recentes lançamentos. Encontrar o veículo perfeito é a nossa missão. 20 Anos de Expertise: Ao longo de duas décadas, cultivamos uma expertise inigualável no setor automotivo. Nossa equipe dedicada está pronta para oferecer orientação e suporte em cada passo do processo de compra. Proximidade e Comodidade: Com três lojas em Campinas e uma em Hortolândia, estamos sempre próximos para atender às suas necessidades. Visite-nos e descubra por que somos a escolha confiável de tantos clientes satisfeitos. Na Unimais Veículos, não vendemos apenas carros; entregamos sonhos sobre quatro rodas. Explore nosso estoque online ou visite uma de nossas lojas para começar sua jornada automotiva conosco. Seja bem-vindo à Unimais Veículos, onde sua satisfação é nossa prioridade.",1167,False,True,True,True,False,False,15
54233315,False,"A Unimais Veículos tem sido a referência em excelência e confiança no mercado de veículos em Campinas e Hortolândia. Com quatro lojas estrategicamente localizadas, sendo três em Campinas e uma em Hortolândia, oferecemos uma experiência única para nossos clientes. Nosso Compromisso: Variedade Excepcional: Com mais de 400 carros em estoque, nossa seleção abrange desde modelos clássicos até os mais recentes lançamentos. Encontrar o veículo perfeito é a nossa missão. 20 Anos de Expertise: Ao longo de duas décadas, cultivamos uma expertise inigualável no setor automotivo. Nossa equipe dedicada está pronta para oferecer orientação e suporte em cada passo do processo de compra. Proximidade e Comodidade: Com três lojas em Campinas e uma em Hortolândia, estamos sempre próximos para atender às suas necessidades. Visite-nos e descubra por que somos a escolha confiável de tantos clientes satisfeitos. Na Unimais Veículos, não vendemos apenas carros; entregamos sonhos sobre quatro rodas. Explore nosso estoque online ou visite uma de nossas lojas para começar sua jornada automotiva conosco. Seja bem-vindo à Unimais Veículos, onde sua satisfação é nossa prioridade.",1167,False,False,True,True,False,False,15
57296842,False,"A Unimais Veículos tem sido a referência em excelência e confiança no mercado de veículos em Campinas e Hortolândia. Com quatro lojas estrategicamente localizadas, sendo três em Campinas e uma em Hortolândia, oferecemos uma experiência única para nossos clientes. Nosso Compromisso: Variedade Excepcional: Com mais de 400 carros em estoque, nossa seleção abrange desde modelos clássicos até os mais recentes lançamentos. Encontrar o veículo perfeito é a nossa missão. 20 Anos de Expertise: Ao longo de duas décadas, cultivamos uma expertise inigualável no setor automotivo. Nossa equipe dedicada está pronta para oferecer orientação e suporte em cada passo do processo de compra. Proximidade e Comodidade: Com três lojas em Campinas e uma em Hortolândia, estamos sempre próximos para atender às suas necessidades. Visite-nos e descubra por que somos a escolha confiável de tantos clientes satisfeitos. Na Unimais Veículos, não vendemos apenas carros; entregamos sonhos sobre quatro rodas. Explore nosso estoque online ou visite uma de nossas lojas para começar sua jornada automotiva conosco. Seja bem-vindo à Unimais Veículos, onde sua satisfação é nossa prioridade.",1167,False,False,True,True,False,False,15
55746554,False,"A Unimais Veículos tem sido a referência em excelência e confiança no mercado de veículos em Campinas e Hortolândia. Com quatro lojas estrategicamente localizadas, sendo três em Campinas e uma em Hortolândia, oferecemos uma experiência única para nossos clientes. Nosso Compromisso: Variedade Excepcional: Com mais de 400 carros em estoque, nossa seleção abrange desde modelos clássicos até os mais recentes lançamentos. Encontrar o veículo perfeito é a nossa missão. 20 Anos de Expertise: Ao longo de duas décadas, cultivamos uma expertise inigualável no setor automotivo. Nossa equipe dedicada está pronta para oferecer orientação e suporte em cada passo do processo de compra. Proximidade e Comodidade: Com três lojas em Campinas e uma em Hortolândia, estamos sempre próximos para atender às suas necessidades. Visite-nos e descubra por que somos a escolha confiável de tantos clientes satisfeitos. Na Unimais Veículos, não vendemos apenas carros; entregamos sonhos sobre quatro rodas. Explore nosso estoque online ou visite uma de nossas lojas para começar sua jornada automotiva conosco. Seja bem-vindo à Unimais Veículos, onde sua satisfação é nossa prioridade.",1167,False,True,True,True,False,False,13
56532476,False,"A Unimais Veículos tem sido a referência em excelência e confiança no mercado de veículos em Campinas e Hortolândia. Com quatro lojas estrategicamente localizadas, sendo três em Campinas e uma em Hortolândia, oferecemos uma experiência única para nossos clientes. Nosso Compromisso: Variedade Excepcional: Com mais de 400 carros em estoque, nossa seleção abrange desde modelos clássicos até os mais recentes lançamentos. Encontrar o veículo perfeito é a nossa missão. 20 Anos de Expertise: Ao longo de duas décadas, cultivamos uma expertise inigualável no setor automotivo. Nossa equipe dedicada está pronta para oferecer orientação e suporte em cada passo do processo de compra. Proximidade e Comodidade: Com três lojas em Campinas e uma em Hortolândia, estamos sempre próximos para atender às suas necessidades. Visite-nos e descubra por que somos a escolha confiável de tantos clientes satisfeitos. Na Unimais Veículos, não vendemos apenas carros; entregamos sonhos sobre quatro rodas. Explore nosso estoque online ou visite uma de nossas lojas para começar sua jornada automotiva conosco. Seja bem-vindo à Unimais Veículos, onde sua satisfação é nossa prioridade.",1167,False,False,True,True,False,False,14
56643898,False,"A Unimais Veículos tem sido a referência em excelência e confiança no mercado de veículos em Campinas e Hortolândia. Com quatro lojas estrategicamente localizadas, sendo três em Campinas e uma em Hortolândia, oferecemos uma experiência única para nossos clientes. Nosso Compromisso: Variedade Excepcional: Com mais de 400 carros em estoque, nossa seleção abrange desde modelos clássicos até os mais recentes lançamentos. Encontrar o veículo perfeito é a nossa missão. 20 Anos de Expertise: Ao longo de duas décadas, cultivamos uma expertise inigualável no setor automotivo. Nossa equipe dedicada está pronta para oferecer orientação e suporte em cada passo do processo de compra. Proximidade e Comodidade: Com três lojas em Campinas e uma em Hortolândia, estamos sempre próximos para atender às suas necessidades. Visite-nos e descubra por que somos a escolha confiável de tantos clientes satisfeitos. Na Unimais Veículos, não vendemos apenas carros; entregamos sonhos sobre quatro rodas. Explore nosso estoque online ou visite uma de nossas lojas para começar sua jornada automotiva conosco. Seja bem-vindo à Unimais Veículos, onde sua satisfação é nossa prioridade.",1167,False,False,True,True,False,False,15
56814642,False,"A Unimais Veículos tem sido a referência em excelência e confiança no mercado de veículos em Campinas e Hortolândia. Com quatro lojas estrategicamente localizadas, sendo três em Campinas e uma em Hortolândia, oferecemos uma experiência única para nossos clientes. Nosso Compromisso: Variedade Excepcional: Com mais de 400 carros em estoque, nossa seleção abrange desde modelos clássicos até os mais recentes lançamentos. Encontrar o veículo perfeito é a nossa missão. 20 Anos de Expertise: Ao longo de duas décadas, cultivamos uma expertise inigualável no setor automotivo. Nossa equipe dedicada está pronta para oferecer orientação e suporte em cada passo do processo de compra. Proximidade e Comodidade: Com três lojas em Campinas e uma em Hortolândia, estamos sempre próximos para atender às suas necessidades. Visite-nos e descubra por que somos a escolha confiável de tantos clientes satisfeitos. Na Unimais Veículos, não vendemos apenas carros; entregamos sonhos sobre quatro rodas. Explore nosso estoque online ou visite uma de nossas lojas para começar sua jornada automotiva conosco. Seja bem-vindo à Unimais Veículos, onde sua satisfação é nossa prioridade.",1167,False,False,True,True,False,False,15
56917956,False,"A Unimais Veículos tem sido a referência em excelência e confiança no mercado de veículos em Campinas e Hortolândia. Com quatro lojas estrategicamente localizadas, sendo três em Campinas e uma em Hortolândia, oferecemos uma experiência única para nossos clientes. Nosso Compromisso: Variedade Excepcional: Com mais de 400 carros em estoque, nossa seleção abrange desde modelos clássicos até os mais recentes lançamentos. Encontrar o veículo perfeito é a nossa missão. 20 Anos de Expertise: Ao longo de duas décadas, cultivamos uma expertise inigualável no setor automotivo. Nossa equipe dedicada está pronta para oferecer orientação e suporte em cada passo do processo de compra. Proximidade e Comodidade: Com três lojas em Campinas e uma em Hortolândia, estamos sempre próximos para atender às suas necessidades. Visite-nos e descubra por que somos a escolha confiável de tantos clientes satisfeitos. Na Unimais Veículos, não vendemos apenas carros; entregamos sonhos sobre quatro rodas. Explore nosso estoque online ou visite uma de nossas lojas para começar sua jornada automotiva conosco. Seja bem-vindo à Unimais Veículos, onde sua satisfação é nossa prioridade.",1167,False,False,True,True,True,False,14
57293941,False,,0,False,True,True,True,False,False,21
56543718,False,"VEÍCULO COMPLETO, IMPECÁVEL, SEM TETO, CARRO DE LIMEIRA COM TODAS REVISÕES REALIZADAS EM CONCESSIONÁRIA VW. VALE A PENA CONFERIR DE PERTO. ESTAMOS HÁ MAIS DE 60 ANOS NO RAMO TRABALHANDO COM VEÍCULOS DE QUALIDADE, PROCEDÊNCIA, REVISADOS E COM GARANTIA. 8 Air Bags / Banco Motorista com Regulagem de Altura / Câmera de Ré / Controle de Som no Volante / Farol de Milha / Partida Start Stop / Revisado Concessionária / Revisado no Agenda do Carro",442,False,True,True,True,False,True,9
56879352,False,Nos temos um estoque com + de 100 carros. Todos revisados e com garantia. Trabalhamos com todos os bancos fazemos financiamento com e sem entrada e até 60x. Caso tenha um cartão de crédito parcelamos sua entrada em até 12x. Prazos para pagamento da primeira parcela nos temos de 30 45 60 e até 100 dias mediante a análise bancária. Aceitamos todas as cartas de crédito Consórcios caso tenha alguma já contemplada. Aceitamos veículos na troca carro ou moto como entrada e caso queira fazer uma troca por um carro de menor valor fazemos o troco em sua conta bancária.,565,False,True,True,True,False,False,23
56749456,False,,0,False,True,True,True,False,False,23
56377485,False,,0,False,True,True,True,False,False,18
56829968,False,"*** VEÍCULO BLINDADO - NÍVEL IIIA VIDROS SPACEGLASS / BLINDADO PELA INBRA *** *** VEÍCULO DE ÚNICO DONO - IPVA 26 TOTAL PAGO *** Aceitamos seu usado como parte no pagamento com avaliação justa e flexiva. Praticamos as menores taxas de financiamento, parcele a entrada ou o veículo total no cartão de crédito em até 24 vezes de acordo com a bandeira do cartão. Venha nos fazer uma visita, estamos em São Caetano do Sul/SP.",421,True,True,True,True,True,False,28
57467812,False,,0,False,True,True,False,False,False,3
57496563,False,,0,False,False,False,False,False,False,0
57485496,False,,0,False,False,False,False,False,False,0
57496087,False,,0,False,False,False,False,False,False,0
57491662,False,,0,False,False,False,False,False,False,0
57491891,False,,0,False,False,False,False,False,False,0
57482448,False,,0,False,False,False,False,False,False,0
57496576,False,,0,False,False,False,False,False,False,0
57467890,False,,0,False,False,True,False,False,False,3
57180195,False,,0,False,True,False,False,False,False,4
56804081,False,,0,False,False,True,False,True,False,14
56671016,False,,0,False,True,True,True,False,False,18
57234225,False,"Veiculo em perfeita qualidade, na versão Highline com motor 1.4 turbo de 150 cv e cambio automático de 6 velocidades, bancos em couro bicolor com ajuste de altura, painel digital TFT, ar condicionado dual zone, beats som, volante multifuncional com paddle shift, kit multimídia com carplay, android auto, conexão bluetooth e câmera de ré, sensor de estacionamento, farol diurno, freio a disco nas 4 rodas, rodas de liga leve, veiculo com revisões em dia, aceitamos trocas e para financiar temos as melhores condições do mercado com entrada facilitada nos cartões, todos nossos veículos são selecionados e avaliados em uma criteriosa pesquisa cautelar para segurança de nossos clientes.",685,False,True,True,True,False,True,17
56044607,False,,0,False,True,True,True,False,False,23
56342216,False,"Veiculo impecável t-cross Highline 1.4 turbo ideal para todas as situações e esta cor linda dispensa comentários venha conferir (IPVA 2026 integral pago) Informações complementares: Único Dono, IPVA Pago, Licenciado, Revisado No Agenda Do Carro",244,False,True,True,True,False,False,20
57492347,False,,0,False,False,False,False,False,False,0
57489468,False,,0,False,False,False,False,False,False,0
57488792,False,,0,False,False,False,False,False,False,0
57493468,False,,0,False,False,False,False,False,False,0
56600811,False,,0,False,False,True,False,False,False,2
57496299,False,,0,False,False,False,False,False,False,0
57352523,False,"VOLKSWAGEN T-CROSS HIGHLINE 1.4 250 TSI 2020 🔥 VERSÃO HIGHLINE TOP DE LINHA MOTOR 1.4 TURBO 250 TSI SUV MUITO NOVO E EXTREMAMENTE CONSERVADO ✅ MANUAL + CHAVE RESERVA ✅ TODO ORIGINAL ✅ PNEUS NOVOS ✅ REVISADO ✅ INTERIOR MUITO CONSERVADO ✅ SEM DETALHES VEÍCULO PARA PESSOAS EXIGENTES! MUITO CONFORTO, TECNOLOGIA E ECONOMIA. 📍ACEITO TROCA MEDIANTE AVALIAÇÃO 💰 FINANCIO CHAMAR NO PRIVADO PARA MAIS INFORMAÇÕES!",405,False,True,True,True,False,False,18
56676628,False,,0,False,True,False,True,False,False,4
56780615,False,"A Manzini Veículos se destaca como uma das melhores lojas de automóveis do estado de São Paulo, construindo uma reputação sólida ao longo de 50 anos de dedicação e excelência no mercado automotivo. Especializada em oferecer carros semi novos, a Manzini Veículos tem como compromisso proporcionar aos clientes uma experiência de compra excepcional. Principais Características: Seleção de Carros Semi Novos: A Manzini Veículos tem um compromisso inabalável com a qualidade, oferecendo uma seleção cuidadosa de carros semi novos. Cada veículo é escolhido com critérios rigorosos para garantir um padrão elevado de confiabilidade e desempenho. Baixa Quilometragem: Todos os carros disponíveis na Manzini Veículos apresentam quilometragem baixa, destacando-se pela preservação e cuidado com que são mantidos. Isso assegura aos clientes a aquisição de veículos que proporcionam uma longa vida útil. Automóveis Periciados: A loja realiza perícias minuciosas em todos os seus veículos, assegurando a transparência nas informações sobre o estado e histórico de cada carro. Os clientes podem confiar na procedência e nas condições dos automóveis. Laudo Cautelar 100% Aprovado: A Manzini Veículos garante a qualidade de seus veículos por meio de laudos cautelares que são 100% aprovados. Esse compromisso com a transparência dá aos clientes a tranquilidade de que estão adquirindo um carro em ótimas condições. Tradição de 50 Anos: Com meio século de experiência no mercado, a Manzini Veículos construiu uma reputação sólida e duradoura. Essa tradição é reflexo da dedicação contínua em superar as expectativas dos clientes, consolidando a confiança ao longo dos anos. A Manzini Veículos não é apenas uma loja de automóveis, mas uma referência quando se trata de adquirir automóveis semi novos de qualidade. Ao escolher a Manzini, os clientes têm a garantia de uma compra segura e a certeza de contar com uma equipe comprometida em oferecer o melhor em cada detalhe.",1955,False,True,True,False,False,False,8
54251451,False,"A Manzini Veículos se destaca como uma das melhores lojas de automóveis do estado de São Paulo, construindo uma reputação sólida ao longo de 50 anos de dedicação e excelência no mercado automotivo. Especializada em oferecer carros semi novos, a Manzini Veículos tem como compromisso proporcionar aos clientes uma experiência de compra excepcional. Principais Características: Seleção de Carros Semi Novos: A Manzini Veículos tem um compromisso inabalável com a qualidade, oferecendo uma seleção cuidadosa de carros semi novos. Cada veículo é escolhido com critérios rigorosos para garantir um padrão elevado de confiabilidade e desempenho. Baixa Quilometragem: Todos os carros disponíveis na Manzini Veículos apresentam quilometragem baixa, destacando-se pela preservação e cuidado com que são mantidos. Isso assegura aos clientes a aquisição de veículos que proporcionam uma longa vida útil. Automóveis Periciados: A loja realiza perícias minuciosas em todos os seus veículos, assegurando a transparência nas informações sobre o estado e histórico de cada carro. Os clientes podem confiar na procedência e nas condições dos automóveis. Laudo Cautelar 100% Aprovado: A Manzini Veículos garante a qualidade de seus veículos por meio de laudos cautelares que são 100% aprovados. Esse compromisso com a transparência dá aos clientes a tranquilidade de que estão adquirindo um carro em ótimas condições. Tradição de 50 Anos: Com meio século de experiência no mercado, a Manzini Veículos construiu uma reputação sólida e duradoura. Essa tradição é reflexo da dedicação contínua em superar as expectativas dos clientes, consolidando a confiança ao longo dos anos. A Manzini Veículos não é apenas uma loja de automóveis, mas uma referência quando se trata de adquirir automóveis semi novos de qualidade. Ao escolher a Manzini, os clientes têm a garantia de uma compra segura e a certeza de contar com uma equipe comprometida em oferecer o melhor em cada detalhe.",1955,False,False,True,False,True,False,14
54625537,False,"A Manzini Veículos se destaca como uma das melhores lojas de automóveis do estado de São Paulo, construindo uma reputação sólida ao longo de 50 anos de dedicação e excelência no mercado automotivo. Especializada em oferecer carros semi novos, a Manzini Veículos tem como compromisso proporcionar aos clientes uma experiência de compra excepcional. Principais Características: Seleção de Carros Semi Novos: A Manzini Veículos tem um compromisso inabalável com a qualidade, oferecendo uma seleção cuidadosa de carros semi novos. Cada veículo é escolhido com critérios rigorosos para garantir um padrão elevado de confiabilidade e desempenho. Baixa Quilometragem: Todos os carros disponíveis na Manzini Veículos apresentam quilometragem baixa, destacando-se pela preservação e cuidado com que são mantidos. Isso assegura aos clientes a aquisição de veículos que proporcionam uma longa vida útil. Automóveis Periciados: A loja realiza perícias minuciosas em todos os seus veículos, assegurando a transparência nas informações sobre o estado e histórico de cada carro. Os clientes podem confiar na procedência e nas condições dos automóveis. Laudo Cautelar 100% Aprovado: A Manzini Veículos garante a qualidade de seus veículos por meio de laudos cautelares que são 100% aprovados. Esse compromisso com a transparência dá aos clientes a tranquilidade de que estão adquirindo um carro em ótimas condições. Tradição de 50 Anos: Com meio século de experiência no mercado, a Manzini Veículos construiu uma reputação sólida e duradoura. Essa tradição é reflexo da dedicação contínua em superar as expectativas dos clientes, consolidando a confiança ao longo dos anos. A Manzini Veículos não é apenas uma loja de automóveis, mas uma referência quando se trata de adquirir automóveis semi novos de qualidade. Ao escolher a Manzini, os clientes têm a garantia de uma compra segura e a certeza de contar com uma equipe comprometida em oferecer o melhor em cada detalhe.",1955,False,False,True,False,True,False,14
54758194,False,"A Manzini Veículos se destaca como uma das melhores lojas de automóveis do estado de São Paulo, construindo uma reputação sólida ao longo de 50 anos de dedicação e excelência no mercado automotivo. Especializada em oferecer carros semi novos, a Manzini Veículos tem como compromisso proporcionar aos clientes uma experiência de compra excepcional. Principais Características: Seleção de Carros Semi Novos: A Manzini Veículos tem um compromisso inabalável com a qualidade, oferecendo uma seleção cuidadosa de carros semi novos. Cada veículo é escolhido com critérios rigorosos para garantir um padrão elevado de confiabilidade e desempenho. Baixa Quilometragem: Todos os carros disponíveis na Manzini Veículos apresentam quilometragem baixa, destacando-se pela preservação e cuidado com que são mantidos. Isso assegura aos clientes a aquisição de veículos que proporcionam uma longa vida útil. Automóveis Periciados: A loja realiza perícias minuciosas em todos os seus veículos, assegurando a transparência nas informações sobre o estado e histórico de cada carro. Os clientes podem confiar na procedência e nas condições dos automóveis. Laudo Cautelar 100% Aprovado: A Manzini Veículos garante a qualidade de seus veículos por meio de laudos cautelares que são 100% aprovados. Esse compromisso com a transparência dá aos clientes a tranquilidade de que estão adquirindo um carro em ótimas condições. Tradição de 50 Anos: Com meio século de experiência no mercado, a Manzini Veículos construiu uma reputação sólida e duradoura. Essa tradição é reflexo da dedicação contínua em superar as expectativas dos clientes, consolidando a confiança ao longo dos anos. A Manzini Veículos não é apenas uma loja de automóveis, mas uma referência quando se trata de adquirir automóveis semi novos de qualidade. Ao escolher a Manzini, os clientes têm a garantia de uma compra segura e a certeza de contar com uma equipe comprometida em oferecer o melhor em cada detalhe.",1955,False,False,True,False,True,False,14
56342145,False,,0,False,False,False,False,False,False,0
57464491,False,,0,False,True,True,False,False,False,8
57518472,False,"OBS: IPVA 2026 PAGO /Na Europamotors, Land Rover Villa-Lobos, garantimos um processo de financiamento rápido e descomplicado. Faça uma simulação e obtenha aprovação online em poucos minutos, sujeito à análise de crédito. Além disso, todos os nossos veículos passam por revisão e contam com garantia. Aceitamos seu veículo usado como parte do pagamento. Entre em contato para agendar uma visita. Observação: reservamo-nos o direito de corrigir erros de digitação, ou informações. | [2585299]",490,False,False,False,False,False,False,0
57518672,False,,0,False,False,False,False,False,False,0
56903907,False,,0,False,True,True,True,False,False,21
57340910,False,,0,False,True,True,False,False,False,12
56828048,False,"Canal do Carro Veículos - Seu próximo carro está aqui! A Canal do Carro Veículos oferece compra, venda e consignação de automóveis com transparência, confiança e ótimo atendimento. Trabalhamos para que você realize o sonho do carro ideal com segurança e tranquilidade. Novo endereço: Av. Ruy Rodriguez, 513 - Jd. Novo Campos Elíseos, Campinas-SP Parcelamos no cartão de crédito em até 24x , Financiamento em até 60x, Aceitamos sua moto ou carro na troca! *Reservamo-nos o direito de corrigir eventuais erros deste anúncio. *Valor sujeito à alteração. Consulte disponibilidade do veículo. *Condições de financiamento sujeitas a análise.",635,False,True,False,False,False,False,6
57302498,False,"*GARANTIA DE 1 ANO PELA GESTAUTO consulte condições* EXTREMAMENTE NOVA, COM BAIXO KM, LAUDO CAUTELAR APROVADO! CARRO DE LOJA DE PROCEDÊNCIA, SEM DÉBITOS E COM GARANTIA! AR CONDICIONADO, DIREÇÃO ELÉTRICA, VIDROS ELÉTRICOS, MULTIMIDIA, COMANDOS VOLANTE, CÂMERA DE RÉ, PILOTO AUTOMÁTICO, RODAS DE LIGA LEVE, CAMERA DE RÉ, SISTEMA ISOFIX E MUITO MAIS. Aceitamos seu veículo usado na troca, mediante avaliação em nossa loja. Loja localizada no Tatuapé, próximo ao metrô Carrão. Nós reservamos o direito de corrigir erros de digitação",528,False,True,True,True,False,True,16
56500239,False,,0,False,False,False,False,False,False,0
57302435,False,"GARANTIA MECANICA DE 1 ANO PELA GESTAUTO consulte condições. EXTREMAMENTE NOVA, COM BAIXO KM, LAUDO CAUTELAR APROVADO! CARRO DE LOJA DE PROCEDÊNCIA, SEM DÉBITOS E COM GARANTIA! AR CONDICIONADO, DIREÇÃO ELÉTRICA, VIDROS ELÉTRICOS, MULTIMIDIA, COMANDOS VOLANTE, CÂMERA DE RÉ, PILOTO AUTOMÁTICO, RODAS DE LIGA LEVE, CAMERA DE RÉ, SISTEMA ISOFIX E MUITO MAIS. Aceitamos seu veículo usado na troca, mediante avaliação em nossa loja. Loja localizada no Tatuapé, próximo ao metrô Carrão. Nós reservamos o direito de corrigir erros de digitação",536,False,True,True,True,True,True,22
57302242,False,,0,False,False,False,False,False,False,0
57182350,False,,0,False,False,False,False,False,False,0
56676525,False,"*FACILITAMOS SUA ENTRADA EM ATÉ 36 VEZES* *CONSULTE CONDIÇÕES* Desde 2004 realizando sonhos. Nossos veículos são periciados e com procedência. Aceitamos seu veículo como parte de pagamento. Troca com troco, financiamos com as melhores taxas do mercado e com os principais bancos. Venha nos fazer uma visita e confira. Valor anunciado para pagamento à vista ou financiado. Nos reservamos o direito de corrigir possíveis erros de digitação ou publicação",451,False,True,True,True,False,False,23
56727420,False,"Veiculo dispensa comentários , Versão 1.0 TSI 200 , Completo, Kit Multimídia , Rodas de Liga Leve com o carro todo no Kit Black, Bancos em Couro, Ótimo para a Família , Carro Todo Revisado !! Financiamento com as melhores financeiras do Mercado , aceitamos seu semi novo na troca , acesse romeiromultimarcas , e nossa fan page e Instagram Romeiro Multimarcas .",360,False,True,True,True,False,False,15
56962862,False,"Oportunidade!! A mais nova do Brasil!! T-Cross 1.4 TSI Automática Highline - 2024 Com teto solar e km baixíssimo!! Carro para vender para amigo!! Top de linha!! Novíssima!! Apenas R$ 129.990,00 Com km baixo e teto solar, lindíssima!! Opcionais: Versão top de linha com teto solar panorâmico, painel TFT (digital), câmbio automático, motor 1.4 flex, direção assistida, controle de velocidade, faróis com acendimento automático, rodas de liga leve, freios ABS, regulagem de altura de banco, volante multifuncional, sistema de som e muito mais. Laudo cautelar aprovado e garantia!! Consulte valores para trocas!! Personalitte Veículos Rua Domicio Pacheco e Silva, 1024 - Jd. Campos Eliseos - Campinas/SP Contato: (19) 3229-0848 Dúvidas? Fale com nossos vendedores - Depto de vendas: 19 9.9289-2943 - Filipe 19 9.9284-6914 - Rodrigo 19 9.9327-0314 - Lucas Nos reservamos ao direito de erros de postagens",899,False,False,True,False,True,False,9
56413096,False,"A BALIEIRO VEICULOS é uma empresa que está desde 2006 no mercado, vem se dedicando a oferecer o maximo de conforto,tranquilidade e segurança na compra e venda de seus veículos. Com o proposito de oferecer melhores opções de marcas e modelos, com a garantia de um bom negocio. BUSCANDO CADA VEZ MAIS A SATISFAÇÃO GARANTIDA DOS SEUS CLIENTES QUEM CONHECE CONFIA",359,False,True,False,True,False,False,10
52360190,False,,0,False,True,True,True,False,False,16
56908198,False,"Aceitamos seu veículo usado como parte do pagamento, com a melhor avaliação do mercado! Oferecemos a opção de troca com troco! Financiamos em até 60 meses, sem entrada, com cadastro rápido e descomplicado. Temos os melhores preços, condições de financiamento e as menores taxas do mercado. (Crédito sujeito à aprovação). Todos os veículos contam com laudo cautelar 100% aprovado. Reservamo-nos o direito de corrigir eventuais erros de digitação.",445,False,True,True,True,True,False,19
56908233,False,"Aceitamos seu veículo usado como parte do pagamento, com a melhor avaliação do mercado! Oferecemos a opção de troca com troco! Financiamos em até 60 meses, sem entrada, com cadastro rápido e descomplicado. Temos os melhores preços, condições de financiamento e as menores taxas do mercado. (Crédito sujeito à aprovação). Todos os veículos contam com laudo cautelar 100% aprovado. Reservamo-nos o direito de corrigir eventuais erros de digitação.",445,False,True,False,True,True,False,14
57487442,False,,0,False,False,False,False,False,False,0
57491709,False,"IPVA 2016 TOTAL PAGO!!!! É isso mesmo, corra e aproveite essa oportunidade! Localiza Seminovos Santo André as melhores ofertas estão aqui! Garantia de procedência e Km real. Viabilizamos a troca pelo seu seminovo, financiamos em até 60 vezes com ou sem entrada, parcelamos até R$ 10.000,00 em até 10 vezes sem juros no cartão de crédito (Visa, Master e Amex) e aceitamos algumas cartas de consórcio. Venha nos fazer uma visita na Av. dos Estados nº 6.700, estamos abertos de domingo a domingo. Ligue grátis de fixo ou celular 0800 200 2000 ou envie sua proposta para proposta.STA@localiza.com.",593,False,True,True,False,False,False,3
57487710,False,,0,False,False,False,False,False,False,0
57493958,False,,0,False,False,False,False,False,False,0
57493843,False,,0,False,False,False,False,False,False,0
57484109,False,"IPVA 2016 TOTAL PAGO!!!! É isso mesmo, corra e aproveite essa oportunidade! Localiza Seminovos Santo André as melhores ofertas estão aqui! Garantia de procedência e Km real. Viabilizamos a troca pelo seu seminovo, financiamos em até 60 vezes com ou sem entrada, parcelamos até R$ 10.000,00 em até 10 vezes sem juros no cartão de crédito (Visa, Master e Amex) e aceitamos algumas cartas de consórcio. Venha nos fazer uma visita na Av. dos Estados nº 6.700, estamos abertos de domingo a domingo. Ligue grátis de fixo ou celular 0800 200 2000 ou envie sua proposta para proposta.STA@localiza.com.",593,False,False,True,False,False,False,3
57484123,False,,0,False,False,False,False,False,False,0
57487899,False,"IPVA 2016 TOTAL PAGO!!!! É isso mesmo, corra e aproveite essa oportunidade! Localiza Seminovos Santo André as melhores ofertas estão aqui! Garantia de procedência e Km real. Viabilizamos a troca pelo seu seminovo, financiamos em até 60 vezes com ou sem entrada, parcelamos até R$ 10.000,00 em até 10 vezes sem juros no cartão de crédito (Visa, Master e Amex) e aceitamos algumas cartas de consórcio. Venha nos fazer uma visita na Av. dos Estados nº 6.700, estamos abertos de domingo a domingo. Ligue grátis de fixo ou celular 0800 200 2000 ou envie sua proposta para proposta.STA@localiza.com.",593,False,False,True,False,False,False,1
57491641,False,"IPVA 2016 TOTAL PAGO!!!! É isso mesmo, corra e aproveite essa oportunidade! Localiza Seminovos Santo André as melhores ofertas estão aqui! Garantia de procedência e Km real. Viabilizamos a troca pelo seu seminovo, financiamos em até 60 vezes com ou sem entrada, parcelamos até R$ 10.000,00 em até 10 vezes sem juros no cartão de crédito (Visa, Master e Amex) e aceitamos algumas cartas de consórcio. Venha nos fazer uma visita na Av. dos Estados nº 6.700, estamos abertos de domingo a domingo. Ligue grátis de fixo ou celular 0800 200 2000 ou envie sua proposta para proposta.STA@localiza.com.",593,False,False,True,False,False,False,2
57489641,False,,0,False,False,False,False,False,False,0
57491563,False,,0,False,False,False,False,False,False,0
57487483,False,"IPVA 2016 TOTAL PAGO!!!! É isso mesmo, corra e aproveite essa oportunidade! Localiza Seminovos Santo André as melhores ofertas estão aqui! Garantia de procedência e Km real. Viabilizamos a troca pelo seu seminovo, financiamos em até 60 vezes com ou sem entrada, parcelamos até R$ 10.000,00 em até 10 vezes sem juros no cartão de crédito (Visa, Master e Amex) e aceitamos algumas cartas de consórcio. Venha nos fazer uma visita na Av. dos Estados nº 6.700, estamos abertos de domingo a domingo. Ligue grátis de fixo ou celular 0800 200 2000 ou envie sua proposta para proposta.STA@localiza.com.",593,False,False,True,False,False,False,2
57496469,False,,0,False,False,False,False,False,False,0
57489598,False,,0,False,False,False,False,False,False,0
57489600,False,,0,False,False,False,False,False,False,0
57040957,False,"VOLKSWAGEN T-CROSS HIGHLINE 1.4 TSI FLEX ANO 2025, CÂMBIO AUTOMÁTICO, COMPLETO,SUPER NOVO, COM TETO SOLAR!! TETO SOLAR PAINEL TFT BANCOS DE COURO CÂMERA DE RÉ PARTIDA START STOP FARÓIS DE MILHA FREIOS ABS SETAS NO RETROVISOR MULTIMÍDIA AR CONDICIONADO RODAS DE LIGA LEVE AIRBAG DUPLO E LATERAL CONTROLE DE SOM NO VOLANTE SENSOR DE ESTACIONAMENTO VÍDROS E TRAVAS ELÉTRICAS NAS 4 PORTAS ALARME DIREÇÃO ELÉTRICA LAUDO CAUTELAR 100% APROVADO POSSUI MANUAL ACEITAMOS TROCA, ÓTIMA AVALIAÇÃO DO SEU VEICULO FINANCIAMENTO COM TODOS OS BANCOS ATÉ 60 X. PARA AUTÔNOMOS , APOSENTADOS, SEM COMPROVAÇÃO DE RENDA ACEITAMOS CARTAO DE CRÉDITO ATE 18 X TELEFONE FIXO 1124011769 WHATSAPP 11979719541 NOSSOS ENDEREÇOS LOJA 1 : AV. OTÁVIO BRAGA DE MESQUITA 2266 LOJA 2: AV. OTÁVIO BRAGA DE MESQUITA 2308 22 ANOS DE TRADIÇÃO , COMPRANDO E VENDENDO CARROS DE OTIMA PROCEDENCIA",854,False,True,True,True,True,True,9
56612011,False,,0,False,True,True,True,False,False,15
56858190,False,,0,False,True,True,True,False,False,23
57239148,False,,0,False,True,True,True,False,False,14
56628128,False,,0,False,True,True,True,False,False,18
56813462,False,,0,False,True,False,True,False,False,14
56966363,False,,0,False,True,True,True,False,False,21
57107718,False,"Bluetooth, Câmera de Ré, Comando de Som no Volante, Chave Reserva, Partida sem chave, Aceito troca por outro veículo, Baixa km, Veículo de não-fumante, Feito Vistoria Cautelar Escolher a marca Volkswagen é optar por qualidade, inovação e confiabilidade. Com tecnologia de ponta e design moderno, os veículos Volkswagen oferecem uma experiência única aos seus proprietários. O Volkswagen T-Cross 1.0 200 TSI 12V (Aut) (Flex) é um SUV versátil e econômico, perfeito para quem busca conforto e segurança. Com um design arrojado e moderno, esse carro se destaca pela sua eficiência energética e desempenho excepcional. Além disso, o T-Cross oferece uma experiência de condução suave e agradável, ideal para viagens longas ou para o uso diário na cidade. Com apenas 85359 km rodados, esse veículo seminovo é uma excelente escolha para quem valoriza qualidade e custo-benefício. Entre em contato com a concessionária Honda Forte Ceasa e garanta já o seu Volkswagen T-Cross 1.0 200 TSI 12V (Aut) (Flex) dos sonhos!",1007,False,True,True,True,False,True,14
57217081,False,"A GC Veículos está a onze anos no mercado de Sorocaba entregando o que há de melhor no mercado de Seminovos em toda região. Financiamento com ou sem entrada, pagamento facilitado no cartão de crédito em até 18 parcelas . Os veículos da GC veículos têm km real e garantia de procedência, passaram por todas as revisões e manutenções preventivas. Venha até nossa loja e faça um test drive no seu Carro Perfeito. Aguardamos a sua visita! Entre em contato pelo telefone disponível na página do anúncio. valores válidos para venda a vista ou financiada, em caso de troca consulte condições.",585,False,True,False,True,False,False,9
55779407,False,,0,False,False,False,False,False,False,0
55571084,False,,0,False,False,False,False,False,False,0
56979137,False,"A procura de um VolksWagen T-Cross Sense 200 TSI 1.0 Flex 5p Aut. - Branco - 2021? Aqui tem. 3 Meses de garantia. Ano: 2021/2021 KM: 91718 km. Automático. Gostou deste carro? Temos uma equipe de atendimento on-line pronta para te atender. Tire todas suas dúvidas de forma rápida e descomplicada, através do nosso WhatsApp (15)98838-3838 , ou se preferir, faça uma visita. Te esperamos! | Valor para pagamento à vista. Consulte condições para troca | Airbag motorista ✅ Airbag passageiro ✅ Vidros elétricos dianteiros ✅ Travas elétricas ✅ Alarme ✅ Freios ABS ✅ Turbo ✅ Ar-condicionado ✅ Direção hidráulica ✅ Farol de neblina ✅ Kit Multimídia ✅ Rádio FM/AM ✅ Rodas de liga leve ✅ Volante Multifunção ✅ Computador de bordo ✅ Ar-quente ✅ Câmbio automático ✅ Ipva pago ✅ Aceitamos troca ✅ Oportunidade ✅ Nos resguardamos para eventuais erros de digitação.",850,False,True,False,True,False,False,9
56559245,False,"A procura de um VolksWagen T-Cross Sense 200 TSI 1.0 Flex 5p Aut. - Branco - 2022? Aqui tem. 3 Meses de garantia. Ano: 2022/2022 KM: 112952 km. Automático. Gostou deste carro? Temos uma equipe de atendimento on-line pronta para te atender. Tire todas suas dúvidas de forma rápida e descomplicada, através do nosso WhatsApp (15)98838-3838, ou se preferir, faça uma visita. Te esperamos! | Valor para pagamento à vista. Consulte condições para troca | Nos resguardamos para eventuais erros de digitação.",501,False,True,False,False,False,False,4
56879418,False,"A procura de um Volkswagen T-CROSS HL TSI AE - Branco - 2020? Aqui tem. 3 Meses de garantia. Ano: 2019/2020 KM: 113500 km. Automático. Gostou deste carro? Temos uma equipe de atendimento on-line pronta para te atender. Tire todas suas dúvidas de forma rápida e descomplicada, através do nosso WhatsApp (15) 98838-3838, ou se preferir, faça uma visita. Te esperamos! | Valor para pagamento à vista. Consulte condições para troca | Airbag motorista ✅ Airbag passageiro ✅ Vidros elétricos dianteiros ✅ Travas elétricas ✅ Alarme ✅ Freios ABS ✅ Turbo ✅ Ar-condicionado ✅ Teto solar ✅ Direção hidráulica ✅ Kit Multimídia ✅ Painel Digital ✅ Rodas de liga leve ✅ Rádio FM/AM ✅ Start/Stop ✅ Volante Multifunção ✅ Computador de bordo ✅ Câmera de Ré ✅ Câmbio automático ✅ Bancos de couro ✅ Ar-quente ✅ Nos resguardamos para eventuais erros de digitação.",842,False,True,False,True,True,True,10
56742332,False,"LAUDO CAUTELAR APROVADO KM DE ESTRADA REVISADO Informações complementares: IPVA Pago, Licenciado, Revisado No Agenda Do Carro",125,False,True,False,True,False,False,12
57168923,False,,0,False,False,False,False,False,False,0
56808141,False,"Bem-vindo à Ousadia Veículos, Nossa loja se destaca na região pela qualidade e variedade dos veículos novos e seminovos, tanto nacionais quanto importados. Além de vender, também oferecemos opções de financiamento flexíveis, para que você possa adquirir o carro dos seus sonhos de forma acessível e sem complicações. Na Ousadia Veículos, entendemos as diversas necessidades de nossos clientes. Por isso, além de vender, também compramos seu carro, mesmo que ele ainda tenha dívidas pendentes. Garantimos uma avaliação justa e transparente, proporcionando a você a melhor negociação possível. Nosso compromisso com a satisfação do cliente está no cerne de tudo que fazemos. Visite-nos em São Bernardo do Campo e experimente um serviço que vai além da venda: uma parceria confiável para todas as suas necessidades automotivas. Na Ousadia Veículos, seu próximo veículo espera por você, com a garantia de um negócio justo e a possibilidade de um financiamento que se ajusta ao seu orçamento",986,False,True,True,True,False,False,23
57480228,False,,0,False,False,False,False,False,False,0
57500264,False,,0,False,False,False,False,False,False,0
57489647,False,,0,False,False,False,False,False,False,0
57485605,False,,0,False,True,False,False,False,False,2
57486023,False,,0,False,False,False,False,False,False,0
57484881,False,,0,False,False,False,False,False,False,0
57484766,False,,0,False,False,False,False,False,False,0
57479969,False,,0,False,False,False,False,False,False,0
57484808,False,,0,False,True,False,False,False,False,2
57480122,False,,0,False,True,False,False,False,False,2
57479954,False,,0,False,False,False,False,False,False,0
57480293,False,,0,False,False,False,False,False,False,0
57477730,False,,0,False,False,False,False,False,False,0
57479241,False,,0,False,False,False,False,False,False,0
57485608,False,,0,False,False,False,False,False,False,0
57493080,False,,0,False,False,False,False,False,False,0
57487780,False,,0,False,False,False,False,False,False,0
56884000,False,"RENAULT / KWID ZEN 1.0 FLEX MANUAL Ano 2022 Motor 1.0 Flex Câmbio Manual KM 73.235 Direção Elétrica Ar Condicionado Sistema de Som C/ Entrada USB E Bluetooth Calotas Vidros e Travas Elétricas Freios ABS Airbags Desembaçador & Limpador Traseiro Manual e Chave Reserva Valor R$ 47.900,00 Cautelar 100% Aprovada Avaliamos o seu veículo na troca. AutoValle 012 Multimarcas Financiamos em até 60x(Banco) Facilitamos sua entrada no cartão de crédito",443,False,True,False,True,False,False,5
56824467,False,,0,False,False,False,False,False,False,0
57494979,False,,0,False,False,False,False,False,False,0
57494944,False,,0,False,True,False,False,False,False,2
57494988,False,,0,False,False,False,False,False,False,0
57495032,False,,0,False,False,False,False,False,False,0
56848147,False,"4 Airbags, Aceito troca por outro veículo, Baixa km, Veículo de não-fumante, Nenhuma Batida ENTRADA DE ATÉ R$ 10.000,00 EM 10X SEM JUROS NO CARTÃO DE CRÉDITO.... MELHOR AVALIAÇÃO DO SEU USADO... FINANCIAMENTO COM AS MELHORES TAXAS DO MERCADO E APROVAÇÃO NA HORA. VEICULO REVISADO E PERICIADO... CONDIÇÕES EXCLUSIVAS PARA PAGAMENTO À VISTA. A AUTOMEC RESERVA-SE O DIREITO DE ALTERAÇÕES NO PREÇO SEM PRÉVIO AVISO. AUTOMEC MATRIZ ( CASTELINHO ) - Av. Darcí Carvalho Dafferner, 300 - Alto da Boa Vista, Sorocaba - SP, 18085-850",523,False,True,False,False,False,False,0
56605957,False,,0,False,True,True,True,False,False,13
56874477,False,Por que escolher a Icar Automóveis? Desde 1983 temos tradição em veículos de qualidade. Atendimento personalizado e garantia de procedência. Não perca tempo: ligue agora para (19) 3461-4001 e agende sua visita! Atenção: Veículo único! Não perca a chance de dirigir o carro dos seus sonhos. Ele pode ser seu hoje mesmo! Icar Automóveis - Aqui a sua experiência é do tamanho do seu sonho! SIGA-NOS NO INSTAGRAM: @icar_automoveis Nos reservamos o direito de corrigir possíveis erros de digitação,492,False,True,False,True,False,False,10
56552655,False,"Laudo Cautelar Aprovado, Único Dono, Acompanha Manual e Chave Reserva - Somos a Leme Veículos, Uma empresa Familiar, Localizada em Leme/SP. Qualidade, transparência e honestidade são as chaves principais de nosso sucesso. Veículos revisados com total procedência e garantia. Trabalhamos com 0km e Multimarcas de todos os segmentos, avaliamos seu veículo na negociação - Reservamo-nos ao direito de corrigir eventuais erros de digitação e/ou publicação. Clientes de outras cidades, favor comunicar sua visita com antecedência para sua melhor comodidade.",552,False,True,False,True,False,False,16
56770807,False,,0,False,False,False,False,False,False,0
56890166,False,,0,False,True,False,False,False,False,2
56889980,False,"Se você está sonhando em trocar de carro, agora você está na direção certa! O seminovo mais novo do Brasil está na Localiza Seminovos, onde você encontra a maior variedade de modelos do mercado e muitas vantagens, como condições únicas de financiamento, entrada facilitada em até 10 vezes sem juros, carros revisados e com garantia de quilometragem real, viabilizamos a troca do seu carro usado e entregamos seu novo carro na segurança de sua casa! Agende já seu atendimento!",475,False,True,False,False,False,False,2
57485690,False,,0,False,False,False,False,False,False,0
57461619,False,,0,False,True,False,False,False,False,5
57448196,False,"RENAULT KWID OUTSIDER 2022/2023 TOP DE LINHA LAUDO CAUTELAR APROVADO MANUAL DO PROPRIETÁRIO CHAVE CÓPIA Trabalhamos com as principais financeiras do mercado para garantir a você cliente a melhor taxa na aquisição do seu veículo. Todos os veículos são revisados e com garantia por 3 meses. Estamos localizados na zona leste de São Paulo, próximos a avenida sapopemba. Av General Porfirio da Paz, 754 - Pq dos bancários. CONTATO WhatsApp ATRAVÉS DO NUMERO (11) 99281-6584",469,False,True,True,True,False,False,8
56795831,False,,0,False,True,False,False,False,False,4
56719018,False,,0,False,True,False,False,False,False,2
57354495,False,"Somos um time que trabalha com o mercado de automóveis há décadas, e sabe: o mais importante na hora de realizar um sonho é ter o que você precisa. Damos o suporte necessário para escolha do modelo e ano. Temos ofertas imperdíveis e parceria com as melhores financeiras do mercado. Aqui a gente trabalha pra que a sensação de carro novinho aconteça desde o momento da compra até o pós-venda. Cuidamos de toda frota, garantindo todas as manutenções e revisões, documentação em dia, e cada um de nossos consultores está treinado para fazer um atendimento personalizado. Conte com um time pronto pra encontrar o carro perfeito pra você e a sua família.",649,False,True,False,True,False,False,10
56631610,False,"*SEMINOVOS COM GARANTIA DE 3 MESES: MOTOR E CÂMBIO.Traga seu usado para uma avaliação. Consulte nossos planos de financiamento, com as melhores taxas do mercado. Reservamos o direito de corrigir eventuais erros de digitação.",224,False,True,False,False,False,False,3
56579159,False,,0,False,False,False,False,False,False,0
56729691,False,"Tecnologia e segurança se unem com sistema Stop&Start, controle eletrônico de estabilidade com auxílio de partida em rampa, luzes de circulação diurna em LED e monitoramento da pressão dos pneus, proporcionando mais confiança e eficiência em cada trajeto. O Grupo Sinal iniciou suas atividades na década de 80 em São Bernardo do Campo, expandindo-se com outras marcas e lojas em São Paulo. Hoje, com mais de 60 unidades, representamos diversas montadoras e somos referência em comercialização de veículos em São Paulo. Valor anunciado referente a pintura sólida. Itens e kits de série sujeitos a alterações sem aviso prévio de acordo com as mudanças e políticas de catálogo da montadora. Consulte outras opções de cores e versões. Traga seu usado para avaliação. Consulte nossos Planos de Financiamento, com as melhores taxas do mercado. Carros a pronta entrega. Preços anunciados são válidos somente para veículos em estoque. Para veículos de encomenda, os preços devem ser consultados. Reservamos o direito de corrigir eventuais erros de digitação. Fotos ilustrativas.. Garantia de Fábrica.",1092,False,True,False,False,False,False,0
56731508,False,"Conectividade e praticidade se encontram neste modelo, com central multimídia MEDIA Evolution com Android Auto® e Apple CarPlay®, câmera de ré, retrovisores com ajuste elétrico e calotas Flex Wheel Biton que completam o visual moderno. O Grupo Sinal iniciou suas atividades na década de 80 em São Bernardo do Campo, expandindo-se com outras marcas e lojas em São Paulo. Hoje, com mais de 60 unidades, representamos diversas montadoras e somos referência em comercialização de veículos em São Paulo. Valor anunciado referente a pintura sólida. Itens e kits de série sujeitos a alterações sem aviso prévio de acordo com as mudanças e políticas de catálogo da montadora. Consulte outras opções de cores e versões. Traga seu usado para avaliação. Consulte nossos Planos de Financiamento, com as melhores taxas do mercado. Carros a pronta entrega. Preços anunciados são válidos somente para veículos em estoque. Para veículos de encomenda, os preços devem ser consultados. Reservamos o direito de corrigir eventuais erros de digitação. Fotos ilustrativas.. Garantia de Fábrica.",1072,False,True,False,True,False,True,4
56729750,False,"Estilo e exclusividade em cada detalhe, com volante de três raios, bancos com acabamento diferenciado e central multimídia MEDIA Evolution com Android Auto® e Apple CarPlay®, que garantem conectividade e praticidade em todas as viagens. O Grupo Sinal iniciou suas atividades na década de 80 em São Bernardo do Campo, expandindo-se com outras marcas e lojas em São Paulo. Hoje, com mais de 60 unidades, representamos diversas montadoras e somos referência em comercialização de veículos em São Paulo. Valor anunciado referente a pintura sólida. Itens e kits de série sujeitos a alterações sem aviso prévio de acordo com as mudanças e políticas de catálogo da montadora. Consulte outras opções de cores e versões. Traga seu usado para avaliação. Consulte nossos Planos de Financiamento, com as melhores taxas do mercado. Carros a pronta entrega. Preços anunciados são válidos somente para veículos em estoque. Para veículos de encomenda, os preços devem ser consultados. Reservamos o direito de corrigir eventuais erros de digitação. Fotos ilustrativas. - Condição valida para faturamento direto montadora.. Garantia de Fábrica.",1126,False,True,False,True,False,False,4
56731716,False,"Renault Sinal France, uma concessionária Grupo Sinal. O Grupo Sinal é uma tradicional rede de concessionárias com + de 30 anos de história e 40 lojas na grande São Paulo. Atualmente representa 10 grandes bandeiras: Fiat, Ford, Renault, Nissan, Honda, Hyundai, Chrysler, Jeep, Dodge e Ram, além de uma grande variedade de seminovos de todas as marcas. São mais de 4.500 ofertas de zero km e seminovos. Conte com um dos maiores distribuidores de veículos do Brasil, e com quem mais entende de carros. Conte com o Grupo Sinal.",523,False,True,False,False,False,False,0
57491609,False,,0,False,False,False,False,False,False,0
57518642,False,,0,False,False,False,False,False,False,0
57491416,False,,0,False,False,False,False,False,False,0
57491433,False,,0,False,True,False,False,False,False,2
57491457,False,,0,False,False,False,False,False,False,0
57491491,False,,0,False,False,False,False,False,False,0
57491447,False,,0,False,True,False,False,False,False,2
57492039,False,,0,False,True,False,False,False,False,3
57492076,False,,0,False,False,False,False,False,False,0
57478732,False,,0,False,False,False,False,False,False,0
57478729,False,,0,False,False,False,False,False,False,0
57487326,False,,0,False,False,False,False,False,False,0
57478650,False,,0,False,False,False,False,False,False,0
57478587,False,,0,False,False,False,False,False,False,0
57478824,False,,0,False,False,False,False,False,False,0
57478748,False,,0,False,False,False,False,False,False,0
57478731,False,,0,False,False,False,False,False,False,0
57478584,False,,0,False,False,False,False,False,False,0
57478699,False,,0,False,False,False,False,False,False,0
57487340,False,,0,False,False,False,False,False,False,0
57487333,False,,0,False,False,False,False,False,False,0
57478625,False,,0,False,False,False,False,False,False,0
57487327,False,,0,False,False,False,False,False,False,0
57478728,False,,0,False,False,False,False,False,False,0
57478317,False,,0,False,False,False,False,False,False,0
57478358,False,,0,False,False,False,False,False,False,0
57478407,False,,0,False,False,False,False,False,False,0
57478379,False,,0,False,False,False,False,False,False,0
57487213,False,,0,False,False,False,False,False,False,0
57487210,False,,0,False,False,False,False,False,False,0
57487219,False,,0,False,False,False,False,False,False,0
57487229,False,,0,False,False,False,False,False,False,0
54320168,False,,0,False,True,False,False,False,False,3
57486900,False,,0,False,False,False,False,False,False,0
57486867,False,,0,False,False,False,False,False,False,0
57486837,False,,0,False,False,False,False,False,False,0
57487585,False,,0,False,True,False,False,False,False,3
57514794,False,,0,False,False,False,False,False,False,0
57519442,False,,0,False,True,False,False,False,False,3
56846471,False,"O valor anunciado é referente ao Carro sem Troca Nossos carros são todos PERICIADOS, REVISADOS e possuem GARANTIA* Trabalhamos com todas as financeiras bancárias. Fazemos TROCA COM TROCO.* Parcelamos a ENTRADA no cartão de crédito. e facilitamos sua Entrada no Financiamento. Sujeito a erro de digitação* Consulte condições*",324,False,True,False,False,False,False,2
56849547,False,"O valor anunciado é referente ao Carro sem Troca Nossos carros são todos PERICIADOS, REVISADOS e possuem GARANTIA* Trabalhamos com todas as financeiras bancárias. Fazemos TROCA COM TROCO.* Parcelamos a ENTRADA no cartão de crédito. e facilitamos sua Entrada no Financiamento. Sujeito a erro de digitação* Consulte condições*",324,False,True,False,False,False,False,3
56440389,False,"A R7 Motors é uma loja de carros multimarcas especializada na compra e venda de carros seminovos em Campinas/SP. Com mais de uma década de experiência no mercado automotivo, com procedência garantida, financiamento facilitado e atendimento personalizado. Aqui, você encontra as melhores ofertas de carros usados em Campinas, com variedade de modelos das principais montadoras como Chevrolet, Volkswagen, Fiat, Honda, Toyota, Hyundai, entre outras. Avaliamos seu usado na hora, aceitamos trocas e oferecemos condições exclusivas para você sair de carro novo hoje mesmo. Seja para trocar de carro, financiar um seminovo ou vender seu veículo, a R7 Motors é a escolha certa. Transparência, confiança e credibilidade fazem parte da nossa essência. Visite uma de nossas unidades ou fale agora mesmo pelo WhatsApp e descubra por que somos referência em venda de carros seminovos em Campinas e região.",894,False,True,False,False,False,False,7
56849584,False,"A R7 Motors é uma loja de carros multimarcas especializada na compra e venda de carros seminovos em Campinas/SP. Com mais de uma década de experiência no mercado automotivo, com procedência garantida, financiamento facilitado e atendimento personalizado. Aqui, você encontra as melhores ofertas de carros usados em Campinas, com variedade de modelos das principais montadoras como Chevrolet, Volkswagen, Fiat, Honda, Toyota, Hyundai, entre outras. Avaliamos seu usado na hora, aceitamos trocas e oferecemos condições exclusivas para você sair de carro novo hoje mesmo. Seja para trocar de carro, financiar um seminovo ou vender seu veículo, a R7 Motors é a escolha certa. Transparência, confiança e credibilidade fazem parte da nossa essência. Visite uma de nossas unidades ou fale agora mesmo pelo WhatsApp e descubra por que somos referência em venda de carros seminovos em Campinas e região.",894,False,False,False,False,False,False,0
56764258,False,"A R7 Motors é uma loja de carros multimarcas especializada na compra e venda de carros seminovos em Campinas/SP. Com mais de uma década de experiência no mercado automotivo, com procedência garantida, financiamento facilitado e atendimento personalizado. Aqui, você encontra as melhores ofertas de carros usados em Campinas, com variedade de modelos das principais montadoras como Chevrolet, Volkswagen, Fiat, Honda, Toyota, Hyundai, entre outras. Avaliamos seu usado na hora, aceitamos trocas e oferecemos condições exclusivas para você sair de carro novo hoje mesmo. Seja para trocar de carro, financiar um seminovo ou vender seu veículo, a R7 Motors é a escolha certa. Transparência, confiança e credibilidade fazem parte da nossa essência. Visite uma de nossas unidades ou fale agora mesmo pelo WhatsApp e descubra por que somos referência em venda de carros seminovos em Campinas e região.",894,False,False,False,False,False,False,0
56593641,False,"A R7 Motors é uma loja de carros multimarcas especializada na compra e venda de carros seminovos em Campinas/SP. Com mais de uma década de experiência no mercado automotivo, com procedência garantida, financiamento facilitado e atendimento personalizado. Aqui, você encontra as melhores ofertas de carros usados em Campinas, com variedade de modelos das principais montadoras como Chevrolet, Volkswagen, Fiat, Honda, Toyota, Hyundai, entre outras. Avaliamos seu usado na hora, aceitamos trocas e oferecemos condições exclusivas para você sair de carro novo hoje mesmo. Seja para trocar de carro, financiar um seminovo ou vender seu veículo, a R7 Motors é a escolha certa. Transparência, confiança e credibilidade fazem parte da nossa essência. Visite uma de nossas unidades ou fale agora mesmo pelo WhatsApp e descubra por que somos referência em venda de carros seminovos em Campinas e região.",894,False,True,False,True,False,False,2
56905921,False,"Descubra o Renault Kwid 1.0 12V SCE Intense 2025, o carro que vai transformar sua experiência nas ruas. Com seu design moderno e arrojado, esse hatch compacto combina eficiência e estilo em um único veículo. O motor flex oferece potência e economia, perfeito para quem busca praticidade no dia a dia. Com um interior que prioriza o conforto e a conectividade, você estará sempre pronto para qualquer aventura. Equipado com tecnologia de ponta, como central multimídia e sistemas de segurança, o Kwid Intense é ideal para quem não abre mão do que há de melhor. Este é o carro certo para quem quer economia sem comprometer o desempenho. Não perca a chance de adquirir o seu e levar suas viagens a um novo patamar. Venha conferir!",727,False,True,False,True,False,False,16
56719667,False,"IPVA 2026 PAGO. Renault Kwid Zen 2023, ideal pra quem quer economia de verdade no dia a dia Motor 1.0 econômico e manutenção barata Consumo excelente - chegando a média de até 15 km/l na gasolina Direção elétrica leve (perfeito pra cidade) Ar-condicionado e vidros elétricos 4 airbags + controle de estabilidade (segurança acima da média na categoria) Altura elevada - não raspa fácil Apesar de compacto, tem um bom porta-malas (290L) e é muito prático pro uso urbano Consulte Condição de Financiamento e Avaliação no seu usado, aceitamos sua moto de baixa cc na troca sujeito a avaliação. Nos reservamos o direito de possíveis erros de digitação. Markin Veículos conectando você ao carro do seus Sonhos.",704,False,True,False,False,False,False,5
57497317,False,,0,False,False,False,False,False,False,0
57477510,False,,0,False,False,False,False,False,False,0
57486015,False,,0,False,False,False,False,False,False,0
57477538,False,,0,False,False,False,False,False,False,0
57477537,False,,0,False,False,False,False,False,False,0
57490271,False,,0,False,False,False,False,False,False,0
57490284,False,,0,False,False,False,False,False,False,0
57485943,False,,0,False,False,False,False,False,False,0
57485933,False,,0,False,False,False,False,False,False,0
57392369,False,"*SEMINOVOS COM GARANTIA DE 3 MESES: MOTOR E CÂMBIO.Traga seu usado para uma avaliação. Consulte nossos planos de financiamento, com as melhores taxas do mercado. Reservamos o direito de corrigir eventuais erros de digitação.",224,False,False,False,False,False,False,0
57392365,False,"*SEMINOVOS COM GARANTIA DE 3 MESES: MOTOR E CÂMBIO.Traga seu usado para uma avaliação. Consulte nossos planos de financiamento, com as melhores taxas do mercado. Reservamos o direito de corrigir eventuais erros de digitação.. Garantia de Fábrica. IPVA Pago. Licenciado. Único Dono. Revisões na Concessionária.",309,False,True,False,False,False,False,2
57392367,False,"*SEMINOVOS COM GARANTIA DE 3 MESES: MOTOR E CÂMBIO.Traga seu usado para uma avaliação. Consulte nossos planos de financiamento, com as melhores taxas do mercado. Reservamos o direito de corrigir eventuais erros de digitação.. Licenciado. Único Dono. Revisões na Concessionária.",277,False,True,False,False,False,False,3
57240827,False,,0,False,False,False,False,False,False,0
56872867,False,"A Unimais Veículos tem sido a referência em excelência e confiança no mercado de veículos em Campinas e Hortolândia. Com quatro lojas estrategicamente localizadas, sendo três em Campinas e uma em Hortolândia, oferecemos uma experiência única para nossos clientes. Nosso Compromisso: Variedade Excepcional: Com mais de 400 carros em estoque, nossa seleção abrange desde modelos clássicos até os mais recentes lançamentos. Encontrar o veículo perfeito é a nossa missão. 20 Anos de Expertise: Ao longo de duas décadas, cultivamos uma expertise inigualável no setor automotivo. Nossa equipe dedicada está pronta para oferecer orientação e suporte em cada passo do processo de compra. Proximidade e Comodidade: Com três lojas em Campinas e uma em Hortolândia, estamos sempre próximos para atender às suas necessidades. Visite-nos e descubra por que somos a escolha confiável de tantos clientes satisfeitos. Na Unimais Veículos, não vendemos apenas carros; entregamos sonhos sobre quatro rodas. Explore nosso estoque online ou visite uma de nossas lojas para começar sua jornada automotiva conosco. Seja bem-vindo à Unimais Veículos, onde sua satisfação é nossa prioridade.",1167,False,True,True,True,False,False,14
57225132,False,"A Brabus Mitsubishi ABC é uma concessionária do Grupo Brabus, maior revendedor Mitsubishi do Brasil. As concessionárias do Grupo são as mais completas da América Latina, com venda de veículos novos, seminovos, serviços de mecânica, funilaria, pintura, peças e acessórios. O estoque de seminovos possui mais de 200 Veículos Multimarcas com Garantia de Qualidade e Procedência, Vistoria Cautelar Aprovada, Manual do Proprietário e Chave Reserva. Todos os veículos passam pelo processo de Higienização por Oxisanitização. A Brabus possui uma equipe de Consultores de Vendas especializada para orientá-lo a fechar o melhor negócio, com uma ótima avaliação do seu seminovo, e as melhores taxas de crédito com as principais instituições financeira. Atendimento especializado. RESERVAMO-NOS O DIREITO DE QUALQUER ERRO DE DIGITAÇÃO. IPVA Pago. Licenciado.",847,False,True,False,True,False,False,9
57361905,False,"A Brabus Mitsubishi ABC é uma concessionária do Grupo Brabus, maior revendedor Mitsubishi do Brasil. As concessionárias do Grupo são as mais completas da América Latina, com venda de veículos novos, seminovos, serviços de mecânica, funilaria, pintura, peças e acessórios. O estoque de seminovos possui mais de 200 Veículos Multimarcas com Garantia de Qualidade e Procedência, Vistoria Cautelar Aprovada, Manual do Proprietário e Chave Reserva. Todos os veículos passam pelo processo de Higienização por Oxisanitização. A Brabus possui uma equipe de Consultores de Vendas especializada para orientá-lo a fechar o melhor negócio, com uma ótima avaliação do seu seminovo, e as melhores taxas de crédito com as principais instituições financeira. Atendimento especializado. RESERVAMO-NOS O DIREITO DE QUALQUER ERRO DE DIGITAÇÃO. IPVA Pago. Licenciado.",847,False,True,False,True,False,False,11
57485580,False,,0,False,False,False,False,False,False,0
56471855,False,"*SEMINOVOS COM GARANTIA DE 3 MESES: MOTOR E CÂMBIO.Traga seu usado para uma avaliação. Consulte nossos planos de financiamento, com as melhores taxas do mercado. Reservamos o direito de corrigir eventuais erros de digitação.. Licenciado.",237,False,True,False,False,False,False,4
56729698,False,"Tecnologia e segurança se unem com sistema Stop&Start, controle eletrônico de estabilidade com auxílio de partida em rampa, luzes de circulação diurna em LED e monitoramento da pressão dos pneus, proporcionando mais confiança e eficiência em cada trajeto. O Grupo Sinal iniciou suas atividades na década de 80 em São Bernardo do Campo, expandindo-se com outras marcas e lojas em São Paulo. Hoje, com mais de 60 unidades, representamos diversas montadoras e somos referência em comercialização de veículos em São Paulo. Valor anunciado referente a pintura sólida. Itens e kits de série sujeitos a alterações sem aviso prévio de acordo com as mudanças e políticas de catálogo da montadora. Consulte outras opções de cores e versões. Traga seu usado para avaliação. Consulte nossos Planos de Financiamento, com as melhores taxas do mercado. Carros a pronta entrega. Preços anunciados são válidos somente para veículos em estoque. Para veículos de encomenda, os preços devem ser consultados. Reservamos o direito de corrigir eventuais erros de digitação. Fotos ilustrativas.. Garantia de Fábrica.",1092,False,True,False,False,False,False,0
56731514,False,"Conectividade e praticidade se encontram neste modelo, com central multimídia MEDIA Evolution com Android Auto® e Apple CarPlay®, câmera de ré, retrovisores com ajuste elétrico e calotas Flex Wheel Biton que completam o visual moderno. O Grupo Sinal iniciou suas atividades na década de 80 em São Bernardo do Campo, expandindo-se com outras marcas e lojas em São Paulo. Hoje, com mais de 60 unidades, representamos diversas montadoras e somos referência em comercialização de veículos em São Paulo. Valor anunciado referente a pintura sólida. Itens e kits de série sujeitos a alterações sem aviso prévio de acordo com as mudanças e políticas de catálogo da montadora. Consulte outras opções de cores e versões. Traga seu usado para avaliação. Consulte nossos Planos de Financiamento, com as melhores taxas do mercado. Carros a pronta entrega. Preços anunciados são válidos somente para veículos em estoque. Para veículos de encomenda, os preços devem ser consultados. Reservamos o direito de corrigir eventuais erros de digitação. Fotos ilustrativas.. Garantia de Fábrica.",1072,False,True,False,True,False,True,4
56729756,False,"Estilo e exclusividade em cada detalhe, com volante de três raios, bancos com acabamento diferenciado e central multimídia MEDIA Evolution com Android Auto® e Apple CarPlay®, que garantem conectividade e praticidade em todas as viagens. O Grupo Sinal iniciou suas atividades na década de 80 em São Bernardo do Campo, expandindo-se com outras marcas e lojas em São Paulo. Hoje, com mais de 60 unidades, representamos diversas montadoras e somos referência em comercialização de veículos em São Paulo. Valor anunciado referente a pintura sólida. Itens e kits de série sujeitos a alterações sem aviso prévio de acordo com as mudanças e políticas de catálogo da montadora. Consulte outras opções de cores e versões. Traga seu usado para avaliação. Consulte nossos Planos de Financiamento, com as melhores taxas do mercado. Carros a pronta entrega. Preços anunciados são válidos somente para veículos em estoque. Para veículos de encomenda, os preços devem ser consultados. Reservamos o direito de corrigir eventuais erros de digitação. Fotos ilustrativas. - Condição valida para faturamento direto montadora.. Garantia de Fábrica.",1126,False,True,False,True,False,False,4
57457093,False,"LOJA 2 ITIRAPINA ����RENAULT/ KWID ZEN 2022 1.0 COMPLETO �� Venda: R$43.000 �� Troca: R$ 47.000 �� 16.000km | Todo revisado e super novo! ✨ Destaques: ✅ Veículo 100% vistoriado ✅ As melhores taxas do mercado ✅ Troca com avaliação justa e imediata ✅ Aprovação rápida e fácil ✅ Transparência e confiança que você só encontra na Destak Automoveis �� Faça sua simulação online → Clique aqui https://wa.link/ov1gtz (16) 99398-2044 �� Nossas lojas: �� General Osório, 287 - Centro São Carlos (ao lado do Hiper Jau Serve) �� Rua Oito, 438 - Vila Cruz, Itirapina �� https://destakautomoveissaocarlos.servicosgold.com.br/ �� https://www.instagram.com/destakautomoveis",658,False,True,False,False,False,False,9
57111256,False,Seminovos Bicudo Motors - A certeza do melhor negócio- 1 ANO DE GARANTIA- ÚNICO DONO- RARIDADE- MUITO NOVA- EXTREMA QUALIDADE- CAUTELAR APROVADAFacilitamos seu financiamento e avaliamos uma eventual troca. Há 45 anos fazendo os melhores negócios em veículos usados e novos! Entre em contato para saber mais,306,False,True,False,False,True,False,4
56881334,False,,0,False,True,False,False,False,False,4
56888089,False,,0,False,True,False,True,False,False,6
56887971,False,,0,False,True,False,False,False,False,4
56715725,False,,0,False,True,False,False,False,False,4
57341871,False,,0,False,True,True,True,False,False,13
56722043,False,"Aproveite agora mesmo as condições que a Miguel Motors oferece para a compra do seu carro novo, venha nos visitar! Atuamos no mercado desde 1999 com grande variedade de veículos e com as melhores condições, sempre prezando pelo melhor atendimento ao nosso cliente. - Facilitamos a entrada no cartão de crédito, parcelamento até 24x (consultar taxa) - Laudo Cautelar aprovado - Aceitamos o seu usado na troca - Financiamento com os principais bancos, com ou sem entrada - Simulação On-line *Nos reservamos a possíveis erros de digitação Observação: valor do anuncio permanece para pagamento a vista ou financiado, envolvendo troca permanece o valor do site da MIGUEL MOTORS.",673,False,True,False,False,False,False,8
56721838,False,"Aproveite agora mesmo as condições que a Miguel Motors oferece para a compra do seu carro novo, venha nos visitar! Atuamos no mercado desde 1999 com grande variedade de veículos e com as melhores condições, sempre prezando pelo melhor atendimento ao nosso cliente. - Facilitamos a entrada no cartão de crédito, parcelamento até 24x (consultar taxa) - Laudo Cautelar aprovado - Aceitamos o seu usado na troca - Financiamento com os principais bancos, com ou sem entrada - Simulação On-line *Nos reservamos a possíveis erros de digitação Observação: valor do anuncio permanece para pagamento a vista ou financiado, envolvendo troca permanece o valor do site da MIGUEL MOTORS.",673,False,True,False,False,False,False,17
56632301,False,veiculo impecável laudo cautelar aprovado 3 meses de garantia motor e cambio financia ou cartão de credito aceitamos troca e troca com troco direção elétrica vidro elétrico trava elétrica ar condicionado som original manual e chave reserva mais informações 98741 6682 watts,273,False,True,False,False,False,False,8
57501646,False,"IPVA TOTAL PAGO !!! Não perca mais tempo, venha nos fazer uma visita e faça um test drive! Financiamento Bancário, Pix, Carta de crédito, Cartão de Crédito e Débito. Aceitamos seu veículo na troca, melhor avaliação do mercado! Aproveite as melhores condições e saia com seu carro novo! Até porque vocês já sabem né?! NÃO QUER TER ESTRESSE, VEM PARA A ESS!",355,False,True,False,False,False,False,10
57397204,False,"* Laudo aprovado * Veículo em perfeito estado, sem detalhes * Aceitamos seu veículo como parte de pagamento * Financiamento com excelentes taxas e condições * Venha fazer parte da história da Ens Auto, oferecendo qualidade e confiança em cada negócio! * Valor anunciado válido para pagamento à vista ou financiamento (sem troca)",328,False,True,False,False,False,False,11
56430179,False,,0,False,True,False,False,False,False,2
57490242,False,,0,False,False,False,False,False,False,0
57496162,False,,0,False,False,False,False,False,False,0
57496501,False,,0,False,False,False,False,False,False,0
57490312,False,,0,False,False,False,False,False,False,0
57477600,False,,0,False,False,False,False,False,False,0
57477622,False,,0,False,False,False,False,False,False,0
57490318,False,,0,False,False,False,False,False,False,0
57477630,False,,0,False,False,False,False,False,False,0
56471752,False,"*RENAULT/ KWID- 1.0 - 4 PORTAS - 2017/2018 - PRATA - FLEX (GASOLINA/ÁLCOOL) *COMPLETA - SEGUNDO DONO - LAUDO CAUTELAR 100% APROVADO *FACILITAMOS O SEU PAGAMENTO. *DIREÇÃO HIDRAÚLICA - AR CONDICIONADO - VIDROS ELÉTRICOS - TRAVAS ELÉTRICAS - AIR BAG - ALARME - SOM - ABS *ACEITAMOS O SEU CARRO COMO PARTE DE PAGAMENTO, MESMO COM DIVIDAS E AVARIAS. *ACEITAMOS TROCA POR VEÍCULO UTILITÁRIO. *NOSSA LOJA: "" DINICAR AUTOMÓVEIS "" *ESTAMOS À MAIS 30 ANOS NO MERCADO, *NOSSOS HORÁRIOS: DE SEGUNDA A SEXTA DÁS 09:00 ATÉ 18:00 - SÁBADOS DAS 09:00 ATÉ 16:00 E AOS DOMINGOS E FERIADOS À COMBINAR *FORMAS DE PAGAMENTO: ACEITAMOS TODOS OS CARTÕES DE CRÉDITO EM ATÉ 24X - BOLETO BANCÁRIO - FINANCIAMOS EM ATÉ 60X E PARCELAMOS A ENTRADA EM ATÉ 24X NO CARTÃO DE CRÉDITO.",752,False,True,False,False,False,False,9
57232170,False,"A Villa Norte Veículos é uma loja conceituada no mercado automobilístico, com 16 anos de experiência, localizada em São José dos Campos. Nossa trajetória é marcada pela credibilidade, transparência, confiança e preços justos, conquistando a satisfação de nossos clientes ao longo dos anos. Iniciamos nossa história com nossa matriz na Zona Leste de São José dos Campos e, graças ao nosso compromisso em oferecer o melhor atendimento e qualidade, expandimos nossas operações para atender também os clientes da Zona Sul e de toda a cidade. Hoje, contamos com três lojas disponíveis, reafirmando nosso objetivo de ser a melhor opção na compra de veículos na região. Nossos profissionais são altamente capacitados e estão sempre prontos para auxiliar na escolha do carro ideal para cada cliente, garantindo um atendimento personalizado e eficiente. A Villa Norte Veículos se orgulha de ser uma referência no setor e de contribuir para a realização dos sonhos de mobilidade de inúmeras famílias. Visite uma de nossas lojas e comprove a qualidade e excelência dos serviços prestados pela Villa Norte Veículos. Estamos à disposição para ajudá-lo a encontrar o veículo perfeito, com a segurança e a satisfação que você merece.",1218,False,False,False,False,False,False,0
56618841,False,,0,False,True,False,False,False,False,1
57477452,False,,0,False,False,False,False,False,False,0
57515527,False,,0,False,False,False,False,False,False,0
57477482,False,,0,False,False,False,False,False,False,0
57477507,False,,0,False,False,False,False,False,False,0
57486016,False,,0,False,False,False,False,False,False,0
57484726,False,,0,False,False,False,False,False,False,0
57486054,False,,0,False,False,False,False,False,False,0
57477521,False,,0,False,False,False,False,False,False,0
57490270,False,,0,False,False,False,False,False,False,0
57490285,False,,0,False,False,False,False,False,False,0
57477405,False,,0,False,False,False,False,False,False,0
57477552,False,,0,False,False,False,False,False,False,0
57477543,False,,0,False,False,False,False,False,False,0
57490290,False,,0,False,False,False,False,False,False,0
57477404,False,,0,False,False,False,False,False,False,0
57485946,False,,0,False,True,False,False,False,False,3
57301046,False,"A Unimais Veículos tem sido a referência em excelência e confiança no mercado de veículos em Campinas e Hortolândia. Com quatro lojas estrategicamente localizadas, sendo três em Campinas e uma em Hortolândia, oferecemos uma experiência única para nossos clientes. Nosso Compromisso: Variedade Excepcional: Com mais de 400 carros em estoque, nossa seleção abrange desde modelos clássicos até os mais recentes lançamentos. Encontrar o veículo perfeito é a nossa missão. 20 Anos de Expertise: Ao longo de duas décadas, cultivamos uma expertise inigualável no setor automotivo. Nossa equipe dedicada está pronta para oferecer orientação e suporte em cada passo do processo de compra. Proximidade e Comodidade: Com três lojas em Campinas e uma em Hortolândia, estamos sempre próximos para atender às suas necessidades. Visite-nos e descubra por que somos a escolha confiável de tantos clientes satisfeitos. Na Unimais Veículos, não vendemos apenas carros; entregamos sonhos sobre quatro rodas. Explore nosso estoque online ou visite uma de nossas lojas para começar sua jornada automotiva conosco. Seja bem-vindo à Unimais Veículos, onde sua satisfação é nossa prioridade.",1167,False,True,False,False,False,False,8
56868952,False,"A Unimais Veículos tem sido a referência em excelência e confiança no mercado de veículos em Campinas e Hortolândia. Com quatro lojas estrategicamente localizadas, sendo três em Campinas e uma em Hortolândia, oferecemos uma experiência única para nossos clientes. Nosso Compromisso: Variedade Excepcional: Com mais de 400 carros em estoque, nossa seleção abrange desde modelos clássicos até os mais recentes lançamentos. Encontrar o veículo perfeito é a nossa missão. 20 Anos de Expertise: Ao longo de duas décadas, cultivamos uma expertise inigualável no setor automotivo. Nossa equipe dedicada está pronta para oferecer orientação e suporte em cada passo do processo de compra. Proximidade e Comodidade: Com três lojas em Campinas e uma em Hortolândia, estamos sempre próximos para atender às suas necessidades. Visite-nos e descubra por que somos a escolha confiável de tantos clientes satisfeitos. Na Unimais Veículos, não vendemos apenas carros; entregamos sonhos sobre quatro rodas. Explore nosso estoque online ou visite uma de nossas lojas para começar sua jornada automotiva conosco. Seja bem-vindo à Unimais Veículos, onde sua satisfação é nossa prioridade.",1167,False,True,True,True,False,False,14
56481379,False,,0,False,True,False,False,False,False,8
57450067,False,,0,False,True,False,True,False,False,7
57485582,False,,0,False,False,False,False,False,False,0
56830664,False,,0,False,True,False,False,False,False,4
57101877,False,"🚗 Renault Kwid 1.0 2024 – Econômico, novo e pronto pra rodar! ✔️ Apenas 22.000 km rodados ✔️ Único dono ✔️ Laudo cautelar aprovado ✔️ Motor 1.0 super econômico ✔️ Veículo muito bem conservado Carro ideal pra quem busca economia no dia a dia, com baixo custo de manutenção e excelente consumo. 📄 Documentação em dia, pronto para transferência 📲 Chama no privado para mais informações ou agendar uma vis",401,False,True,False,False,False,False,8
57492478,False,,0,False,False,False,False,False,False,0
57492488,False,,0,False,False,False,False,False,False,0
57493528,False,,0,False,False,False,False,False,False,0
57493467,False,,0,False,False,False,False,False,False,0
57492471,False,,0,False,True,False,False,False,False,2
57492960,False,,0,False,True,False,False,False,False,3
56836604,False,"Preço à vista ou financiado. Para carro na troca consultar um vendedor. Nos reservamos o direito de corrigir possíveis erros de digitação neste anúncio. Confira todo o nosso estoque e entre em contato para adquirir seu carro novo. Seu sonho, nosso objetivo. Informações complementares: IPVA Pago",295,False,True,False,False,False,False,6
56596935,False,,0,False,True,False,False,False,False,4
56907239,False,"Financiamos em até 60 x ( Crédito sujeito a aprovação ) IPVA 2026 PAGO / Unico dono / Excelente estado / Manual do proprietario / Pneus novos / Chave reserva / Laudo cautelar APROVADO ( FOTOS REAIS DO VEICULO ) '' RESERVAMOS NO DIREITO DE CORRIGIR POSSIVEIS ERROS NOS ANUNCIOS """,278,False,True,False,True,False,False,14
56288073,False,,0,False,False,False,False,False,False,0
56816709,False,🚗 KWID 2022 1.0 ZEN COMPLETO MEC 🚗 IPVA 2026 PAGO 📅 Ano: 2022 ⚙️ Motorização: 1.0 FLEX 🔄 Câmbio: MANUAL 📍 Versão: ZEN 📏 Quilometragem: 81 715 km 💎 Destaques do veículo: ✔️ Design moderno e esportivo ✔️ Som De Fábrica ✔️ Ar-condicionado ✔️ Direção Hidráulica ✔️ Vidros e travas elétricas ✔️ Airbags e freios ABS ✔️ Excelente consumo e desempenho 🧼 Veículo muito bem conservado 🔍 Revisado e pronto para rodar.,407,False,True,False,False,False,False,7
56827517,False,"Canal do Carro Veículos - Seu próximo carro está aqui! A Canal do Carro Veículos oferece compra, venda e consignação de automóveis com transparência, confiança e ótimo atendimento. Trabalhamos para que você realize o sonho do carro ideal com segurança e tranquilidade. Novo endereço: Av. Ruy Rodriguez, 513 - Jd. Novo Campos Elíseos, Campinas-SP Parcelamos no cartão de crédito em até 24x , Financiamento em até 60x, Aceitamos sua moto ou carro na troca! *Reservamo-nos o direito de corrigir eventuais erros deste anúncio. *Valor sujeito à alteração. Consulte disponibilidade do veículo. *Condições de financiamento sujeitas a análise",634,False,True,False,False,False,False,6
56840938,False,Todos os nossos veículos possuem : LAUDO CAUTELAR APROVADO DIAGNÓSTICO MECÂNICO APROVADO GARANTIA DE ATÉ 2 ANOS COM MAIS DE 100 ITENS DE COBERTURA BLESSCAR 31 ANOS AQUI É DIFERENTE !!!!! * reservamo-nos o direito de corrigir possíveis erros de digitação e/ou fotos,264,False,True,False,False,False,False,2
56880163,False,Todos os nossos veículos possuem : LAUDO CAUTELAR APROVADO DIAGNÓSTICO MECÂNICO APROVADO GARANTIA DE ATÉ 2 ANOS COM MAIS DE 100 ITENS DE COBERTURA BLESSCAR 31 ANOS AQUI É DIFERENTE !!!!! * reservamo-nos o direito de corrigir possíveis erros de digitação e/ou fotos,264,False,True,False,False,False,False,2
56827512,False,"Canal do Carro Veículos - Seu próximo carro está aqui! A Canal do Carro Veículos oferece compra, venda e consignação de automóveis com transparência, confiança e ótimo atendimento. Trabalhamos para que você realize o sonho do carro ideal com segurança e tranquilidade. Novo endereço: Av. Ruy Rodriguez, 513 - Jd. Novo Campos Elíseos, Campinas-SP Parcelamos no cartão de crédito em até 24x , Financiamento em até 60x, Aceitamos sua moto ou carro na troca! *Reservamo-nos o direito de corrigir eventuais erros deste anúncio. *Valor sujeito à alteração. Consulte disponibilidade do veículo. *Condições de financiamento sujeitas a análise.",635,False,True,False,True,False,False,5
57221698,False,,0,False,True,True,False,False,False,8
57183248,False,"{FIAT SINAL TANCREDOAv. Tancredo Neves, n°1.405 Tel.: 11-2603-4000*SEMINOVOS COM GARANTIA DE 3 MESES: MOTOR E CÂMBIO.Traga seu usado para uma avaliação. Consulte nossos planos de financiamento, com as melhores taxas do mercado. Reservamos o direito de corrigir eventuais erros de digitação.",290,False,False,False,False,False,False,0
57183245,False,"{FIAT SINAL TANCREDOAv. Tancredo Neves, n°1.405 Tel.: 11-2603-4000*SEMINOVOS COM GARANTIA DE 3 MESES: MOTOR E CÂMBIO.Traga seu usado para uma avaliação. Consulte nossos planos de financiamento, com as melhores taxas do mercado. Reservamos o direito de corrigir eventuais erros de digitação.",290,False,False,False,False,False,False,0
56850075,False,"IPVA 2026 PAGO !!! **Condições especiais para motorista de aplicativo ** * ESTAMOS EM FEIRÃO ! APROVEITE AS OFERTAS DISPONÍVEIS NO SITE !! * SIMULE SEU FINANCIAMENTO ! ENTREGA IMEDIATA * APROVOU LEVOU !! * AVALIE SEU USADO COM PREÇO JUSTO * * Garantia MOTOR E CÂMBIO com 30 itens certificados * * veiculo muito conservado * pneus novos * Estamos on-line chame já * Atendimento personalizado * Valor especial para PAGAMENTO À VISTA ( em dinheiro ) / Para troca ou financiamento, consulte um de nossos vendedores. * veículo CERTIFICADO * * Aprovação sem CNH E Score baixo ! * Analisamos seu crédito com pequenas restrições ( com entrada ) * Utilize seu FGTS ! * Todos os veículos com laudo cautelar aprovado, * mais de 40 anos de mercado fazendo bons negócios * financio 100% atendemos todo o Brasil , * fazemos financiamento com score baixo e sem cnh * taxas especiais para aposentados , pensionistas e funcionários públicos * aceito moto ou carro como parte de pagamento ,* * Entrada facilitada no boleto ou cartão 18x *Parceria com os maiores bancos do Brasil : Itaú , Bv , banco Pan , Santander , Bradesco , Omni , Digimais , C6 Bank , Daycoval , Bradesco ,",1159,False,False,False,False,False,False,0
57158852,False,,0,False,True,False,False,False,False,6
57360434,False,Carro excelente estado Cautelar aprovada completo manual chave reserva ac troca financio e parcelamos sua entrada ate 24x cartão crédito carmax veículos 19 974153671,165,False,False,False,False,False,False,0
56920954,False,"*SEMINOVOS COM GARANTIA DE 3 MESES: MOTOR E CÂMBIO.Traga seu usado para uma avaliação. Consulte nossos planos de financiamento, com as melhores taxas do mercado. Reservamos o direito de corrigir eventuais erros de digitação.",224,False,False,False,False,False,False,0
57491834,False,"IPVA 2016 TOTAL PAGO!!!! É isso mesmo, corra e aproveite essa oportunidade! Localiza Seminovos Santo André as melhores ofertas estão aqui! Garantia de procedência e Km real. Viabilizamos a troca pelo seu seminovo, financiamos em até 60 vezes com ou sem entrada, parcelamos até R$ 10.000,00 em até 10 vezes sem juros no cartão de crédito (Visa, Master e Amex) e aceitamos algumas cartas de consórcio. Venha nos fazer uma visita na Av. dos Estados nº 6.700, estamos abertos de domingo a domingo. Ligue grátis de fixo ou celular 0800 200 2000 ou envie sua proposta para proposta.STA@localiza.com.",593,False,True,False,False,False,False,2
57487600,False,,0,False,False,False,False,False,False,0
57496609,False,,0,False,False,False,False,False,False,0
57487394,False,,0,False,False,False,False,False,False,0
57494483,False,"IPVA 2016 TOTAL PAGO!!!! É isso mesmo, corra e aproveite essa oportunidade! Localiza Seminovos Santo André as melhores ofertas estão aqui! Garantia de procedência e Km real. Viabilizamos a troca pelo seu seminovo, financiamos em até 60 vezes com ou sem entrada, parcelamos até R$ 10.000,00 em até 10 vezes sem juros no cartão de crédito (Visa, Master e Amex) e aceitamos algumas cartas de consórcio. Venha nos fazer uma visita na Av. dos Estados nº 6.700, estamos abertos de domingo a domingo. Ligue grátis de fixo ou celular 0800 200 2000 ou envie sua proposta para proposta.STA@localiza.com.",593,False,True,False,False,False,False,2
57494553,False,,0,False,False,False,False,False,False,0
56653017,False,"Veículo em excelente estado de conservação, baixa quilometragem e laudo cautelar APROVADO. - Empresa tradicional e há muitos anos garantindo o melhor atendimento e satisfação dos clientes em Campinas e região. - Mais de 24 bancos e financeiras cadastrados na loja; - As MELHORES e MENORES taxas de financiamento do mercado - Aceitamos consórcio; - Aceitamos troca; - Troca com troco; - Compramos o seu usado. Venha fazer o test drive e tomar um café com a gente, estamos a sua disposição!",488,False,True,False,False,False,False,5
56729703,False,"Tecnologia e segurança se unem com sistema Stop&Start, controle eletrônico de estabilidade com auxílio de partida em rampa, luzes de circulação diurna em LED e monitoramento da pressão dos pneus, proporcionando mais confiança e eficiência em cada trajeto. O Grupo Sinal iniciou suas atividades na década de 80 em São Bernardo do Campo, expandindo-se com outras marcas e lojas em São Paulo. Hoje, com mais de 60 unidades, representamos diversas montadoras e somos referência em comercialização de veículos em São Paulo. Valor anunciado referente a pintura sólida. Itens e kits de série sujeitos a alterações sem aviso prévio de acordo com as mudanças e políticas de catálogo da montadora. Consulte outras opções de cores e versões. Traga seu usado para avaliação. Consulte nossos Planos de Financiamento, com as melhores taxas do mercado. Carros a pronta entrega. Preços anunciados são válidos somente para veículos em estoque. Para veículos de encomenda, os preços devem ser consultados. Reservamos o direito de corrigir eventuais erros de digitação. Fotos ilustrativas.. Garantia de Fábrica.",1092,False,True,False,False,False,False,0
56731518,False,"Conectividade e praticidade se encontram neste modelo, com central multimídia MEDIA Evolution com Android Auto® e Apple CarPlay®, câmera de ré, retrovisores com ajuste elétrico e calotas Flex Wheel Biton que completam o visual moderno. O Grupo Sinal iniciou suas atividades na década de 80 em São Bernardo do Campo, expandindo-se com outras marcas e lojas em São Paulo. Hoje, com mais de 60 unidades, representamos diversas montadoras e somos referência em comercialização de veículos em São Paulo. Valor anunciado referente a pintura sólida. Itens e kits de série sujeitos a alterações sem aviso prévio de acordo com as mudanças e políticas de catálogo da montadora. Consulte outras opções de cores e versões. Traga seu usado para avaliação. Consulte nossos Planos de Financiamento, com as melhores taxas do mercado. Carros a pronta entrega. Preços anunciados são válidos somente para veículos em estoque. Para veículos de encomenda, os preços devem ser consultados. Reservamos o direito de corrigir eventuais erros de digitação. Fotos ilustrativas.. Garantia de Fábrica.",1072,False,True,False,True,False,True,4
56729758,False,"Estilo e exclusividade em cada detalhe, com volante de três raios, bancos com acabamento diferenciado e central multimídia MEDIA Evolution com Android Auto® e Apple CarPlay®, que garantem conectividade e praticidade em todas as viagens. O Grupo Sinal iniciou suas atividades na década de 80 em São Bernardo do Campo, expandindo-se com outras marcas e lojas em São Paulo. Hoje, com mais de 60 unidades, representamos diversas montadoras e somos referência em comercialização de veículos em São Paulo. Valor anunciado referente a pintura sólida. Itens e kits de série sujeitos a alterações sem aviso prévio de acordo com as mudanças e políticas de catálogo da montadora. Consulte outras opções de cores e versões. Traga seu usado para avaliação. Consulte nossos Planos de Financiamento, com as melhores taxas do mercado. Carros a pronta entrega. Preços anunciados são válidos somente para veículos em estoque. Para veículos de encomenda, os preços devem ser consultados. Reservamos o direito de corrigir eventuais erros de digitação. Fotos ilustrativas. - Condição valida para faturamento direto montadora.. Garantia de Fábrica.",1126,False,True,False,True,False,False,4
56731722,False,,0,False,True,False,False,False,False,0
56671597,False,"JZ AUTOMÓVEIS SEDE PRÓPRIA DESDE 1989,OFERECENDO OS MELHORES CARROS ****(ESTOQUE 90% UNICO DONO)**** MELHORES TAXAS DO MERCADO! A NOSSA SATISFAÇÃO E VER O NOSSO CLIENTE SATISFEITO!**** OBS:NÃO TRABALHAMOS COM CARROS LOCADORA,LEILÕES E SINISTRO **** COMPRE O SEU CARRO E JA FAÇA A COTAÇÃO DE SEGURO NO MESMO LOCAL.**** AV Prof. Luiz Inacio de Anhaia Melo,6.240 Vila Prudente - São Paulo - SP www.jzautos.com.br / jzautos@jzautos.com.br Tels: (11) 2216-8258 / 2216-9537 / 2216-4266 / 2918-0461 Contato: Anderson - Renan - Erica WHATSAPP: 11-94034-1333 -",551,False,True,False,False,False,False,3
57348918,False,"Trabalhamos com Veículos de qualidade e procedência, com garantia total de 3 meses e perícia veicular aprovada. Entrada facilitada em até 21 x no cartão, carta de crédito de consórcio(consulte condições) e seu veículo na troca. Fazemos troca com troco, trabalhamos com todos os bancos e financeiras.",299,False,True,False,False,False,False,1
56902758,False,,0,False,True,True,True,False,False,12
56902739,False,,0,False,True,True,True,False,False,12
57222740,False,,0,False,False,False,False,False,False,0
56840427,False,,0,False,True,False,True,False,False,7
56758762,False,,0,False,True,True,True,False,False,10
56881048,False,"A procura de um Renault KWID Zen 1.0 Flex 12V 5p Mec. - Branco - 2023? Aqui tem. 3 Meses de garantia. Ano: 2022/2023 KM: 65855 km. Manual. Gostou deste carro? Temos uma equipe de atendimento on-line pronta para te atender. Tire todas suas dúvidas de forma rápida e descomplicada, através do nosso WhatsApp (15)98838-3838, ou se preferir, faça uma visita. Te esperamos! | Valor para pagamento à vista. Consulte condições para troca | Airbag motorista ✅ Airbag passageiro ✅ Vidros elétricos dianteiros ✅ Travas elétricas ✅ Alarme ✅ Freios ABS ✅ Ar-condicionado ✅ Direção hidráulica ✅ Rádio FM/AM ✅ Rodas de liga leve ✅ Computador de bordo ✅ Ar-quente ✅ Nos resguardamos para eventuais erros de digitação.",702,False,True,False,False,False,False,6
57107697,False,"A procura de um Renault KWID OUTSIDER 1.0 Flex 12V 5p Mec. - Laranja - 2022? Aqui tem. 3 Meses de garantia. Ano: 2021/2022 KM: 79639 km. Manual. Gostou deste carro? Temos uma equipe de atendimento on-line pronta para te atender. Tire todas suas dúvidas de forma rápida e descomplicada, através do nosso WhatsApp (15)99839-3939, ou se preferir, faça uma visita. Te esperamos! | Valor para pagamento à vista. Consulte condições para troca | Airbag motorista ✅ Airbag passageiro ✅ Vidros elétricos dianteiros ✅ Travas elétricas ✅ Alarme ✅ Freios ABS ✅ Farol de neblina ✅ Ar-condicionado ✅ Direção hidráulica ✅ Rodas de liga leve ✅ Computador de bordo ✅ Ar-quente ✅ Nos resguardamos para eventuais erros de digitação.",713,False,True,False,False,False,False,6
57114641,False,"A procura de um Renault KWID Zen 1.0 Flex 12V 5p Mec. - Branco - 2024? Aqui tem. 3 Meses de garantia. Ano: 2023/2024 KM: 51788 km. Potência: 71 cv. Manual. Gostou deste carro? Temos uma equipe de atendimento on-line pronta para te atender. Tire todas suas dúvidas de forma rápida e descomplicada, através do nosso WhatsApp (15)98838-3838, ou se preferir, faça uma visita. Te esperamos! | Valor para pagamento à vista. Consulte condições para troca | Airbag motorista ✅ Airbag passageiro ✅ Vidros elétricos dianteiros ✅ Travas elétricas ✅ Alarme ✅ Freios ABS ✅ Ar-condicionado ✅ Direção hidráulica ✅ Rádio FM/AM ✅ Rodas de liga leve ✅ Computador de bordo ✅ Ar-quente ✅ Oportunidade ✅ Aceitamos troca ✅ Ipva pago ✅ Nos resguardamos para eventuais erros de digitação.",764,False,True,False,False,False,False,6
56913814,False,"RENAULT KWID INTENSE 1.0 2023 BRANCO KM: 39.000 MOTOR 1.0 FLEX CÂMBIO MANUAL AR-CONDICIONADO DIREÇÃO ELÉTRICA MULTIMÍDIA COM ANDROID AUTO / APPLE CARPLAY VIDROS ELÉTRICOS TRAVAS ELÉTRICAS AIRBAGS / ABS SUPER ECONÔMICO BAIXA KM - IMPECÁVEL CAUTELAR APROVADA R$ 54.900,00 ACEITAMOS SEU USADO NA TROCA COM A MELHOR AVALIAÇÃO DO MERCADO! Entrada em até 21x no cartão 11 2355-3214 E-CAR MOTORS AV. CAPITÃO CASA, 1153 - BAIRRO DEMARCHI - SÃO BERNARDO DO CAMPO/SP Anúncio sujeito a correções",484,False,True,False,True,False,False,0
57480820,False,,0,False,False,False,False,False,False,0
57494912,False,,0,False,False,False,False,False,False,0
57480398,False,,0,False,False,False,False,False,False,0
57480351,False,,0,False,False,False,False,False,False,0
57494225,False,,0,False,False,False,False,False,False,0
57494227,False,,0,False,False,False,False,False,False,0
56438453,False,,0,False,True,False,False,False,False,2
57494243,False,,0,False,False,False,False,False,False,0
57494945,False,,0,False,False,False,False,False,False,0
57480303,False,,0,False,False,False,False,False,False,0
57480372,False,,0,False,False,False,False,False,False,0
57494212,False,,0,False,True,False,False,False,False,2
57487829,False,,0,False,False,False,False,False,False,0
57494261,False,,0,False,True,False,False,False,False,2
57493822,False,,0,False,False,False,False,False,False,0
57487778,False,,0,False,False,False,False,False,False,0
57494599,False,,0,False,False,False,False,False,False,0
57480464,False,,0,False,False,False,False,False,False,0
57487706,False,,0,False,False,False,False,False,False,0
57493938,False,,0,False,False,False,False,False,False,0
57493830,False,,0,False,True,False,False,False,False,3
57500265,False,,0,False,False,False,False,False,False,0
57487791,False,,0,False,False,False,False,False,False,0
57359840,False,,0,False,True,False,True,False,False,5
56766212,False,"Excelente estado, praticamente 0km, garantia de fábrica, entrega imediata, versão top COMPLETO com airbags laterais, painel digital, bancos e interior com acabamento exclusivo, multimídia, volante multif, lanternas e faróis em LED, vale a pena conferir. NÓS TEMOS A MELHOR AVALIAÇÃO DO SEU USADO. Parcelamento da entrada no cartão. Não perdemos negócio. Financiamento com as melhores taxas do mercado. Nos reservamos o direito de possíveis erros de digitação, valor e opcionais.",478,False,True,True,True,False,False,19
56780820,False,,0,False,True,False,False,False,False,4
57158359,False,"* Os veículos estão em estoque, porém podem haver reservas em alguns dos modelos. Favor consultar disponibilidades. CONDIÇÕES DE OFERTAS PARA VEÍCULOS EMPLACADOS EM NOSSA ÁREA DE ATUAÇÃO.CONSULTE NOSSOS VENDEDORES.",214,False,True,False,False,False,False,7
56773583,False,"*SEMINOVOS COM GARANTIA DE 3 MESES: MOTOR E CÂMBIO.Traga seu usado para uma avaliação. Consulte nossos planos de financiamento, com as melhores taxas do mercado. Reservamos o direito de corrigir eventuais erros de digitação.",224,False,False,False,False,False,False,0
56541082,False,"*SEMINOVOS COM GARANTIA DE 3 MESES: MOTOR E CÂMBIO.Traga seu usado para uma avaliação. Consulte nossos planos de financiamento, com as melhores taxas do mercado. Reservamos o direito de corrigir eventuais erros de digitação.",224,False,False,False,False,False,False,0
56772538,False,,0,False,False,False,False,False,False,0
56541218,False,"*SEMINOVOS COM GARANTIA DE 3 MESES: MOTOR E CÂMBIO.Traga seu usado para uma avaliação. Consulte nossos planos de financiamento, com as melhores taxas do mercado. Reservamos o direito de corrigir eventuais erros de digitação.",224,False,False,False,False,False,False,0
56635713,False,,0,False,True,False,False,False,False,10
57224324,False,"** IPVA 2026 TOTAL PAGO **A Brabus Mitsubishi Bandeirantes é uma concessionária do Grupo Brabus, maior revendedor Mitsubishi do Brasil.O estoque de Seminovos possui, Veículos Multimarcas com Garantia de Qualidade e Procedência, Vistoria Cautelar Aprovado. RESERVAMOS O DIREITO A POSSÍVEIS ERROS DE DIGITAÇÃO.. IPVA Pago. Licenciado. Único Dono. Revisões na Concessionária.",372,False,True,False,True,False,False,10
57280323,False,"A procura de um Renault Kwid Zen 1.0 - Branco - 2023 - seminovo? Aqui tem carro para sua Familia , condições especiais no seu Financiamento. Gostou deste carro? Temos uma equipe de atendimento on-line pronta para te atender. Tire todas suas dúvidas de forma rápida e descomplicada, entrando em contato conosco, ou se preferir, faça uma visita, estamos te esperando! Valor para pagamento a vista !!!!! Troca consulte as Condições .",430,False,False,False,False,False,False,0
56507574,False,,0,False,True,False,False,False,False,4
56517989,False,,0,False,True,False,False,False,False,8
56810416,False,,0,False,True,True,True,False,False,20
57499978,False,,0,False,False,False,False,False,False,0
57478060,False,,0,False,False,False,False,False,False,0
57488393,False,,0,False,False,False,False,False,False,0
57490922,False,,0,False,False,False,False,False,False,0
57449692,False,,0,False,False,False,False,False,False,0
56845365,False,,0,False,True,False,False,False,False,1
56697462,False,"BBS Veículos, há mais de 15 anos no mercado de Automóveis!! Veículos Periciados, Revisados, com total procedência e índice de satisfação dos nossos clientes!!! A BBS Veículo se reserva ao direito de possiveís erros de digitação. PROMOÇÃO IPVA 2026 PAGO VALIDO SOMENTE PARA VEICULOS VENDIDOS E COM DOCUMENTACAO FEITA NA LOJA****CONSULTE VALORES E CONDIÇÕES COM NOSSOS VENDEDORES. B2C REPASSE",390,False,True,False,False,False,False,11
56605954,False,"BBS Veículos, há mais de 15 anos no mercado de Automóveis!! Veículos Periciados, Revisados, com total procedência e índice de satisfação dos nossos clientes!!! A BBS Veículo se reserva ao direito de possiveís erros de digitação. PROMOÇÃO IPVA 2026 PAGO VALIDO SOMENTE PARA VEICULOS VENDIDOS E COM DOCUMENTACAO FEITA NA LOJA****CONSULTE VALORES E CONDIÇÕES COM NOSSOS VENDEDORES. REPASSE",386,False,True,False,False,False,False,13
56468776,False,"BBS Veículos, há mais de 15 anos no mercado de Automóveis!! Veículos Periciados, Revisados, com total procedência e índice de satisfação dos nossos clientes!!! A BBS Veículo se reserva ao direito de possiveís erros de digitação. PROMOÇÃO IPVA 2026 PAGO VALIDO SOMENTE PARA VEICULOS VENDIDOS E COM DOCUMENTACAO FEITA NA LOJA****CONSULTE VALORES E CONDIÇÕES COM NOSSOS VENDEDORES. REPASSE",386,False,True,False,False,False,False,13
56803820,False,"BBS Veículos, há mais de 15 anos no mercado de Automóveis!! Veículos Periciados, Revisados, com total procedência e índice de satisfação dos nossos clientes!!! A BBS Veículo se reserva ao direito de possiveís erros de digitação. PROMOÇÃO IPVA 2026 PAGO VALIDO SOMENTE PARA VEICULOS VENDIDOS E COM DOCUMENTACAO FEITA NA LOJA****CONSULTE VALORES E CONDIÇÕES COM NOSSOS VENDEDORES. REPASSE",386,False,True,False,False,False,False,13
56666299,False,"BBS Veículos, há mais de 15 anos no mercado de Automóveis!! Veículos Periciados, Revisados, com total procedência e índice de satisfação dos nossos clientes!!! A BBS Veículo se reserva ao direito de possiveís erros de digitação. PROMOÇÃO IPVA 2026 PAGO VALIDO SOMENTE PARA VEICULOS VENDIDOS E COM DOCUMENTACAO FEITA NA LOJA****CONSULTE VALORES E CONDIÇÕES COM NOSSOS VENDEDORES. REPASSE",386,False,True,False,False,False,False,12
56697479,False,"BBS Veículos, há mais de 15 anos no mercado de Automóveis!! Veículos Periciados, Revisados, com total procedência e índice de satisfação dos nossos clientes!!! A BBS Veículo se reserva ao direito de possiveís erros de digitação. PROMOÇÃO IPVA 2026 PAGO VALIDO SOMENTE PARA VEICULOS VENDIDOS E COM DOCUMENTACAO FEITA NA LOJA****CONSULTE VALORES E CONDIÇÕES COM NOSSOS VENDEDORES. B2C REPASSE",390,False,True,False,False,False,False,13
56937361,False,"BBS Veículos, há mais de 15 anos no mercado de Automóveis!! Veículos Periciados, Revisados, com total procedência e índice de satisfação dos nossos clientes!!! A BBS Veículo se reserva ao direito de possiveís erros de digitação. PROMOÇÃO IPVA 2026 PAGO VALIDO SOMENTE PARA VEICULOS VENDIDOS E COM DOCUMENTACAO FEITA NA LOJA****CONSULTE VALORES E CONDIÇÕES COM NOSSOS VENDEDORES.",378,False,True,False,False,False,False,13
57133106,False,,0,False,False,False,False,False,False,0
56837006,False,,0,False,False,False,False,False,False,0
56838768,False,"BBS Veículos, há mais de 15 anos no mercado de Automóveis!! Veículos Periciados, Revisados, com total procedência e índice de satisfação dos nossos clientes!!! A BBS Veículo se reserva ao direito de possiveís erros de digitação. PROMOÇÃO IPVA 2026 PAGO VALIDO SOMENTE PARA VEICULOS VENDIDOS E COM DOCUMENTACAO FEITA NA LOJA****CONSULTE VALORES E CONDIÇÕES COM NOSSOS VENDEDORES.",378,False,True,False,True,False,False,14
56839192,False,"BBS Veículos, há mais de 15 anos no mercado de Automóveis!! Veículos Periciados, Revisados, com total procedência e índice de satisfação dos nossos clientes!!! A BBS Veículo se reserva ao direito de possiveís erros de digitação. PROMOÇÃO IPVA 2026 PAGO VALIDO SOMENTE PARA VEICULOS VENDIDOS E COM DOCUMENTACAO FEITA NA LOJA****CONSULTE VALORES E CONDIÇÕES COM NOSSOS VENDEDORES.",378,False,True,False,True,False,False,14
57320711,False,"BBS Veículos, há mais de 15 anos no mercado de Automóveis!! Veículos Periciados, Revisados, com total procedência e índice de satisfação dos nossos clientes!!! A BBS Veículo se reserva ao direito de possiveís erros de digitação. PROMOÇÃO IPVA 2026 PAGO VALIDO SOMENTE PARA VEICULOS VENDIDOS E COM DOCUMENTACAO FEITA NA LOJA****CONSULTE VALORES E CONDIÇÕES COM NOSSOS VENDEDORES.",378,False,True,False,True,False,False,14
56491356,False,"BBS Veículos, há mais de 15 anos no mercado de Automóveis!! Veículos Periciados, Revisados, com total procedência e índice de satisfação dos nossos clientes!!! A BBS Veículo se reserva ao direito de possiveís erros de digitação. PROMOÇÃO IPVA 2026 PAGO VALIDO SOMENTE PARA VEICULOS VENDIDOS E COM DOCUMENTACAO FEITA NA LOJA****CONSULTE VALORES E CONDIÇÕES COM NOSSOS VENDEDORES.",378,False,True,False,False,False,False,13
56852504,False,"BBS Veículos, há mais de 15 anos no mercado de Automóveis!! Veículos Periciados, Revisados, com total procedência e índice de satisfação dos nossos clientes!!! A BBS Veículo se reserva ao direito de possiveís erros de digitação. PROMOÇÃO IPVA 2026 PAGO VALIDO SOMENTE PARA VEICULOS VENDIDOS E COM DOCUMENTACAO FEITA NA LOJA****CONSULTE VALORES E CONDIÇÕES COM NOSSOS VENDEDORES.",378,False,True,False,False,False,False,13
57067951,False,"BBS Veículos, há mais de 15 anos no mercado de Automóveis!! Veículos Periciados, Revisados, com total procedência e índice de satisfação dos nossos clientes!!! A BBS Veículo se reserva ao direito de possiveís erros de digitação. PROMOÇÃO IPVA 2026 PAGO VALIDO SOMENTE PARA VEICULOS VENDIDOS E COM DOCUMENTACAO FEITA NA LOJA****CONSULTE VALORES E CONDIÇÕES COM NOSSOS VENDEDORES.",378,False,True,False,True,False,False,14
57253154,False,"BBS Veículos, há mais de 15 anos no mercado de Automóveis!! Veículos Periciados, Revisados, com total procedência e índice de satisfação dos nossos clientes!!! A BBS Veículo se reserva ao direito de possiveís erros de digitação. PROMOÇÃO IPVA 2026 PAGO VALIDO SOMENTE PARA VEICULOS VENDIDOS E COM DOCUMENTACAO FEITA NA LOJA****CONSULTE VALORES E CONDIÇÕES COM NOSSOS VENDEDORES.",378,False,True,False,False,False,False,13
56937756,False,"BBS Veículos, há mais de 15 anos no mercado de Automóveis!! Veículos Periciados, Revisados, com total procedência e índice de satisfação dos nossos clientes!!! A BBS Veículo se reserva ao direito de possiveís erros de digitação. PROMOÇÃO IPVA 2026 PAGO VALIDO SOMENTE PARA VEICULOS VENDIDOS E COM DOCUMENTACAO FEITA NA LOJA****CONSULTE VALORES E CONDIÇÕES COM NOSSOS VENDEDORES.",378,False,True,False,True,False,False,14
56785476,False,"BBS Veículos, há mais de 15 anos no mercado de Automóveis!! Veículos Periciados, Revisados, com total procedência e índice de satisfação dos nossos clientes!!! A BBS Veículo se reserva ao direito de possiveís erros de digitação. PROMOÇÃO IPVA 2026 PAGO VALIDO SOMENTE PARA VEICULOS VENDIDOS E COM DOCUMENTACAO FEITA NA LOJA****CONSULTE VALORES E CONDIÇÕES COM NOSSOS VENDEDORES.",378,False,True,False,False,False,False,13
56620964,False,"BBS Veículos, há mais de 15 anos no mercado de Automóveis!! Veículos Periciados, Revisados, com total procedência e índice de satisfação dos nossos clientes!!! A BBS Veículo se reserva ao direito de possiveís erros de digitação. PROMOÇÃO IPVA 2026 PAGO VALIDO SOMENTE PARA VEICULOS VENDIDOS E COM DOCUMENTACAO FEITA NA LOJA****CONSULTE VALORES E CONDIÇÕES COM NOSSOS VENDEDORES.",378,False,True,False,True,False,False,14
56729786,False,"BBS Veículos, há mais de 15 anos no mercado de Automóveis!! Veículos Periciados, Revisados, com total procedência e índice de satisfação dos nossos clientes!!! A BBS Veículo se reserva ao direito de possiveís erros de digitação. PROMOÇÃO IPVA 2026 PAGO VALIDO SOMENTE PARA VEICULOS VENDIDOS E COM DOCUMENTACAO FEITA NA LOJA****CONSULTE VALORES E CONDIÇÕES COM NOSSOS VENDEDORES.",378,False,True,False,True,False,False,16
57252712,False,"BBS Veículos, há mais de 15 anos no mercado de Automóveis!! Veículos Periciados, Revisados, com total procedência e índice de satisfação dos nossos clientes!!! A BBS Veículo se reserva ao direito de possiveís erros de digitação. PROMOÇÃO IPVA 2026 PAGO VALIDO SOMENTE PARA VEICULOS VENDIDOS E COM DOCUMENTACAO FEITA NA LOJA****CONSULTE VALORES E CONDIÇÕES COM NOSSOS VENDEDORES.",378,False,True,False,True,False,False,14
56852536,False,"BBS Veículos, há mais de 15 anos no mercado de Automóveis!! Veículos Periciados, Revisados, com total procedência e índice de satisfação dos nossos clientes!!! A BBS Veículo se reserva ao direito de possiveís erros de digitação. PROMOÇÃO IPVA 2026 PAGO VALIDO SOMENTE PARA VEICULOS VENDIDOS E COM DOCUMENTACAO FEITA NA LOJA****CONSULTE VALORES E CONDIÇÕES COM NOSSOS VENDEDORES.",378,False,True,False,True,False,False,14
56703582,False,,0,False,True,False,False,False,False,1
57494707,False,,0,False,False,False,False,False,False,0
57494818,False,,0,False,False,False,False,False,False,0
57494713,False,,0,False,False,False,False,False,False,0
57495228,False,,0,False,True,False,False,False,False,2
57495254,False,,0,False,False,False,False,False,False,0
56799847,False,"FINANCIAMOS EM ATÉ 60X! EXCELENTE AVALIAÇÃO NO SEU USADO! MELHORES TAXAS DO MERCADO! FAZEMOS TROCA COM TROCO! GARANTIA DE 3 MESES MOTOR E CÂMBIO! Informações complementares: IPVA Pago, Licenciado",195,False,True,False,False,False,False,4
56833280,False,"FINANCIAMOS EM ATÉ 60X! EXCELENTE AVALIAÇÃO NO SEU USADO! MELHORES TAXAS DO MERCADO! FAZEMOS TROCA COM TROCO! GARANTIA DE 3 MESES MOTOR E CÂMBIO! Informações complementares: IPVA Pago, Licenciado",195,False,True,False,False,False,False,4
56596062,False,"Combinação perfeita entre qualidade e satisfação, qualidade no atendimento e satisfação no melhor negocio, é só aqui no Grupo A-2 Veiculos. Grupo A 2 Veículos, a 20 anos realizando sonhos! Dedicação total aos nossos clientes, com honestidade e qualidade. Além de termos o melhor estoque de semi-novos, todas as marcas e modelos, nossos veículos têm garantia e procedência. Nosso Grupo, conta com 3 lojas em Campinas sendo 1 loja virtual, para melhor atendê-los e com atendimento personalizado aos clientes da ""iCarros"". Além de tudo, para sua comodidade, fazemos seus translado, da rodoviária de Campinas até uma de nossas lojas, venham nos visitar. Boas compras !!!!!",668,False,True,False,False,False,False,5
56596491,False,"Combinação perfeita entre qualidade e satisfação, qualidade no atendimento e satisfação no melhor negocio, é só aqui no Grupo A-2 Veiculos. Grupo A 2 Veículos, a 20 anos realizando sonhos! Dedicação total aos nossos clientes, com honestidade e qualidade. Além de termos o melhor estoque de semi-novos, todas as marcas e modelos, nossos veículos têm garantia e procedência. Nosso Grupo, conta com 3 lojas em Campinas sendo 1 loja virtual, para melhor atendê-los e com atendimento personalizado aos clientes da ""iCarros"". Além de tudo, para sua comodidade, fazemos seus translado, da rodoviária de Campinas até uma de nossas lojas, venham nos visitar. Boas compras !!!!!",668,False,True,False,False,False,False,5
56857920,False,"Combinação perfeita entre qualidade e satisfação, qualidade no atendimento e satisfação no melhor negocio, é só aqui no Grupo A-2 Veiculos. Grupo A 2 Veículos, a 20 anos realizando sonhos! Dedicação total aos nossos clientes, com honestidade e qualidade. Além de termos o melhor estoque de semi-novos, todas as marcas e modelos, nossos veículos têm garantia e procedência. Nosso Grupo, conta com 3 lojas em Campinas sendo 1 loja virtual, para melhor atendê-los e com atendimento personalizado aos clientes da ""iCarros"". Além de tudo, para sua comodidade, fazemos seus translado, da rodoviária de Campinas até uma de nossas lojas, venham nos visitar. Boas compras !!!!!",668,False,True,False,False,False,False,5
56597850,False,"Combinação perfeita entre qualidade e satisfação, qualidade no atendimento e satisfação no melhor negocio, é só aqui no Grupo A-2 Veiculos. Grupo A 2 Veículos, a 20 anos realizando sonhos! Dedicação total aos nossos clientes, com honestidade e qualidade. Além de termos o melhor estoque de semi-novos, todas as marcas e modelos, nossos veículos têm garantia e procedência. Nosso Grupo, conta com 3 lojas em Campinas sendo 1 loja virtual, para melhor atendê-los e com atendimento personalizado aos clientes da ""iCarros"". Além de tudo, para sua comodidade, fazemos seus translado, da rodoviária de Campinas até uma de nossas lojas, venham nos visitar. Boas compras !!!!!",668,False,True,False,False,False,False,7
56719984,False,"Combinação perfeita entre qualidade e satisfação, qualidade no atendimento e satisfação no melhor negocio, é só aqui no Grupo A-2 Veiculos. Grupo A 2 Veículos, a 20 anos realizando sonhos! Dedicação total aos nossos clientes, com honestidade e qualidade. Além de termos o melhor estoque de semi-novos, todas as marcas e modelos, nossos veículos têm garantia e procedência. Nosso Grupo, conta com 3 lojas em Campinas sendo 1 loja virtual, para melhor atendê-los e com atendimento personalizado aos clientes da ""iCarros"". Além de tudo, para sua comodidade, fazemos seus translado, da rodoviária de Campinas até uma de nossas lojas, venham nos visitar. Boas compras !!!!!",668,False,True,False,False,False,False,7
56719954,False,"Combinação perfeita entre qualidade e satisfação, qualidade no atendimento e satisfação no melhor negocio, é só aqui no Grupo A-2 Veiculos. Grupo A 2 Veículos, a 20 anos realizando sonhos! Dedicação total aos nossos clientes, com honestidade e qualidade. Além de termos o melhor estoque de semi-novos, todas as marcas e modelos, nossos veículos têm garantia e procedência. Nosso Grupo, conta com 3 lojas em Campinas sendo 1 loja virtual, para melhor atendê-los e com atendimento personalizado aos clientes da ""iCarros"". Além de tudo, para sua comodidade, fazemos seus translado, da rodoviária de Campinas até uma de nossas lojas, venham nos visitar. Boas compras !!!!!",668,False,True,False,False,False,False,5
56719907,False,"Combinação perfeita entre qualidade e satisfação, qualidade no atendimento e satisfação no melhor negocio, é só aqui no Grupo A-2 Veiculos. Grupo A 2 Veículos, a 20 anos realizando sonhos! Dedicação total aos nossos clientes, com honestidade e qualidade. Além de termos o melhor estoque de semi-novos, todas as marcas e modelos, nossos veículos têm garantia e procedência. Nosso Grupo, conta com 3 lojas em Campinas sendo 1 loja virtual, para melhor atendê-los e com atendimento personalizado aos clientes da ""iCarros"". Além de tudo, para sua comodidade, fazemos seus translado, da rodoviária de Campinas até uma de nossas lojas, venham nos visitar. Boas compras !!!!!",668,False,True,False,False,False,False,6
56720030,False,"Combinação perfeita entre qualidade e satisfação, qualidade no atendimento e satisfação no melhor negocio, é só aqui no Grupo A-2 Veiculos. Grupo A 2 Veículos, a 20 anos realizando sonhos! Dedicação total aos nossos clientes, com honestidade e qualidade. Além de termos o melhor estoque de semi-novos, todas as marcas e modelos, nossos veículos têm garantia e procedência. Nosso Grupo, conta com 3 lojas em Campinas sendo 1 loja virtual, para melhor atendê-los e com atendimento personalizado aos clientes da ""iCarros"". Além de tudo, para sua comodidade, fazemos seus translado, da rodoviária de Campinas até uma de nossas lojas, venham nos visitar. Boas compras !!!!!",668,False,True,False,False,False,False,5
57484828,False,,0,False,True,False,False,False,False,2
57486318,False,,0,False,False,False,False,False,False,0
57486564,False,,0,False,False,False,False,False,False,0
56310389,False,,0,False,True,False,False,False,False,1
57504086,False,,0,False,False,False,False,False,False,0
57482522,False,,0,False,False,False,False,False,False,0
57513594,False,,0,False,False,False,False,False,False,0
57513687,False,,0,False,False,False,False,False,False,0
57490972,False,,0,False,False,False,False,False,False,0
57490575,False,,0,False,True,False,False,False,False,3
57486534,False,,0,False,False,False,False,False,False,0
