id_anuncio,url_anuncio,marca,modelo,versao,titulo,ano_modelo,preco,km,uf,cidade,cor,transmissao,tipo_anunciante,super_oferta,is_pf,seller_id,affiliation,img_url,modelo_alvo,marca_slug,data_coleta,fipe_codigo,fipe_nome,fipe_preco,fipe_match_score,fipe_bucket,desvio_fipe
57486159,https://www.icarros.com.br/comprar/sao-paulo-sp/chevrolet/onix/2025/d57486159,Chevrolet,Onix,1.0 LT manual,Chevrolet Onix Onix 1.0 LT manual,2025,74490.0,46242.0,SP,São Paulo,Branco,manual,LC,False,False,876303,876303,https://img0.icarros.com/dbimg/imgadicionalanuncio/1/478542345_1.jpg,onix,chevrolet,2026-05-12T23:06:33.875131,004517-9,ONIX HATCH LT 1.0 12V Flex 5p Mec.,73087.0,3,exato,0.01919630029964289
57481527,https://www.icarros.com.br/comprar/sao-paulo-sp/chevrolet/onix/2025/d57481527,Chevrolet,Onix,1.0 LT manual,Chevrolet Onix Onix 1.0 LT manual,2025,74490.0,41293.0,SP,São Paulo,Preto,manual,LC,False,False,1974338,1974338,https://img0.icarros.com/dbimg/imgadicionalanuncio/1/478496310_1.jpg,onix,chevrolet,2026-05-12T23:06:33.875348,004517-9,ONIX HATCH LT 1.0 12V Flex 5p Mec.,73087.0,3,exato,0.01919630029964289
57484067,https://www.icarros.com.br/comprar/maua-sp/chevrolet/onix/2023/d57484067,Chevrolet,Onix,1.0 manual,Chevrolet Onix Onix 1.0 manual,2023,67890.0,51547.0,SP,Mauá,Branco,manual,LC,False,False,2571465,2571465,https://img2.icarros.com/dbimg/imgadicionalanuncio/1/478521639_1.jpg,onix,chevrolet,2026-05-12T23:06:33.875976,004519-5,ONIX HATCH 1.0 12V Flex 5p Mec.,67522.0,2,fuzzy,0.005450075530938065
57484646,https://www.icarros.com.br/comprar/araras-sp/chevrolet/onix/2025/d57484646,Chevrolet,Onix,1.0 Turbo LTZ (Aut) automático,Chevrolet Onix Onix 1.0 Turbo LTZ (Aut) automático,2025,98490.0,32624.0,SP,Araras,Prata,automático,LC,False,False,2797833,2797833,https://img2.icarros.com/dbimg/imgadicionalanuncio/1/478527356_1.jpg,onix,chevrolet,2026-05-12T23:06:33.876184,004515-2,ONIX HATCH LTZ 1.0 12V TB Flex 5p Aut.,97110.0,4,exato,0.01421068890948409
57378926,https://www.icarros.com.br/comprar/suzano-sp/chevrolet/onix/2025/d57378926,Chevrolet,Onix,1.0 Turbo LT manual,Chevrolet Onix Onix 1.0 Turbo LT manual,2025,72490.0,48017.0,SP,Suzano,Branco,manual,LC,False,False,2762144,2762144,https://img2.icarros.com/dbimg/imgadicionalanuncio/1/477460777_1.jpg,onix,chevrolet,2026-05-12T23:06:33.876821,004512-8,ONIX HATCH LT 1.0 12V TB Flex 5p Mec.,84569.0,4,exato,-0.14283011505397958
57490566,https://www.icarros.com.br/comprar/rio-claro-sp/chevrolet/onix/2025/d57490566,Chevrolet,Onix,1.0 LT manual,Chevrolet Onix Onix 1.0 LT manual,2025,73490.0,39170.0,SP,Rio Claro,Preto,manual,PJ,False,False,2786686,2786686,https://img0.icarros.com/dbimg/imgadicionalanuncio/1/478585709_1.jpg,onix,chevrolet,2026-05-12T23:06:33.877025,004517-9,ONIX HATCH LT 1.0 12V Flex 5p Mec.,73087.0,3,exato,0.0055139764937677015
56518309,https://www.icarros.com.br/comprar/suzano-sp/chevrolet/onix/2025/d56518309,Chevrolet,Onix,1.0 Turbo LT manual,Chevrolet Onix Onix 1.0 Turbo LT manual,2025,72490.0,55104.0,SP,Suzano,Preto,manual,LC,False,False,2762144,2762144,https://img1.icarros.com/dbimg/imgadicionalanuncio/1/468254711_1.jpg,onix,chevrolet,2026-05-12T23:06:33.956622,004512-8,ONIX HATCH LT 1.0 12V TB Flex 5p Mec.,84569.0,4,exato,-0.14283011505397958
57213225,https://www.icarros.com.br/comprar/sao-paulo-sp/chevrolet/onix/2023/d57213225,Chevrolet,Onix,1.0 LT manual,Chevrolet Onix Onix 1.0 LT manual,2023,66900.0,48600.0,SP,São Paulo,Preto,manual,PJ,False,False,2383391,2383391,https://img0.icarros.com/dbimg/imgadicionalanuncio/1/475783982_1.jpg,onix,chevrolet,2026-05-12T23:06:33.957072,004517-9,ONIX HATCH LT 1.0 12V Flex 5p Mec.,66395.0,3,exato,0.0076059944272912116
57286159,https://www.icarros.com.br/comprar/sao-jose-dos-campos-sp/chevrolet/onix/2018/d57286159,Chevrolet,Onix,1.4 LTZ SPE/4 (Aut) automático,Chevrolet Onix Onix 1.4 LTZ SPE/4 (Aut) automático,2018,72900.0,135612.0,SP,São José dos Campos,Branco,automático,PJ,False,False,2787869,2787869,https://img1.icarros.com/dbimg/imgadicionalanuncio/1/476525257_1.jpg,onix,chevrolet,2026-05-12T23:06:33.960653,004439-3,ONIX HATCH LTZ 1.4 8V FlexPower 5p Aut.,64856.0,3,exato,0.12402861724435672
57511902,https://www.icarros.com.br/comprar/limeira-sp/chevrolet/onix/2019/d57511902,Chevrolet,Onix,1.4 LTZ SPE/4 (Aut) automático,Chevrolet Onix Onix 1.4 LTZ SPE/4 (Aut) automático,2019,67900.0,71582.0,SP,Limeira,Preto,automático,PJ,False,False,156628,156628,https://img0.icarros.com/dbimg/imgadicionalanuncio/1/478805889_1.jpg,onix,chevrolet,2026-05-12T23:06:34.038978,004439-3,ONIX HATCH LTZ 1.4 8V FlexPower 5p Aut.,66478.0,3,exato,0.02139053521465748
56819414,https://www.icarros.com.br/comprar/limeira-sp/chevrolet/onix/2025/d56819414,Chevrolet,Onix,1.0 manual,Chevrolet Onix Onix 1.0 manual,2025,70900.0,26277.0,SP,Limeira,Branco,manual,PJ,False,False,156628,156628,https://img2.icarros.com/dbimg/imgadicionalanuncio/1/476052283_1.jpg,onix,chevrolet,2026-05-12T23:06:34.039181,004519-5,ONIX HATCH 1.0 12V Flex 5p Mec.,71220.0,2,fuzzy,-0.004493119910137602
56739076,https://www.icarros.com.br/comprar/sorocaba-sp/chevrolet/onix/2025/d56739076,Chevrolet,Onix,1.0 Turbo Premier (Aut) automático,Chevrolet Onix Onix 1.0 Turbo Premier (Aut) automático,2025,95900.0,39575.0,SP,Sorocaba,Azul,automático,PJ,False,False,1022558,1022558,https://img1.icarros.com/dbimg/imgadicionalanuncio/1/470733450_1.jpg,onix,chevrolet,2026-05-12T23:06:34.039390,004516-0,ONIX HATCH PREM. 1.0 12V TB Flex 5p Aut.,97697.0,4,exato,-0.018393604716623848
56783377,https://www.icarros.com.br/comprar/mogi-guacu-sp/chevrolet/onix/2015/d56783377,Chevrolet,Onix,1.0 LT SPE/4 manual,Chevrolet Onix Onix 1.0 LT SPE/4 manual,2015,46800.0,80000.0,SP,Mogi Guaçu,Prata,manual,PJ,False,False,2335354,2335354,https://img1.icarros.com/dbimg/imgadicionalanuncio/1/471235226_1.jpg,onix,chevrolet,2026-05-12T23:06:34.039581,004424-5,ONIX HATCH LT 1.0 8V FlexPower 5p Mec.,42788.0,3,exato,0.0937646068991306
56798839,https://www.icarros.com.br/comprar/araraquara-sp/chevrolet/onix/2024/d56798839,Chevrolet,Onix,1.0 LT manual,Chevrolet Onix Onix 1.0 LT manual,2024,73800.0,54000.0,SP,Araraquara,Branco,manual,PJ,False,False,2785698,2785698,https://img1.icarros.com/dbimg/imgadicionalanuncio/1/471422029_1.jpg,onix,chevrolet,2026-05-12T23:06:34.039775,004517-9,ONIX HATCH LT 1.0 12V Flex 5p Mec.,69666.0,3,exato,0.05934028076823702
56767679,https://www.icarros.com.br/comprar/sao-paulo-sp/chevrolet/onix/2024/d56767679,Chevrolet,Onix,1.0 LT manual,Chevrolet Onix Onix 1.0 LT manual,2024,73790.0,50094.0,SP,São Paulo,Branco,manual,LC,False,False,2758878,2758878,https://img2.icarros.com/dbimg/imgadicionalanuncio/1/471053518_1.jpg,onix,chevrolet,2026-05-12T23:06:34.039978,004517-9,ONIX HATCH LT 1.0 12V Flex 5p Mec.,69666.0,3,exato,0.059196738724772484
56767676,https://www.icarros.com.br/comprar/sao-paulo-sp/chevrolet/onix/2024/d56767676,Chevrolet,Onix,1.0 LT manual,Chevrolet Onix Onix 1.0 LT manual,2024,73890.0,41683.0,SP,São Paulo,Branco,manual,LC,False,False,2758878,2758878,https://img2.icarros.com/dbimg/imgadicionalanuncio/1/471053488_1.jpg,onix,chevrolet,2026-05-12T23:06:34.040180,004517-9,ONIX HATCH LT 1.0 12V Flex 5p Mec.,69666.0,3,exato,0.060632159159417796
56767698,https://www.icarros.com.br/comprar/sao-paulo-sp/chevrolet/onix/2025/d56767698,Chevrolet,Onix,1.0 Turbo LT manual,Chevrolet Onix Onix 1.0 Turbo LT manual,2025,75590.0,47854.0,SP,São Paulo,Prata,manual,LC,False,False,2758878,2758878,https://img0.icarros.com/dbimg/imgadicionalanuncio/1/471053701_1.jpg,onix,chevrolet,2026-05-12T23:06:34.040386,004512-8,ONIX HATCH LT 1.0 12V TB Flex 5p Mec.,84569.0,4,exato,-0.10617365701379938
57494959,https://www.icarros.com.br/comprar/sao-paulo-sp/chevrolet/onix/2025/d57494959,Chevrolet,Onix,1.0 LT manual,Chevrolet Onix Onix 1.0 LT manual,2025,76190.0,37117.0,SP,São Paulo,Branco,manual,LC,False,False,2758878,2758878,https://img1.icarros.com/dbimg/imgadicionalanuncio/1/478628994_1.jpg,onix,chevrolet,2026-05-12T23:06:34.040590,004517-9,ONIX HATCH LT 1.0 12V Flex 5p Mec.,73087.0,3,exato,0.042456250769630714
57489312,https://www.icarros.com.br/comprar/sao-paulo-sp/chevrolet/onix/2025/d57489312,Chevrolet,Onix,1.0 LT manual,Chevrolet Onix Onix 1.0 LT manual,2025,76390.0,41490.0,SP,São Paulo,Preto,manual,LC,False,False,2758878,2758878,https://img0.icarros.com/dbimg/imgadicionalanuncio/1/478573322_1.jpg,onix,chevrolet,2026-05-12T23:06:34.040794,004517-9,ONIX HATCH LT 1.0 12V Flex 5p Mec.,73087.0,3,exato,0.045192715530805755
57495001,https://www.icarros.com.br/comprar/sao-paulo-sp/chevrolet/onix/2025/d57495001,Chevrolet,Onix,1.0 LT manual,Chevrolet Onix Onix 1.0 LT manual,2025,76590.0,39149.0,SP,São Paulo,Preto,manual,LC,False,False,2758878,2758878,https://img1.icarros.com/dbimg/imgadicionalanuncio/1/478629404_1.jpg,onix,chevrolet,2026-05-12T23:06:34.040995,004517-9,ONIX HATCH LT 1.0 12V Flex 5p Mec.,73087.0,3,exato,0.04792918029198079
57494708,https://www.icarros.com.br/comprar/sao-paulo-sp/chevrolet/onix/2025/d57494708,Chevrolet,Onix,1.0 LT manual,Chevrolet Onix Onix 1.0 LT manual,2025,77190.0,34501.0,SP,São Paulo,Branco,manual,LC,False,False,2758878,2758878,https://img2.icarros.com/dbimg/imgadicionalanuncio/1/478626540_1.jpg,onix,chevrolet,2026-05-12T23:06:34.041196,004517-9,ONIX HATCH LT 1.0 12V Flex 5p Mec.,73087.0,3,exato,0.0561385745755059
56767737,https://www.icarros.com.br/comprar/sao-paulo-sp/chevrolet/onix/2025/d56767737,Chevrolet,Onix,1.0 Turbo LT manual,Chevrolet Onix Onix 1.0 Turbo LT manual,2025,77690.0,30977.0,SP,São Paulo,Branco,manual,LC,False,False,2758878,2758878,https://img0.icarros.com/dbimg/imgadicionalanuncio/1/471053999_1.jpg,onix,chevrolet,2026-05-12T23:06:34.041399,004512-8,ONIX HATCH LT 1.0 12V TB Flex 5p Mec.,84569.0,4,exato,-0.08134186285754827
56767711,https://www.icarros.com.br/comprar/sao-paulo-sp/chevrolet/onix/2025/d56767711,Chevrolet,Onix,1.0 Turbo LT manual,Chevrolet Onix Onix 1.0 Turbo LT manual,2025,79090.0,55788.0,SP,São Paulo,Azul,manual,LC,False,False,2758878,2758878,https://img1.icarros.com/dbimg/imgadicionalanuncio/1/471053836_1.jpg,onix,chevrolet,2026-05-12T23:06:34.041600,004512-8,ONIX HATCH LT 1.0 12V TB Flex 5p Mec.,84569.0,4,exato,-0.06478733342004754
56767682,https://www.icarros.com.br/comprar/sao-paulo-sp/chevrolet/onix/2025/d56767682,Chevrolet,Onix,1.0 Turbo LT manual,Chevrolet Onix Onix 1.0 Turbo LT manual,2025,79290.0,66837.0,SP,São Paulo,Branco,manual,LC,False,False,2758878,2758878,https://img2.icarros.com/dbimg/imgadicionalanuncio/1/471053546_1.jpg,onix,chevrolet,2026-05-12T23:06:34.041801,004512-8,ONIX HATCH LT 1.0 12V TB Flex 5p Mec.,84569.0,4,exato,-0.06242240064326172
56767768,https://www.icarros.com.br/comprar/sao-paulo-sp/chevrolet/onix/2025/d56767768,Chevrolet,Onix,1.0 Turbo LT manual,Chevrolet Onix Onix 1.0 Turbo LT manual,2025,80990.0,36339.0,SP,São Paulo,Prata,manual,LC,False,False,2758878,2758878,https://img1.icarros.com/dbimg/imgadicionalanuncio/1/471054401_1.jpg,onix,chevrolet,2026-05-12T23:06:34.042003,004512-8,ONIX HATCH LT 1.0 12V TB Flex 5p Mec.,84569.0,4,exato,-0.042320472040582244
56767774,https://www.icarros.com.br/comprar/sao-paulo-sp/chevrolet/onix/2023/d56767774,Chevrolet,Onix,1.0 Turbo LTZ R7I automático,Chevrolet Onix Onix 1.0 Turbo LTZ R7I automático,2023,83590.0,44066.0,SP,São Paulo,Prata,automático,LC,False,False,2758878,2758878,https://img1.icarros.com/dbimg/imgadicionalanuncio/1/471054461_1.jpg,onix,chevrolet,2026-05-12T23:06:34.042206,004515-2,ONIX HATCH LTZ 1.0 12V TB Flex 5p Aut.,81167.0,4,exato,0.0298520334618749
56767627,https://www.icarros.com.br/comprar/sao-paulo-sp/chevrolet/onix/2023/d56767627,Chevrolet,Onix,1.0 Turbo LTZ R7I automático,Chevrolet Onix Onix 1.0 Turbo LTZ R7I automático,2023,83890.0,31958.0,SP,São Paulo,Branco,automático,LC,False,False,2758878,2758878,https://img1.icarros.com/dbimg/imgadicionalanuncio/1/471053003_1.jpg,onix,chevrolet,2026-05-12T23:06:34.042538,004515-2,ONIX HATCH LTZ 1.0 12V TB Flex 5p Aut.,81167.0,4,exato,0.033548116845516035
57489385,https://www.icarros.com.br/comprar/sao-paulo-sp/chevrolet/onix/2023/d57489385,Chevrolet,Onix,1.0 Turbo LTZ R7I automático,Chevrolet Onix Onix 1.0 Turbo LTZ R7I automático,2023,85290.0,43971.0,SP,São Paulo,Preto,automático,LC,False,False,2758878,2758878,https://img1.icarros.com/dbimg/imgadicionalanuncio/1/478574029_1.jpg,onix,chevrolet,2026-05-12T23:06:34.126751,004515-2,ONIX HATCH LTZ 1.0 12V TB Flex 5p Aut.,81167.0,4,exato,0.05079650596917466
56767769,https://www.icarros.com.br/comprar/sao-paulo-sp/chevrolet/onix/2023/d56767769,Chevrolet,Onix,1.0 Turbo LTZ R7I automático,Chevrolet Onix Onix 1.0 Turbo LTZ R7I automático,2023,85490.0,37171.0,SP,São Paulo,Prata,automático,LC,False,False,2758878,2758878,https://img2.icarros.com/dbimg/imgadicionalanuncio/1/471054411_1.jpg,onix,chevrolet,2026-05-12T23:06:34.127016,004515-2,ONIX HATCH LTZ 1.0 12V TB Flex 5p Aut.,81167.0,4,exato,0.053260561558268756
57489367,https://www.icarros.com.br/comprar/sao-paulo-sp/chevrolet/onix/2024/d57489367,Chevrolet,Onix,1.0 Turbo LTZ (Aut) automático,Chevrolet Onix Onix 1.0 Turbo LTZ (Aut) automático,2024,91490.0,28652.0,SP,São Paulo,Preto,automático,LC,False,False,2758878,2758878,https://img1.icarros.com/dbimg/imgadicionalanuncio/1/478573896_1.jpg,onix,chevrolet,2026-05-12T23:06:34.127236,004515-2,ONIX HATCH LTZ 1.0 12V TB Flex 5p Aut.,86456.0,4,exato,0.05822614971777552
56897046,https://www.icarros.com.br/comprar/sao-jose-dos-campos-sp/chevrolet/onix/2022/d56897046,Chevrolet,Onix,1.0 Turbo LT (Aut) automático,Chevrolet Onix Onix 1.0 Turbo LT (Aut) automático,2022,75900.0,92821.0,SP,São José dos Campos,Azul,automático,PJ,False,False,2563102,2563102,https://img0.icarros.com/dbimg/imgadicionalanuncio/1/472551216_1.jpg,onix,chevrolet,2026-05-12T23:06:34.127454,004514-4,ONIX HATCH LT 1.0 12V TB Flex 5p Aut.,71611.0,4,exato,0.059893033193224504
56882960,https://www.icarros.com.br/comprar/sao-jose-dos-campos-sp/chevrolet/onix/2023/d56882960,Chevrolet,Onix,1.0 Turbo Premier RFC/RFD (Aut) automático,Chevrolet Onix Onix 1.0 Turbo Premier RFC/RFD (Aut) automático,2023,78900.0,72767.0,SP,São José dos Campos,Preto,automático,PJ,False,False,2563102,2563102,https://img2.icarros.com/dbimg/imgadicionalanuncio/1/472387157_1.jpg,onix,chevrolet,2026-05-12T23:06:34.127661,004516-0,ONIX HATCH PREM. 1.0 12V TB Flex 5p Aut.,81986.0,4,exato,-0.03764057278071866
56896986,https://www.icarros.com.br/comprar/sao-jose-dos-campos-sp/chevrolet/onix/2024/d56896986,Chevrolet,Onix,1.0 Turbo RS (Aut) automático,Chevrolet Onix Onix 1.0 Turbo RS (Aut) automático,2024,92900.0,30338.0,SP,São José dos Campos,Vermelho,automático,PJ,False,False,2563102,2563102,https://img0.icarros.com/dbimg/imgadicionalanuncio/1/472550418_1.jpg,onix,chevrolet,2026-05-12T23:06:34.127869,004530-6,ONIX HATCH RS 1.0 TB 12V Flex 5p Aut.,88902.0,4,exato,0.04497086679714742
57173810,https://www.icarros.com.br/comprar/piracicaba-sp/chevrolet/onix/2019/d57173810,Chevrolet,Onix,1.0 LT SPE/4 manual,Chevrolet Onix Onix 1.0 LT SPE/4 manual,2019,57890.0,72391.0,SP,Piracicaba,Cinza,manual,PJ,False,False,288042,288042,https://img2.icarros.com/dbimg/imgadicionalanuncio/1/475385000_1.jpg,onix,chevrolet,2026-05-12T23:06:34.129524,004424-5,ONIX HATCH LT 1.0 8V FlexPower 5p Mec.,54086.0,3,exato,0.07033243353178271
57517758,https://www.icarros.com.br/comprar/sao-paulo-sp/chevrolet/onix/2024/d57517758,Chevrolet,Onix,1.0 Turbo Premier (Aut) automático,Chevrolet Onix Onix 1.0 Turbo Premier (Aut) automático,2024,89890.0,40055.0,SP,São Paulo,Azul,automático,PJ,False,False,566325,566325,https://img0.icarros.com/dbimg/imgadicionalanuncio/1/478867277_1.jpg,onix,chevrolet,2026-05-12T23:06:34.244961,004516-0,ONIX HATCH PREM. 1.0 12V TB Flex 5p Aut.,91270.0,4,exato,-0.015119973704393557
57483116,https://www.icarros.com.br/comprar/jundiai-sp/chevrolet/onix/2023/d57483116,Chevrolet,Onix,1.0 manual,Chevrolet Onix Onix 1.0 manual,2023,67190.0,87089.0,SP,Jundiaí,Branco,manual,LC,False,False,1842344,1842344,https://img2.icarros.com/dbimg/imgadicionalanuncio/1/478512212_1.jpg,onix,chevrolet,2026-05-12T23:06:34.245186,004519-5,ONIX HATCH 1.0 12V Flex 5p Mec.,67522.0,2,fuzzy,-0.004916915968128906
57267241,https://www.icarros.com.br/comprar/jundiai-sp/chevrolet/onix/2024/d57267241,Chevrolet,Onix,1.0 LT manual,Chevrolet Onix Onix 1.0 LT manual,2024,68990.0,47275.0,SP,Jundiaí,Cinza,manual,LC,False,False,1842344,1842344,https://img1.icarros.com/dbimg/imgadicionalanuncio/1/476333773_1.jpg,onix,chevrolet,2026-05-12T23:06:34.245396,004517-9,ONIX HATCH LT 1.0 12V Flex 5p Mec.,69666.0,3,exato,-0.009703442138202279
57485519,https://www.icarros.com.br/comprar/jundiai-sp/chevrolet/onix/2025/d57485519,Chevrolet,Onix,1.0 LT manual,Chevrolet Onix Onix 1.0 LT manual,2025,74490.0,48299.0,SP,Jundiaí,Prata,manual,LC,False,False,1842344,1842344,https://img2.icarros.com/dbimg/imgadicionalanuncio/1/478535943_1.jpg,onix,chevrolet,2026-05-12T23:06:34.245635,004517-9,ONIX HATCH LT 1.0 12V Flex 5p Mec.,73087.0,3,exato,0.01919630029964289
57485597,https://www.icarros.com.br/comprar/jundiai-sp/chevrolet/onix/2025/d57485597,Chevrolet,Onix,1.0 LT manual,Chevrolet Onix Onix 1.0 LT manual,2025,76790.0,34999.0,SP,Jundiaí,Prata,manual,LC,False,False,1842344,1842344,https://img2.icarros.com/dbimg/imgadicionalanuncio/1/478536693_1.jpg,onix,chevrolet,2026-05-12T23:06:34.245847,004517-9,ONIX HATCH LT 1.0 12V Flex 5p Mec.,73087.0,3,exato,0.05066564505315583
56890120,https://www.icarros.com.br/comprar/jundiai-sp/chevrolet/onix/2023/d56890120,Chevrolet,Onix,1.0 Turbo LTZ R7I automático,Chevrolet Onix Onix 1.0 Turbo LTZ R7I automático,2023,78690.0,87185.0,SP,Jundiaí,Prata,automático,LC,False,False,1842344,1842344,https://img1.icarros.com/dbimg/imgadicionalanuncio/1/472467444_1.jpg,onix,chevrolet,2026-05-12T23:06:34.246153,004515-2,ONIX HATCH LTZ 1.0 12V TB Flex 5p Aut.,81167.0,4,exato,-0.030517328470930305
56890049,https://www.icarros.com.br/comprar/jundiai-sp/chevrolet/onix/2023/d56890049,Chevrolet,Onix,1.0 Turbo LTZ R7I automático,Chevrolet Onix Onix 1.0 Turbo LTZ R7I automático,2023,81990.0,43275.0,SP,Jundiaí,Branco,automático,LC,False,False,1842344,1842344,https://img2.icarros.com/dbimg/imgadicionalanuncio/1/472466793_1.jpg,onix,chevrolet,2026-05-12T23:06:34.246479,004515-2,ONIX HATCH LTZ 1.0 12V TB Flex 5p Aut.,81167.0,4,exato,0.01013958874912218
56890111,https://www.icarros.com.br/comprar/jundiai-sp/chevrolet/onix/2024/d56890111,Chevrolet,Onix,1.0 Turbo LTZ (Aut) automático,Chevrolet Onix Onix 1.0 Turbo LTZ (Aut) automático,2024,84990.0,49726.0,SP,Jundiaí,Branco,automático,LC,False,False,1842344,1842344,https://img1.icarros.com/dbimg/imgadicionalanuncio/1/472467367_1.jpg,onix,chevrolet,2026-05-12T23:06:34.246737,004515-2,ONIX HATCH LTZ 1.0 12V TB Flex 5p Aut.,86456.0,4,exato,-0.0169566022022763
56890127,https://www.icarros.com.br/comprar/jundiai-sp/chevrolet/onix/2024/d56890127,Chevrolet,Onix,1.0 Turbo LTZ (Aut) automático,Chevrolet Onix Onix 1.0 Turbo LTZ (Aut) automático,2024,86990.0,32734.0,SP,Jundiaí,Branco,automático,LC,False,False,1842344,1842344,https://img2.icarros.com/dbimg/imgadicionalanuncio/1/472467499_1.jpg,onix,chevrolet,2026-05-12T23:06:34.247004,004515-2,ONIX HATCH LTZ 1.0 12V TB Flex 5p Aut.,86456.0,4,exato,0.006176552234662719
57483162,https://www.icarros.com.br/comprar/jundiai-sp/chevrolet/onix/2024/d57483162,Chevrolet,Onix,1.0 Turbo LTZ (Aut) automático,Chevrolet Onix Onix 1.0 Turbo LTZ (Aut) automático,2024,93890.0,25899.0,SP,Jundiaí,Preto,automático,LC,False,False,1842344,1842344,https://img0.icarros.com/dbimg/imgadicionalanuncio/1/478512646_1.jpg,onix,chevrolet,2026-05-12T23:06:34.247249,004515-2,ONIX HATCH LTZ 1.0 12V TB Flex 5p Aut.,86456.0,4,exato,0.08598593504210233
56890039,https://www.icarros.com.br/comprar/jundiai-sp/chevrolet/onix/2024/d56890039,Chevrolet,Onix,1.0 Turbo Premier (Aut) automático,Chevrolet Onix Onix 1.0 Turbo Premier (Aut) automático,2024,95990.0,20199.0,SP,Jundiaí,Cinza,automático,LC,False,False,1842344,1842344,https://img1.icarros.com/dbimg/imgadicionalanuncio/1/472466734_1.jpg,onix,chevrolet,2026-05-12T23:06:34.247498,004516-0,ONIX HATCH PREM. 1.0 12V TB Flex 5p Aut.,91270.0,4,exato,0.051714692670099704
57485688,https://www.icarros.com.br/comprar/jundiai-sp/chevrolet/onix/2025/d57485688,Chevrolet,Onix,1.0 Turbo LTZ (Aut) automático,Chevrolet Onix Onix 1.0 Turbo LTZ (Aut) automático,2025,98490.0,44178.0,SP,Jundiaí,Prata,automático,LC,False,False,1842344,1842344,https://img0.icarros.com/dbimg/imgadicionalanuncio/1/478537591_1.jpg,onix,chevrolet,2026-05-12T23:06:34.247750,004515-2,ONIX HATCH LTZ 1.0 12V TB Flex 5p Aut.,97110.0,4,exato,0.01421068890948409
57485400,https://www.icarros.com.br/comprar/jundiai-sp/chevrolet/onix/2025/d57485400,Chevrolet,Onix,1.0 Turbo LTZ (Aut) automático,Chevrolet Onix Onix 1.0 Turbo LTZ (Aut) automático,2025,98490.0,46079.0,SP,Jundiaí,Preto,automático,LC,False,False,1842344,1842344,https://img0.icarros.com/dbimg/imgadicionalanuncio/1/478534778_1.jpg,onix,chevrolet,2026-05-12T23:06:34.248007,004515-2,ONIX HATCH LTZ 1.0 12V TB Flex 5p Aut.,97110.0,4,exato,0.01421068890948409
56819219,https://www.icarros.com.br/comprar/piracicaba-sp/chevrolet/onix/2017/d56819219,Chevrolet,Onix,1.0 LT SPE/4 manual,Chevrolet Onix Onix 1.0 LT SPE/4 manual,2017,56900.0,81902.0,SP,Piracicaba,Branco,manual,PJ,False,False,2159340,2159340,https://img2.icarros.com/dbimg/imgadicionalanuncio/1/472732928_1.jpg,onix,chevrolet,2026-05-12T23:06:34.248221,004424-5,ONIX HATCH LT 1.0 8V FlexPower 5p Mec.,50731.0,3,exato,0.12160217618418719
56825700,https://www.icarros.com.br/comprar/hortolandia-sp/chevrolet/onix/2025/d56825700,Chevrolet,Onix,1.0 LT manual,Chevrolet Onix Onix 1.0 LT manual,2025,74990.0,49978.0,SP,Hortolândia,Prata,manual,PJ,False,False,2192115,2192115,https://img0.icarros.com/dbimg/imgadicionalanuncio/1/474053862_1.jpg,onix,chevrolet,2026-05-12T23:06:34.248966,004517-9,ONIX HATCH LT 1.0 12V Flex 5p Mec.,73087.0,3,exato,0.026037462202580488
56861975,https://www.icarros.com.br/comprar/americana-sp/chevrolet/onix/2019/d56861975,Chevrolet,Onix,1.4 LT SPE/4 manual,Chevrolet Onix Onix 1.4 LT SPE/4 manual,2019,68990.0,60900.0,SP,Americana,Branco,manual,PJ,False,False,2577111,2577111,https://img2.icarros.com/dbimg/imgadicionalanuncio/1/472146653_1.jpg,onix,chevrolet,2026-05-12T23:06:34.330741,004425-3,ONIX HATCH LT 1.4 8V FlexPower 5p Mec.,59819.0,3,exato,0.15331249268627026
56752589,https://www.icarros.com.br/comprar/sao-paulo-sp/chevrolet/onix/2025/d56752589,Chevrolet,Onix,1.0 Turbo LTZ (Aut) automático,Chevrolet Onix Onix 1.0 Turbo LTZ (Aut) automático,2025,91880.0,49841.0,SP,São Paulo,Prata,automático,PJ,False,False,2454060,2454060,https://img2.icarros.com/dbimg/imgadicionalanuncio/1/470888872_1.jpg,onix,chevrolet,2026-05-12T23:06:34.425095,004515-2,ONIX HATCH LTZ 1.0 12V TB Flex 5p Aut.,97110.0,4,exato,-0.05385645144681289
56782974,https://www.icarros.com.br/comprar/itu-sp/chevrolet/onix/2016/d56782974,Chevrolet,Onix,1.4 LT SPE/4 manual,Chevrolet Onix Onix 1.4 LT SPE/4 manual,2016,54990.0,158000.0,SP,Itu,Preto,manual,PJ,False,False,2653898,2653898,https://img0.icarros.com/dbimg/imgadicionalanuncio/1/471230826_1.jpg,onix,chevrolet,2026-05-12T23:06:34.425526,004425-3,ONIX HATCH LT 1.4 8V FlexPower 5p Mec.,49737.0,3,exato,0.10561553772845166
56876766,https://www.icarros.com.br/comprar/botucatu-sp/chevrolet/onix/2024/d56876766,Chevrolet,Onix,1.0 Turbo LT manual,Chevrolet Onix Onix 1.0 Turbo LT manual,2024,81900.0,18875.0,SP,Botucatu,Branco,manual,PJ,False,False,2591067,2591067,https://img0.icarros.com/dbimg/imgadicionalanuncio/1/472313773_1.jpg,onix,chevrolet,2026-05-12T23:06:34.425709,004512-8,ONIX HATCH LT 1.0 12V TB Flex 5p Mec.,77596.0,4,exato,0.05546677663797103
56883313,https://www.icarros.com.br/comprar/jundiai-sp/chevrolet/onix/2023/d56883313,Chevrolet,Onix,1.0 Turbo LT R7G (Aut) automático,Chevrolet Onix Onix 1.0 Turbo LT R7G (Aut) automático,2023,75900.0,101000.0,SP,Jundiaí,Prata,automático,PJ,False,False,1996123,1996123,https://img1.icarros.com/dbimg/imgadicionalanuncio/1/472390663_1.jpg,onix,chevrolet,2026-05-12T23:06:34.427374,004514-4,ONIX HATCH LT 1.0 12V TB Flex 5p Aut.,75001.0,4,exato,0.011986506846575378
56685735,https://www.icarros.com.br/comprar/caraguatatuba-sp/chevrolet/onix/2025/d56685735,Chevrolet,Onix,1.0 LT manual,Chevrolet Onix Onix 1.0 LT manual,2025,79900.0,66700.0,SP,Caraguatatuba,Prata,manual,PJ,False,False,2383636,2383636,https://img0.icarros.com/dbimg/imgadicionalanuncio/1/470140756_1.jpg,onix,chevrolet,2026-05-12T23:06:34.509757,004517-9,ONIX HATCH LT 1.0 12V Flex 5p Mec.,73087.0,3,exato,0.09321767208942768
56596622,https://www.icarros.com.br/comprar/sao-carlos-sp/chevrolet/onix/2019/d56596622,Chevrolet,Onix,1.4 LT SPE/4 manual,Chevrolet Onix Onix 1.4 LT SPE/4 manual,2019,64900.0,60000.0,SP,São Carlos,Preto,manual,PJ,False,False,116736,116736,https://img2.icarros.com/dbimg/imgadicionalanuncio/1/469140687_1.jpg,onix,chevrolet,2026-05-12T23:06:34.509963,004425-3,ONIX HATCH LT 1.4 8V FlexPower 5p Mec.,59819.0,3,exato,0.08493956769588258
57362772,https://www.icarros.com.br/comprar/bady-bassitt-sp/chevrolet/onix/2018/d57362772,Chevrolet,Onix,1.0 Joy SPE/4 manual,Chevrolet Onix Onix 1.0 Joy SPE/4 manual,2018,48990.0,89236.0,SP,Bady Bassitt,Branco,manual,PJ,False,False,2535529,2535529,https://img0.icarros.com/dbimg/imgadicionalanuncio/1/477299993_1.jpg,onix,chevrolet,2026-05-12T23:06:34.510773,004473-3,ONIX HATCH Joy 1.0 8V Flex 5p Mec.,46104.0,3,exato,0.06259760541384696
57348391,https://www.icarros.com.br/comprar/ribeirao-preto-sp/chevrolet/onix/2023/d57348391,Chevrolet,Onix,1.0 LT manual,Chevrolet Onix Onix 1.0 LT manual,2023,63900.0,74290.0,SP,Ribeirão Preto,Preto,manual,PJ,False,False,368998,368998,https://img1.icarros.com/dbimg/imgadicionalanuncio/1/477390940_1.jpg,onix,chevrolet,2026-05-12T23:06:34.511169,004517-9,ONIX HATCH LT 1.0 12V Flex 5p Mec.,66395.0,3,exato,-0.03757813088334965
57344293,https://www.icarros.com.br/comprar/piracicaba-sp/chevrolet/onix/2022/d57344293,Chevrolet,Onix,1.0 LT manual,Chevrolet Onix Onix 1.0 LT manual,2022,63990.0,68154.0,SP,Piracicaba,Preto,manual,PJ,False,False,713027,713027,https://img1.icarros.com/dbimg/imgadicionalanuncio/1/477112299_1.jpg,onix,chevrolet,2026-05-12T23:06:34.587530,004517-9,ONIX HATCH LT 1.0 12V Flex 5p Mec.,62969.0,3,exato,0.016214327685051374
56803937,https://www.icarros.com.br/comprar/piracicaba-sp/chevrolet/onix/2025/d56803937,Chevrolet,Onix,1.0 LT manual,Chevrolet Onix Onix 1.0 LT manual,2025,66990.0,68541.0,SP,Piracicaba,Branco,manual,PJ,False,False,713027,713027,https://img2.icarros.com/dbimg/imgadicionalanuncio/1/471484739_1.jpg,onix,chevrolet,2026-05-12T23:06:34.587740,004517-9,ONIX HATCH LT 1.0 12V Flex 5p Mec.,73087.0,3,exato,-0.08342112824442104
57440753,https://www.icarros.com.br/comprar/piracicaba-sp/chevrolet/onix/2025/d57440753,Chevrolet,Onix,1.0 LT manual,Chevrolet Onix Onix 1.0 LT manual,2025,67990.0,32250.0,SP,Piracicaba,Branco,manual,PJ,False,False,713027,713027,https://img2.icarros.com/dbimg/imgadicionalanuncio/1/478083506_1.jpg,onix,chevrolet,2026-05-12T23:06:34.587924,004517-9,ONIX HATCH LT 1.0 12V Flex 5p Mec.,73087.0,3,exato,-0.06973880443854584
56667684,https://www.icarros.com.br/comprar/piracicaba-sp/chevrolet/onix/2024/d56667684,Chevrolet,Onix,1.0 Turbo LT manual,Chevrolet Onix Onix 1.0 Turbo LT manual,2024,67990.0,80047.0,SP,Piracicaba,Branco,manual,PJ,False,False,713027,713027,https://img0.icarros.com/dbimg/imgadicionalanuncio/1/469933586_1.jpg,onix,chevrolet,2026-05-12T23:06:34.588139,004512-8,ONIX HATCH LT 1.0 12V TB Flex 5p Mec.,77596.0,4,exato,-0.1237950409814939
56905359,https://www.icarros.com.br/comprar/piracicaba-sp/chevrolet/onix/2022/d56905359,Chevrolet,Onix,1.0 Turbo LT manual,Chevrolet Onix Onix 1.0 Turbo LT manual,2022,67990.0,72308.0,SP,Piracicaba,Branco,manual,PJ,False,False,713027,713027,https://img0.icarros.com/dbimg/imgadicionalanuncio/1/472630686_1.jpg,onix,chevrolet,2026-05-12T23:06:34.588330,004512-8,ONIX HATCH LT 1.0 12V TB Flex 5p Mec.,69278.0,4,exato,-0.01859176073212275
57161464,https://www.icarros.com.br/comprar/piracicaba-sp/chevrolet/onix/2025/d57161464,Chevrolet,Onix,1.0 manual,Chevrolet Onix Onix 1.0 manual,2025,68990.0,27186.0,SP,Piracicaba,Prata,manual,PJ,False,False,713027,713027,https://img1.icarros.com/dbimg/imgadicionalanuncio/1/475257073_1.jpg,onix,chevrolet,2026-05-12T23:06:34.588547,004519-5,ONIX HATCH 1.0 12V Flex 5p Mec.,71220.0,2,fuzzy,-0.03131142937377141
56827262,https://www.icarros.com.br/comprar/piracicaba-sp/chevrolet/onix/2024/d56827262,Chevrolet,Onix,1.0 LT manual,Chevrolet Onix Onix 1.0 LT manual,2024,68990.0,69679.0,SP,Piracicaba,Branco,manual,PJ,False,False,713027,713027,https://img2.icarros.com/dbimg/imgadicionalanuncio/1/471761329_1.jpg,onix,chevrolet,2026-05-12T23:06:34.588764,004517-9,ONIX HATCH LT 1.0 12V Flex 5p Mec.,69666.0,3,exato,-0.009703442138202279
56805864,https://www.icarros.com.br/comprar/piracicaba-sp/chevrolet/onix/2023/d56805864,Chevrolet,Onix,1.0 Turbo LT manual,Chevrolet Onix Onix 1.0 Turbo LT manual,2023,68990.0,63473.0,SP,Piracicaba,Branco,manual,PJ,False,False,713027,713027,https://img0.icarros.com/dbimg/imgadicionalanuncio/1/471509502_1.jpg,onix,chevrolet,2026-05-12T23:06:34.588947,004512-8,ONIX HATCH LT 1.0 12V TB Flex 5p Mec.,71872.0,4,exato,-0.04009906500445236
56827233,https://www.icarros.com.br/comprar/piracicaba-sp/chevrolet/onix/2024/d56827233,Chevrolet,Onix,1.0 Turbo LT manual,Chevrolet Onix Onix 1.0 Turbo LT manual,2024,69990.0,59513.0,SP,Piracicaba,Branco,manual,PJ,False,False,713027,713027,https://img0.icarros.com/dbimg/imgadicionalanuncio/1/471761038_1.jpg,onix,chevrolet,2026-05-12T23:06:34.589163,004512-8,ONIX HATCH LT 1.0 12V TB Flex 5p Mec.,77596.0,4,exato,-0.09802051652147017
57114453,https://www.icarros.com.br/comprar/piracicaba-sp/chevrolet/onix/2024/d57114453,Chevrolet,Onix,1.0 Turbo LT manual,Chevrolet Onix Onix 1.0 Turbo LT manual,2024,69990.0,69470.0,SP,Piracicaba,Branco,manual,PJ,False,False,713027,713027,https://img0.icarros.com/dbimg/imgadicionalanuncio/1/474784825_1.jpg,onix,chevrolet,2026-05-12T23:06:34.589374,004512-8,ONIX HATCH LT 1.0 12V TB Flex 5p Mec.,77596.0,4,exato,-0.09802051652147017
57343825,https://www.icarros.com.br/comprar/piracicaba-sp/chevrolet/onix/2021/d57343825,Chevrolet,Onix,1.0 Turbo RS (Aut) automático,Chevrolet Onix Onix 1.0 Turbo RS (Aut) automático,2021,69990.0,95456.0,SP,Piracicaba,Preto,automático,PJ,False,False,713027,713027,https://img1.icarros.com/dbimg/imgadicionalanuncio/1/477106918_1.jpg,onix,chevrolet,2026-05-12T23:06:34.589586,004530-6,ONIX HATCH RS 1.0 TB 12V Flex 5p Aut.,72264.0,4,exato,-0.03146795084689472
57343304,https://www.icarros.com.br/comprar/piracicaba-sp/chevrolet/onix/2025/d57343304,Chevrolet,Onix,1.0 LT manual,Chevrolet Onix Onix 1.0 LT manual,2025,70990.0,44804.0,SP,Piracicaba,Branco,manual,PJ,False,False,713027,713027,https://img2.icarros.com/dbimg/imgadicionalanuncio/1/477101783_1.jpg,onix,chevrolet,2026-05-12T23:06:34.589909,004517-9,ONIX HATCH LT 1.0 12V Flex 5p Mec.,73087.0,3,exato,-0.028691833020920272
56531463,https://www.icarros.com.br/comprar/piracicaba-sp/chevrolet/onix/2025/d56531463,Chevrolet,Onix,1.0 Turbo LT manual,Chevrolet Onix Onix 1.0 Turbo LT manual,2025,70990.0,70915.0,SP,Piracicaba,Branco,manual,PJ,False,False,713027,713027,https://img0.icarros.com/dbimg/imgadicionalanuncio/1/468399785_1.jpg,onix,chevrolet,2026-05-12T23:06:34.590288,004512-8,ONIX HATCH LT 1.0 12V TB Flex 5p Mec.,84569.0,4,exato,-0.16056711087987324
56827244,https://www.icarros.com.br/comprar/piracicaba-sp/chevrolet/onix/2024/d56827244,Chevrolet,Onix,1.0 Turbo LT manual,Chevrolet Onix Onix 1.0 Turbo LT manual,2024,72490.0,43242.0,SP,Piracicaba,Branco,manual,PJ,False,False,713027,713027,https://img2.icarros.com/dbimg/imgadicionalanuncio/1/471761218_1.jpg,onix,chevrolet,2026-05-12T23:06:34.590627,004512-8,ONIX HATCH LT 1.0 12V TB Flex 5p Mec.,77596.0,4,exato,-0.06580236094644054
57342754,https://www.icarros.com.br/comprar/piracicaba-sp/chevrolet/onix/2025/d57342754,Chevrolet,Onix,1.0 Turbo LT manual,Chevrolet Onix Onix 1.0 Turbo LT manual,2025,72990.0,17717.0,SP,Piracicaba,Prata,manual,PJ,False,False,713027,713027,https://img1.icarros.com/dbimg/imgadicionalanuncio/1/477096197_1.jpg,onix,chevrolet,2026-05-12T23:06:34.590869,004512-8,ONIX HATCH LT 1.0 12V TB Flex 5p Mec.,84569.0,4,exato,-0.13691778311201505
57392149,https://www.icarros.com.br/comprar/piracicaba-sp/chevrolet/onix/2025/d57392149,Chevrolet,Onix,1.0 LT manual,Chevrolet Onix Onix 1.0 LT manual,2025,72990.0,19602.0,SP,Piracicaba,Prata,manual,PJ,False,False,713027,713027,https://img1.icarros.com/dbimg/imgadicionalanuncio/1/477593618_1.jpg,onix,chevrolet,2026-05-12T23:06:34.668488,004517-9,ONIX HATCH LT 1.0 12V Flex 5p Mec.,73087.0,3,exato,-0.0013271854091698933
57342434,https://www.icarros.com.br/comprar/piracicaba-sp/chevrolet/onix/2025/d57342434,Chevrolet,Onix,1.0 Turbo LT manual,Chevrolet Onix Onix 1.0 Turbo LT manual,2025,73990.0,46406.0,SP,Piracicaba,Branco,manual,PJ,False,False,713027,713027,https://img2.icarros.com/dbimg/imgadicionalanuncio/1/477092578_1.jpg,onix,chevrolet,2026-05-12T23:06:34.668730,004512-8,ONIX HATCH LT 1.0 12V TB Flex 5p Mec.,84569.0,4,exato,-0.12509311922808594
56755985,https://www.icarros.com.br/comprar/piracicaba-sp/chevrolet/onix/2024/d56755985,Chevrolet,Onix,1.0 Turbo LTZ (Aut) automático,Chevrolet Onix Onix 1.0 Turbo LTZ (Aut) automático,2024,80990.0,57618.0,SP,Piracicaba,Preto,automático,PJ,False,False,713027,713027,https://img2.icarros.com/dbimg/imgadicionalanuncio/1/470931049_1.jpg,onix,chevrolet,2026-05-12T23:06:34.668956,004515-2,ONIX HATCH LTZ 1.0 12V TB Flex 5p Aut.,86456.0,4,exato,-0.06322291107615434
56907274,https://www.icarros.com.br/comprar/piracicaba-sp/chevrolet/onix/2024/d56907274,Chevrolet,Onix,1.0 Turbo LTZ (Aut) automático,Chevrolet Onix Onix 1.0 Turbo LTZ (Aut) automático,2024,84990.0,17334.0,SP,Piracicaba,Preto,automático,PJ,False,False,713027,713027,https://img1.icarros.com/dbimg/imgadicionalanuncio/1/472649090_1.jpg,onix,chevrolet,2026-05-12T23:06:34.669147,004515-2,ONIX HATCH LTZ 1.0 12V TB Flex 5p Aut.,86456.0,4,exato,-0.0169566022022763
57296009,https://www.icarros.com.br/comprar/osasco-sp/chevrolet/onix/2024/d57296009,Chevrolet,Onix,1.0 Turbo LT manual,Chevrolet Onix Onix 1.0 Turbo LT manual,2024,77990.0,38000.0,SP,Osasco,Branco,manual,PJ,False,False,624438,624438,https://img2.icarros.com/dbimg/imgadicionalanuncio/1/476623410_1.jpg,onix,chevrolet,2026-05-12T23:06:34.669789,004512-8,ONIX HATCH LT 1.0 12V TB Flex 5p Mec.,77596.0,4,exato,0.005077581318624671
56892605,https://www.icarros.com.br/comprar/jundiai-sp/chevrolet/onix/2024/d56892605,Chevrolet,Onix,1.0 Turbo LTZ (Aut) automático,Chevrolet Onix Onix 1.0 Turbo LTZ (Aut) automático,2024,86900.0,49162.0,SP,Jundiaí,Prata,automático,PJ,False,False,140730,140730,https://img2.icarros.com/dbimg/imgadicionalanuncio/1/472494685_1.jpg,onix,chevrolet,2026-05-12T23:06:34.670257,004515-2,ONIX HATCH LTZ 1.0 12V TB Flex 5p Aut.,86456.0,4,exato,0.005135560285000462
56566720,https://www.icarros.com.br/comprar/ribeirao-preto-sp/chevrolet/onix/2024/d56566720,Chevrolet,Onix,1.0 LT manual,Chevrolet Onix Onix 1.0 LT manual,2024,68990.0,53045.0,SP,Ribeirão Preto,Branco,manual,LC,False,False,2796993,2796993,https://img1.icarros.com/dbimg/imgadicionalanuncio/1/468797408_1.jpg,onix,chevrolet,2026-05-12T23:06:34.670506,004517-9,ONIX HATCH LT 1.0 12V Flex 5p Mec.,69666.0,3,exato,-0.009703442138202279
56511471,https://www.icarros.com.br/comprar/ribeirao-preto-sp/chevrolet/onix/2024/d56511471,Chevrolet,Onix,1.0 LT manual,Chevrolet Onix Onix 1.0 LT manual,2024,68990.0,53041.0,SP,Ribeirão Preto,Preto,manual,LC,False,False,2796993,2796993,https://img0.icarros.com/dbimg/imgadicionalanuncio/1/468181448_1.jpg,onix,chevrolet,2026-05-12T23:06:34.670725,004517-9,ONIX HATCH LT 1.0 12V Flex 5p Mec.,69666.0,3,exato,-0.009703442138202279
56566718,https://www.icarros.com.br/comprar/ribeirao-preto-sp/chevrolet/onix/2024/d56566718,Chevrolet,Onix,1.0 LT manual,Chevrolet Onix Onix 1.0 LT manual,2024,68990.0,50992.0,SP,Ribeirão Preto,Azul,manual,LC,False,False,2796993,2796993,https://img2.icarros.com/dbimg/imgadicionalanuncio/1/468797380_1.jpg,onix,chevrolet,2026-05-12T23:06:34.670946,004517-9,ONIX HATCH LT 1.0 12V Flex 5p Mec.,69666.0,3,exato,-0.009703442138202279
56566714,https://www.icarros.com.br/comprar/ribeirao-preto-sp/chevrolet/onix/2024/d56566714,Chevrolet,Onix,1.0 LT manual,Chevrolet Onix Onix 1.0 LT manual,2024,68990.0,57854.0,SP,Ribeirão Preto,Branco,manual,LC,False,False,2796993,2796993,https://img1.icarros.com/dbimg/imgadicionalanuncio/1/468797342_1.jpg,onix,chevrolet,2026-05-12T23:06:34.671168,004517-9,ONIX HATCH LT 1.0 12V Flex 5p Mec.,69666.0,3,exato,-0.009703442138202279
56511467,https://www.icarros.com.br/comprar/ribeirao-preto-sp/chevrolet/onix/2023/d56511467,Chevrolet,Onix,1.0 manual,Chevrolet Onix Onix 1.0 manual,2023,70490.0,58780.0,SP,Ribeirão Preto,Branco,manual,LC,False,False,2796993,2796993,https://img2.icarros.com/dbimg/imgadicionalanuncio/1/468181400_1.jpg,onix,chevrolet,2026-05-12T23:06:34.671382,004519-5,ONIX HATCH 1.0 12V Flex 5p Mec.,67522.0,2,fuzzy,0.04395604395604396
56566709,https://www.icarros.com.br/comprar/ribeirao-preto-sp/chevrolet/onix/2023/d56566709,Chevrolet,Onix,1.0 manual,Chevrolet Onix Onix 1.0 manual,2023,71490.0,34568.0,SP,Ribeirão Preto,Prata,manual,LC,False,False,2796993,2796993,https://img2.icarros.com/dbimg/imgadicionalanuncio/1/468797303_1.jpg,onix,chevrolet,2026-05-12T23:06:34.671599,004519-5,ONIX HATCH 1.0 12V Flex 5p Mec.,67522.0,2,fuzzy,0.058766031811853914
56566712,https://www.icarros.com.br/comprar/ribeirao-preto-sp/chevrolet/onix/2024/d56566712,Chevrolet,Onix,1.0 LT manual,Chevrolet Onix Onix 1.0 LT manual,2024,71590.0,59183.0,SP,Ribeirão Preto,Branco,manual,LC,False,False,2796993,2796993,https://img2.icarros.com/dbimg/imgadicionalanuncio/1/468797332_1.jpg,onix,chevrolet,2026-05-12T23:06:34.671830,004517-9,ONIX HATCH LT 1.0 12V Flex 5p Mec.,69666.0,3,exato,0.02761748916257572
56566771,https://www.icarros.com.br/comprar/ribeirao-preto-sp/chevrolet/onix/2024/d56566771,Chevrolet,Onix,1.0 LT manual,Chevrolet Onix Onix 1.0 LT manual,2024,72490.0,48044.0,SP,Ribeirão Preto,Branco,manual,LC,False,False,2796993,2796993,https://img1.icarros.com/dbimg/imgadicionalanuncio/1/468797914_1.jpg,onix,chevrolet,2026-05-12T23:06:34.672051,004517-9,ONIX HATCH LT 1.0 12V Flex 5p Mec.,69666.0,3,exato,0.04053627307438349
56511470,https://www.icarros.com.br/comprar/ribeirao-preto-sp/chevrolet/onix/2024/d56511470,Chevrolet,Onix,1.0 LT manual,Chevrolet Onix Onix 1.0 LT manual,2024,72790.0,45676.0,SP,Ribeirão Preto,Branco,manual,LC,False,False,2796993,2796993,https://img2.icarros.com/dbimg/imgadicionalanuncio/1/468181438_1.jpg,onix,chevrolet,2026-05-12T23:06:34.672269,004517-9,ONIX HATCH LT 1.0 12V Flex 5p Mec.,69666.0,3,exato,0.04484253437831941
56566781,https://www.icarros.com.br/comprar/ribeirao-preto-sp/chevrolet/onix/2025/d56566781,Chevrolet,Onix,1.0 Turbo LT manual,Chevrolet Onix Onix 1.0 Turbo LT manual,2025,72990.0,59819.0,SP,Ribeirão Preto,Prata,manual,LC,False,False,2796993,2796993,https://img2.icarros.com/dbimg/imgadicionalanuncio/1/468798017_1.jpg,onix,chevrolet,2026-05-12T23:06:34.672496,004512-8,ONIX HATCH LT 1.0 12V TB Flex 5p Mec.,84569.0,4,exato,-0.13691778311201505
56566772,https://www.icarros.com.br/comprar/ribeirao-preto-sp/chevrolet/onix/2025/d56566772,Chevrolet,Onix,1.0 Turbo LT manual,Chevrolet Onix Onix 1.0 Turbo LT manual,2025,72990.0,50898.0,SP,Ribeirão Preto,Branco,manual,LC,False,False,2796993,2796993,https://img2.icarros.com/dbimg/imgadicionalanuncio/1/468797928_1.jpg,onix,chevrolet,2026-05-12T23:06:34.672715,004512-8,ONIX HATCH LT 1.0 12V TB Flex 5p Mec.,84569.0,4,exato,-0.13691778311201505
56566704,https://www.icarros.com.br/comprar/ribeirao-preto-sp/chevrolet/onix/2025/d56566704,Chevrolet,Onix,1.0 Turbo LT manual,Chevrolet Onix Onix 1.0 Turbo LT manual,2025,72990.0,52511.0,SP,Ribeirão Preto,Branco,manual,LC,False,False,2796993,2796993,https://img0.icarros.com/dbimg/imgadicionalanuncio/1/468797254_1.jpg,onix,chevrolet,2026-05-12T23:06:34.752275,004512-8,ONIX HATCH LT 1.0 12V TB Flex 5p Mec.,84569.0,4,exato,-0.13691778311201505
56566738,https://www.icarros.com.br/comprar/ribeirao-preto-sp/chevrolet/onix/2023/d56566738,Chevrolet,Onix,1.0 manual,Chevrolet Onix Onix 1.0 manual,2023,72990.0,25196.0,SP,Ribeirão Preto,Prata,manual,LC,False,False,2796993,2796993,https://img1.icarros.com/dbimg/imgadicionalanuncio/1/468797586_1.jpg,onix,chevrolet,2026-05-12T23:06:34.752512,004519-5,ONIX HATCH 1.0 12V Flex 5p Mec.,67522.0,2,fuzzy,0.08098101359556885
56566711,https://www.icarros.com.br/comprar/ribeirao-preto-sp/chevrolet/onix/2025/d56566711,Chevrolet,Onix,1.0 Turbo LT manual,Chevrolet Onix Onix 1.0 Turbo LT manual,2025,73790.0,46661.0,SP,Ribeirão Preto,Cinza,manual,LC,False,False,2796993,2796993,https://img1.icarros.com/dbimg/imgadicionalanuncio/1/468797322_1.jpg,onix,chevrolet,2026-05-12T23:06:34.752733,004512-8,ONIX HATCH LT 1.0 12V TB Flex 5p Mec.,84569.0,4,exato,-0.12745805200487176
56566750,https://www.icarros.com.br/comprar/ribeirao-preto-sp/chevrolet/onix/2025/d56566750,Chevrolet,Onix,1.0 LT manual,Chevrolet Onix Onix 1.0 LT manual,2025,73990.0,53173.0,SP,Ribeirão Preto,Azul,manual,LC,False,False,2796993,2796993,https://img1.icarros.com/dbimg/imgadicionalanuncio/1/468797708_1.jpg,onix,chevrolet,2026-05-12T23:06:34.752942,004517-9,ONIX HATCH LT 1.0 12V Flex 5p Mec.,73087.0,3,exato,0.012355138396705297
56566767,https://www.icarros.com.br/comprar/ribeirao-preto-sp/chevrolet/onix/2025/d56566767,Chevrolet,Onix,1.0 Turbo LT manual,Chevrolet Onix Onix 1.0 Turbo LT manual,2025,73990.0,53798.0,SP,Ribeirão Preto,Preto,manual,LC,False,False,2796993,2796993,https://img0.icarros.com/dbimg/imgadicionalanuncio/1/468797870_1.jpg,onix,chevrolet,2026-05-12T23:06:34.753158,004512-8,ONIX HATCH LT 1.0 12V TB Flex 5p Mec.,84569.0,4,exato,-0.12509311922808594
57491375,https://www.icarros.com.br/comprar/ribeirao-preto-sp/chevrolet/onix/2025/d57491375,Chevrolet,Onix,1.0 LT manual,Chevrolet Onix Onix 1.0 LT manual,2025,74490.0,55205.0,SP,Ribeirão Preto,Preto,manual,LC,False,False,2796993,2796993,https://img2.icarros.com/dbimg/imgadicionalanuncio/1/478593704_1.jpg,onix,chevrolet,2026-05-12T23:06:34.753364,004517-9,ONIX HATCH LT 1.0 12V Flex 5p Mec.,73087.0,3,exato,0.01919630029964289
57492067,https://www.icarros.com.br/comprar/ribeirao-preto-sp/chevrolet/onix/2025/d57492067,Chevrolet,Onix,1.0 LT manual,Chevrolet Onix Onix 1.0 LT manual,2025,74890.0,41383.0,SP,Ribeirão Preto,Branco,manual,LC,False,False,2796993,2796993,https://img1.icarros.com/dbimg/imgadicionalanuncio/1/478600544_1.jpg,onix,chevrolet,2026-05-12T23:06:34.753570,004517-9,ONIX HATCH LT 1.0 12V Flex 5p Mec.,73087.0,3,exato,0.024669229821992968
57491349,https://www.icarros.com.br/comprar/ribeirao-preto-sp/chevrolet/onix/2025/d57491349,Chevrolet,Onix,1.0 LT manual,Chevrolet Onix Onix 1.0 LT manual,2025,76590.0,36326.0,SP,Ribeirão Preto,Branco,manual,LC,False,False,2796993,2796993,https://img0.icarros.com/dbimg/imgadicionalanuncio/1/478593478_1.jpg,onix,chevrolet,2026-05-12T23:06:34.753780,004517-9,ONIX HATCH LT 1.0 12V Flex 5p Mec.,73087.0,3,exato,0.04792918029198079
57491564,https://www.icarros.com.br/comprar/ribeirao-preto-sp/chevrolet/onix/2025/d57491564,Chevrolet,Onix,1.0 LT manual,Chevrolet Onix Onix 1.0 LT manual,2025,76790.0,35176.0,SP,Ribeirão Preto,Branco,manual,LC,False,False,2796993,2796993,https://img2.icarros.com/dbimg/imgadicionalanuncio/1/478595606_1.jpg,onix,chevrolet,2026-05-12T23:06:34.753996,004517-9,ONIX HATCH LT 1.0 12V Flex 5p Mec.,73087.0,3,exato,0.05066564505315583
57491495,https://www.icarros.com.br/comprar/ribeirao-preto-sp/chevrolet/onix/2025/d57491495,Chevrolet,Onix,1.0 LT manual,Chevrolet Onix Onix 1.0 LT manual,2025,76790.0,35343.0,SP,Ribeirão Preto,Branco,manual,LC,False,False,2796993,2796993,https://img2.icarros.com/dbimg/imgadicionalanuncio/1/478594919_1.jpg,onix,chevrolet,2026-05-12T23:06:34.754209,004517-9,ONIX HATCH LT 1.0 12V Flex 5p Mec.,73087.0,3,exato,0.05066564505315583
56566745,https://www.icarros.com.br/comprar/ribeirao-preto-sp/chevrolet/onix/2025/d56566745,Chevrolet,Onix,1.0 Turbo LT manual,Chevrolet Onix Onix 1.0 Turbo LT manual,2025,77590.0,21935.0,SP,Ribeirão Preto,Preto,manual,LC,False,False,2796993,2796993,https://img2.icarros.com/dbimg/imgadicionalanuncio/1/468797667_1.jpg,onix,chevrolet,2026-05-12T23:06:34.754418,004512-8,ONIX HATCH LT 1.0 12V TB Flex 5p Mec.,84569.0,4,exato,-0.08252432924594118
56511468,https://www.icarros.com.br/comprar/ribeirao-preto-sp/chevrolet/onix/2025/d56511468,Chevrolet,Onix,1.0 Turbo LT manual,Chevrolet Onix Onix 1.0 Turbo LT manual,2025,77990.0,31670.0,SP,Ribeirão Preto,Cinza,manual,LC,False,False,2796993,2796993,https://img0.icarros.com/dbimg/imgadicionalanuncio/1/468181418_1.jpg,onix,chevrolet,2026-05-12T23:06:34.754631,004512-8,ONIX HATCH LT 1.0 12V TB Flex 5p Mec.,84569.0,4,exato,-0.07779446369236954
56566700,https://www.icarros.com.br/comprar/ribeirao-preto-sp/chevrolet/onix/2024/d56566700,Chevrolet,Onix,1.0 Turbo LTZ (Aut) automático,Chevrolet Onix Onix 1.0 Turbo LTZ (Aut) automático,2024,85790.0,56408.0,SP,Ribeirão Preto,Preto,automático,LC,False,False,2796993,2796993,https://img2.icarros.com/dbimg/imgadicionalanuncio/1/468797214_1.jpg,onix,chevrolet,2026-05-12T23:06:34.754843,004515-2,ONIX HATCH LTZ 1.0 12V TB Flex 5p Aut.,86456.0,4,exato,-0.007703340427500694
56566749,https://www.icarros.com.br/comprar/ribeirao-preto-sp/chevrolet/onix/2023/d56566749,Chevrolet,Onix,1.0 Turbo Premier R7M/R7R (Aut) automático,Chevrolet Onix Onix 1.0 Turbo Premier R7M/R7R (Aut) automático,2023,85790.0,51744.0,SP,Ribeirão Preto,Branco,automático,LC,False,False,2796993,2796993,https://img0.icarros.com/dbimg/imgadicionalanuncio/1/468797698_1.jpg,onix,chevrolet,2026-05-12T23:06:34.755064,004516-0,ONIX HATCH PREM. 1.0 12V TB Flex 5p Aut.,81986.0,4,exato,0.04639816554045813
56566737,https://www.icarros.com.br/comprar/ribeirao-preto-sp/chevrolet/onix/2023/d56566737,Chevrolet,Onix,1.0 Turbo LTZ R7I automático,Chevrolet Onix Onix 1.0 Turbo LTZ R7I automático,2023,85890.0,37332.0,SP,Ribeirão Preto,Cinza,automático,LC,False,False,2796993,2796993,https://img0.icarros.com/dbimg/imgadicionalanuncio/1/468797568_1.jpg,onix,chevrolet,2026-05-12T23:06:34.755277,004515-2,ONIX HATCH LTZ 1.0 12V TB Flex 5p Aut.,81167.0,4,exato,0.058188672736456934
56566753,https://www.icarros.com.br/comprar/ribeirao-preto-sp/chevrolet/onix/2024/d56566753,Chevrolet,Onix,1.0 Turbo LTZ (Aut) automático,Chevrolet Onix Onix 1.0 Turbo LTZ (Aut) automático,2024,86490.0,50394.0,SP,Ribeirão Preto,Cinza,automático,LC,False,False,2796993,2796993,https://img1.icarros.com/dbimg/imgadicionalanuncio/1/468797727_1.jpg,onix,chevrolet,2026-05-12T23:06:34.755489,004515-2,ONIX HATCH LTZ 1.0 12V TB Flex 5p Aut.,86456.0,4,exato,0.00039326362542796336
56566702,https://www.icarros.com.br/comprar/ribeirao-preto-sp/chevrolet/onix/2024/d56566702,Chevrolet,Onix,1.0 Turbo LTZ (Aut) automático,Chevrolet Onix Onix 1.0 Turbo LTZ (Aut) automático,2024,87890.0,61756.0,SP,Ribeirão Preto,Prata,automático,LC,False,False,2796993,2796993,https://img1.icarros.com/dbimg/imgadicionalanuncio/1/468797227_1.jpg,onix,chevrolet,2026-05-12T23:06:34.755699,004515-2,ONIX HATCH LTZ 1.0 12V TB Flex 5p Aut.,86456.0,4,exato,0.016586471731285277
56786003,https://www.icarros.com.br/comprar/ribeirao-preto-sp/chevrolet/onix/2024/d56786003,Chevrolet,Onix,1.0 Turbo LTZ (Aut) automático,Chevrolet Onix Onix 1.0 Turbo LTZ (Aut) automático,2024,87890.0,47753.0,SP,Ribeirão Preto,Prata,automático,LC,False,False,2796993,2796993,https://img2.icarros.com/dbimg/imgadicionalanuncio/1/471264064_1.jpg,onix,chevrolet,2026-05-12T23:06:34.755914,004515-2,ONIX HATCH LTZ 1.0 12V TB Flex 5p Aut.,86456.0,4,exato,0.016586471731285277
57492162,https://www.icarros.com.br/comprar/ribeirao-preto-sp/chevrolet/onix/2024/d57492162,Chevrolet,Onix,1.0 Turbo LTZ (Aut) automático,Chevrolet Onix Onix 1.0 Turbo LTZ (Aut) automático,2024,88390.0,44654.0,SP,Ribeirão Preto,Cinza,automático,LC,False,False,2796993,2796993,https://img0.icarros.com/dbimg/imgadicionalanuncio/1/478601441_1.jpg,onix,chevrolet,2026-05-12T23:06:34.756146,004515-2,ONIX HATCH LTZ 1.0 12V TB Flex 5p Aut.,86456.0,4,exato,0.022369760340520035
56566757,https://www.icarros.com.br/comprar/ribeirao-preto-sp/chevrolet/onix/2025/d56566757,Chevrolet,Onix,1.0 Turbo LT (Aut) automático,Chevrolet Onix Onix 1.0 Turbo LT (Aut) automático,2025,99190.0,20752.0,SP,Ribeirão Preto,Preto,automático,LC,False,False,2796993,2796993,https://img2.icarros.com/dbimg/imgadicionalanuncio/1/468797778_1.jpg,onix,chevrolet,2026-05-12T23:06:34.756366,004514-4,ONIX HATCH LT 1.0 12V TB Flex 5p Aut.,95184.0,4,exato,0.042086905362245755
57512185,https://www.icarros.com.br/comprar/hortolandia-sp/chevrolet/onix/2018/d57512185,Chevrolet,Onix,1.0 LT SPE/4 manual,Chevrolet Onix Onix 1.0 LT SPE/4 manual,2018,44990.0,136000.0,SP,Hortolândia,Cinza,manual,PJ,False,False,1216534,1216534,https://img1.icarros.com/dbimg/imgadicionalanuncio/1/478808741_1.jpg,onix,chevrolet,2026-05-12T23:06:34.834949,004424-5,ONIX HATCH LT 1.0 8V FlexPower 5p Mec.,52146.0,3,exato,-0.13723008476201434
56720394,https://www.icarros.com.br/comprar/ribeirao-preto-sp/chevrolet/onix/2024/d56720394,Chevrolet,Onix,1.0 Turbo LTZ (Aut) automático,Chevrolet Onix Onix 1.0 Turbo LTZ (Aut) automático,2024,81900.0,60000.0,SP,Ribeirão Preto,Azul,automático,PJ,False,False,2090102,2090102,https://img0.icarros.com/dbimg/imgadicionalanuncio/1/470520754_1.jpg,onix,chevrolet,2026-05-12T23:06:34.835398,004515-2,ONIX HATCH LTZ 1.0 12V TB Flex 5p Aut.,86456.0,4,exato,-0.05269732580734709
57478539,https://www.icarros.com.br/comprar/marilia-sp/chevrolet/onix/2025/d57478539,Chevrolet,Onix,1.0 LT manual,Chevrolet Onix Onix 1.0 LT manual,2025,68990.0,53330.0,SP,Marília,Cinza,manual,LC,False,False,1574328,1574328,https://img0.icarros.com/dbimg/imgadicionalanuncio/1/478466600_1.jpg,onix,chevrolet,2026-05-12T23:06:34.836028,004517-9,ONIX HATCH LT 1.0 12V Flex 5p Mec.,73087.0,3,exato,-0.05605648063267065
57478581,https://www.icarros.com.br/comprar/marilia-sp/chevrolet/onix/2025/d57478581,Chevrolet,Onix,1.0 LT manual,Chevrolet Onix Onix 1.0 LT manual,2025,71690.0,48519.0,SP,Marília,Prata,manual,LC,False,False,1574328,1574328,https://img0.icarros.com/dbimg/imgadicionalanuncio/1/478467012_1.jpg,onix,chevrolet,2026-05-12T23:06:34.836235,004517-9,ONIX HATCH LT 1.0 12V Flex 5p Mec.,73087.0,3,exato,-0.01911420635680764
56350991,https://www.icarros.com.br/comprar/marilia-sp/chevrolet/onix/2024/d56350991,Chevrolet,Onix,1.0 LT manual,Chevrolet Onix Onix 1.0 LT manual,2024,72790.0,49184.0,SP,Marília,Azul,manual,LC,False,False,1574328,1574328,https://img2.icarros.com/dbimg/imgadicionalanuncio/1/466481876_1.jpg,onix,chevrolet,2026-05-12T23:06:34.836445,004517-9,ONIX HATCH LT 1.0 12V Flex 5p Mec.,69666.0,3,exato,0.04484253437831941
57481395,https://www.icarros.com.br/comprar/marilia-sp/chevrolet/onix/2023/d57481395,Chevrolet,Onix,1.0 manual,Chevrolet Onix Onix 1.0 manual,2023,73990.0,33825.0,SP,Marília,Branco,manual,LC,False,False,1574328,1574328,https://img0.icarros.com/dbimg/imgadicionalanuncio/1/478495040_1.jpg,onix,chevrolet,2026-05-12T23:06:34.836651,004519-5,ONIX HATCH 1.0 12V Flex 5p Mec.,67522.0,2,fuzzy,0.09579100145137881
57478500,https://www.icarros.com.br/comprar/marilia-sp/chevrolet/onix/2025/d57478500,Chevrolet,Onix,1.0 LT manual,Chevrolet Onix Onix 1.0 LT manual,2025,74490.0,47278.0,SP,Marília,Prata,manual,LC,False,False,1574328,1574328,https://img0.icarros.com/dbimg/imgadicionalanuncio/1/478466207_1.jpg,onix,chevrolet,2026-05-12T23:06:34.836853,004517-9,ONIX HATCH LT 1.0 12V Flex 5p Mec.,73087.0,3,exato,0.01919630029964289
57478467,https://www.icarros.com.br/comprar/marilia-sp/chevrolet/onix/2025/d57478467,Chevrolet,Onix,1.0 LT manual,Chevrolet Onix Onix 1.0 LT manual,2025,74490.0,40751.0,SP,Marília,Vermelho,manual,LC,False,False,1574328,1574328,https://img0.icarros.com/dbimg/imgadicionalanuncio/1/478465859_1.jpg,onix,chevrolet,2026-05-12T23:06:34.837055,004517-9,ONIX HATCH LT 1.0 12V Flex 5p Mec.,73087.0,3,exato,0.01919630029964289
57487304,https://www.icarros.com.br/comprar/marilia-sp/chevrolet/onix/2025/d57487304,Chevrolet,Onix,1.0 LT manual,Chevrolet Onix Onix 1.0 LT manual,2025,74490.0,48068.0,SP,Marília,Vermelho,manual,LC,False,False,1574328,1574328,https://img2.icarros.com/dbimg/imgadicionalanuncio/1/478553518_1.jpg,onix,chevrolet,2026-05-12T23:06:34.837260,004517-9,ONIX HATCH LT 1.0 12V Flex 5p Mec.,73087.0,3,exato,0.01919630029964289
57487275,https://www.icarros.com.br/comprar/marilia-sp/chevrolet/onix/2025/d57487275,Chevrolet,Onix,1.0 LT manual,Chevrolet Onix Onix 1.0 LT manual,2025,74490.0,40259.0,SP,Marília,Branco,manual,LC,False,False,1574328,1574328,https://img0.icarros.com/dbimg/imgadicionalanuncio/1/478553286_1.jpg,onix,chevrolet,2026-05-12T23:06:34.837467,004517-9,ONIX HATCH LT 1.0 12V Flex 5p Mec.,73087.0,3,exato,0.01919630029964289
57487286,https://www.icarros.com.br/comprar/marilia-sp/chevrolet/onix/2025/d57487286,Chevrolet,Onix,1.0 LT manual,Chevrolet Onix Onix 1.0 LT manual,2025,74490.0,42056.0,SP,Marília,Preto,manual,LC,False,False,1574328,1574328,https://img2.icarros.com/dbimg/imgadicionalanuncio/1/478553352_1.jpg,onix,chevrolet,2026-05-12T23:06:34.837673,004517-9,ONIX HATCH LT 1.0 12V Flex 5p Mec.,73087.0,3,exato,0.01919630029964289
57487196,https://www.icarros.com.br/comprar/marilia-sp/chevrolet/onix/2025/d57487196,Chevrolet,Onix,1.0 LT manual,Chevrolet Onix Onix 1.0 LT manual,2025,74590.0,45264.0,SP,Marília,Prata,manual,LC,False,False,1574328,1574328,https://img2.icarros.com/dbimg/imgadicionalanuncio/1/478552524_1.jpg,onix,chevrolet,2026-05-12T23:06:34.837877,004517-9,ONIX HATCH LT 1.0 12V Flex 5p Mec.,73087.0,3,exato,0.02056453268023041
57487334,https://www.icarros.com.br/comprar/marilia-sp/chevrolet/onix/2025/d57487334,Chevrolet,Onix,1.0 LT manual,Chevrolet Onix Onix 1.0 LT manual,2025,76090.0,38536.0,SP,Marília,Branco,manual,LC,False,False,1574328,1574328,https://img2.icarros.com/dbimg/imgadicionalanuncio/1/478553842_1.jpg,onix,chevrolet,2026-05-12T23:06:34.838214,004517-9,ONIX HATCH LT 1.0 12V Flex 5p Mec.,73087.0,3,exato,0.0410880183890432
57497110,https://www.icarros.com.br/comprar/marilia-sp/chevrolet/onix/2025/d57497110,Chevrolet,Onix,1.0 LT manual,Chevrolet Onix Onix 1.0 LT manual,2025,76590.0,37039.0,SP,Marília,Branco,manual,LC,False,False,1574328,1574328,https://img1.icarros.com/dbimg/imgadicionalanuncio/1/478652465_1.jpg,onix,chevrolet,2026-05-12T23:06:34.838532,004517-9,ONIX HATCH LT 1.0 12V Flex 5p Mec.,73087.0,3,exato,0.04792918029198079
57478309,https://www.icarros.com.br/comprar/marilia-sp/chevrolet/onix/2025/d57478309,Chevrolet,Onix,1.0 LT manual,Chevrolet Onix Onix 1.0 LT manual,2025,77090.0,31962.0,SP,Marília,Branco,manual,LC,False,False,1574328,1574328,https://img1.icarros.com/dbimg/imgadicionalanuncio/1/478464329_1.jpg,onix,chevrolet,2026-05-12T23:06:34.838790,004517-9,ONIX HATCH LT 1.0 12V Flex 5p Mec.,73087.0,3,exato,0.05477034219491839
56367070,https://www.icarros.com.br/comprar/marilia-sp/chevrolet/onix/2024/d56367070,Chevrolet,Onix,1.0 Turbo LTZ (Aut) automático,Chevrolet Onix Onix 1.0 Turbo LTZ (Aut) automático,2024,87690.0,48460.0,SP,Marília,Azul,automático,LC,False,False,1574328,1574328,https://img1.icarros.com/dbimg/imgadicionalanuncio/1/466643664_1.jpg,onix,chevrolet,2026-05-12T23:06:34.839059,004515-2,ONIX HATCH LTZ 1.0 12V TB Flex 5p Aut.,86456.0,4,exato,0.014273156287591376
57484065,https://www.icarros.com.br/comprar/marilia-sp/chevrolet/onix/2023/d57484065,Chevrolet,Onix,1.0 Turbo LTZ R7I automático,Chevrolet Onix Onix 1.0 Turbo LTZ R7I automático,2023,87990.0,36945.0,SP,Marília,Azul,automático,LC,False,False,1574328,1574328,https://img0.icarros.com/dbimg/imgadicionalanuncio/1/478521621_1.jpg,onix,chevrolet,2026-05-12T23:06:34.839320,004515-2,ONIX HATCH LTZ 1.0 12V TB Flex 5p Aut.,81167.0,4,exato,0.08406125642194488
57484063,https://www.icarros.com.br/comprar/marilia-sp/chevrolet/onix/2025/d57484063,Chevrolet,Onix,1.0 Turbo LT (Aut) automático,Chevrolet Onix Onix 1.0 Turbo LT (Aut) automático,2025,93690.0,16593.0,SP,Marília,Preto,automático,LC,False,False,1574328,1574328,https://img1.icarros.com/dbimg/imgadicionalanuncio/1/478521608_1.jpg,onix,chevrolet,2026-05-12T23:06:34.917360,004514-4,ONIX HATCH LT 1.0 12V TB Flex 5p Aut.,95184.0,4,exato,-0.015695915279878972
57478435,https://www.icarros.com.br/comprar/marilia-sp/chevrolet/onix/2025/d57478435,Chevrolet,Onix,1.0 Turbo LTZ (Aut) automático,Chevrolet Onix Onix 1.0 Turbo LTZ (Aut) automático,2025,96690.0,50692.0,SP,Marília,Branco,automático,LC,False,False,1574328,1574328,https://img1.icarros.com/dbimg/imgadicionalanuncio/1/478465574_1.jpg,onix,chevrolet,2026-05-12T23:06:34.917587,004515-2,ONIX HATCH LTZ 1.0 12V TB Flex 5p Aut.,97110.0,4,exato,-0.004324992276799506
56860508,https://www.icarros.com.br/comprar/ribeirao-preto-sp/chevrolet/onix/2017/d56860508,Chevrolet,Onix,1.4 LT SPE/4 manual,Chevrolet Onix Onix 1.4 LT SPE/4 manual,2017,59900.0,200.0,SP,Ribeirão Preto,Branco,manual,PJ,False,False,2780072,2780072,https://img2.icarros.com/dbimg/imgadicionalanuncio/1/472131486_1.jpg,onix,chevrolet,2026-05-12T23:06:34.917794,004425-3,ONIX HATCH LT 1.4 8V FlexPower 5p Mec.,54640.0,3,exato,0.09626647144948755
57227164,https://www.icarros.com.br/comprar/sao-paulo-sp/chevrolet/onix/2023/d57227164,Chevrolet,Onix,1.0 Turbo LT manual,Chevrolet Onix Onix 1.0 Turbo LT manual,2023,75900.0,39000.0,SP,São Paulo,Prata,manual,PJ,False,False,128949,128949,https://img1.icarros.com/dbimg/imgadicionalanuncio/1/475929798_1.jpg,onix,chevrolet,2026-05-12T23:06:34.918003,004512-8,ONIX HATCH LT 1.0 12V TB Flex 5p Mec.,71872.0,4,exato,0.056044078361531614
56631265,https://www.icarros.com.br/comprar/sorocaba-sp/chevrolet/onix/2015/d56631265,Chevrolet,Onix,1.0 LT SPE/4 manual,Chevrolet Onix Onix 1.0 LT SPE/4 manual,2015,49890.0,160000.0,SP,Sorocaba,Branco,manual,PJ,False,False,2322245,2322245,https://img1.icarros.com/dbimg/imgadicionalanuncio/1/469521022_1.jpg,onix,chevrolet,2026-05-12T23:06:34.918218,004424-5,ONIX HATCH LT 1.0 8V FlexPower 5p Mec.,42788.0,3,exato,0.16598111620080397
56837253,https://www.icarros.com.br/comprar/campinas-sp/chevrolet/onix/2019/d56837253,Chevrolet,Onix,1.4 Advantage SPE/4 (Aut) automático,Chevrolet Onix Onix 1.4 Advantage SPE/4 (Aut) automático,2019,66990.0,118000.0,SP,Campinas,Prata,automático,PJ,False,False,34438,34438,https://img0.icarros.com/dbimg/imgadicionalanuncio/1/471872908_1.jpg,onix,chevrolet,2026-05-12T23:06:34.919270,004488-1,ONIX HATCH ADVANTAGE 1.4 8V Flex 5p Aut.,66492.0,3,exato,0.007489622811766829
56779135,https://www.icarros.com.br/comprar/cabreuva-sp/chevrolet/onix/2020/d56779135,Chevrolet,Onix,1.0 Turbo LTZ (Aut) automático,Chevrolet Onix Onix 1.0 Turbo LTZ (Aut) automático,2020,68900.0,78787.0,SP,Cabreúva,Vermelho,automático,PJ,False,False,2333922,2333922,https://img1.icarros.com/dbimg/imgadicionalanuncio/1/471184148_1.jpg,onix,chevrolet,2026-05-12T23:06:34.919685,004515-2,ONIX HATCH LTZ 1.0 12V TB Flex 5p Aut.,66782.0,4,exato,0.031715132820221016
56829843,https://www.icarros.com.br/comprar/barretos-sp/chevrolet/onix/2024/d56829843,Chevrolet,Onix,1.0 Turbo LT manual,Chevrolet Onix Onix 1.0 Turbo LT manual,2024,72990.0,64644.0,SP,Barretos,Branco,manual,PJ,False,False,2430188,2430188,https://img0.icarros.com/dbimg/imgadicionalanuncio/1/471791109_1.jpg,onix,chevrolet,2026-05-12T23:06:34.919880,004512-8,ONIX HATCH LT 1.0 12V TB Flex 5p Mec.,77596.0,4,exato,-0.05935872983143461
56332563,https://www.icarros.com.br/comprar/limeira-sp/chevrolet/onix/2017/d56332563,Chevrolet,Onix,1.0 Joy SPE/4 manual,Chevrolet Onix Onix 1.0 Joy SPE/4 manual,2017,49900.0,140000.0,SP,Limeira,Cinza,manual,PJ,False,False,761380,761380,https://img0.icarros.com/dbimg/imgadicionalanuncio/1/466280574_1.jpg,onix,chevrolet,2026-05-12T23:06:34.920285,004473-3,ONIX HATCH Joy 1.0 8V Flex 5p Mec.,44979.0,3,exato,0.10940661197447697
56683750,https://www.icarros.com.br/comprar/descalvado-sp/chevrolet/onix/2020/d56683750,Chevrolet,Onix,1.0 Turbo Premier (Aut) automático,Chevrolet Onix Onix 1.0 Turbo Premier (Aut) automático,2020,72000.0,70000.0,SP,Descalvado,Branco,automático,PJ,False,False,184669,184669,https://img1.icarros.com/dbimg/imgadicionalanuncio/1/470118375_1.jpg,onix,chevrolet,2026-05-12T23:06:34.920485,004516-0,ONIX HATCH PREM. 1.0 12V TB Flex 5p Aut.,68750.0,4,exato,0.04727272727272727
56887973,https://www.icarros.com.br/comprar/ribeirao-preto-sp/chevrolet/onix/2021/d56887973,Chevrolet,Onix,1.0 Turbo Premier (Aut) automático,Chevrolet Onix Onix 1.0 Turbo Premier (Aut) automático,2021,73990.0,55000.0,SP,Ribeirão Preto,Azul,automático,PJ,False,False,2090202,2090202,https://img2.icarros.com/dbimg/imgadicionalanuncio/1/472443106_1.jpg,onix,chevrolet,2026-05-12T23:06:35.004354,004516-0,ONIX HATCH PREM. 1.0 12V TB Flex 5p Aut.,71662.0,4,exato,0.03248583628701404
57484705,https://www.icarros.com.br/comprar/mogi-das-cruzes-sp/chevrolet/onix/2023/d57484705,Chevrolet,Onix,1.0 manual,Chevrolet Onix Onix 1.0 manual,2023,70890.0,43790.0,SP,Mogi das Cruzes,Branco,manual,LC,False,False,2562325,2562325,https://img1.icarros.com/dbimg/imgadicionalanuncio/1/478527872_1.jpg,onix,chevrolet,2026-05-12T23:06:35.004672,004519-5,ONIX HATCH 1.0 12V Flex 5p Mec.,67522.0,2,fuzzy,0.04988003909836794
57487511,https://www.icarros.com.br/comprar/mogi-das-cruzes-sp/chevrolet/onix/2024/d57487511,Chevrolet,Onix,1.0 LT manual,Chevrolet Onix Onix 1.0 LT manual,2024,71290.0,41000.0,SP,Mogi das Cruzes,Branco,manual,LC,False,False,2562325,2562325,https://img2.icarros.com/dbimg/imgadicionalanuncio/1/478555594_1.jpg,onix,chevrolet,2026-05-12T23:06:35.004941,004517-9,ONIX HATCH LT 1.0 12V Flex 5p Mec.,69666.0,3,exato,0.023311227858639795
57487458,https://www.icarros.com.br/comprar/mogi-das-cruzes-sp/chevrolet/onix/2025/d57487458,Chevrolet,Onix,1.0 LT manual,Chevrolet Onix Onix 1.0 LT manual,2025,74090.0,54490.0,SP,Mogi das Cruzes,Branco,manual,LC,False,False,2562325,2562325,https://img0.icarros.com/dbimg/imgadicionalanuncio/1/478555051_1.jpg,onix,chevrolet,2026-05-12T23:06:35.005198,004517-9,ONIX HATCH LT 1.0 12V Flex 5p Mec.,73087.0,3,exato,0.013723370777292816
57487680,https://www.icarros.com.br/comprar/mogi-das-cruzes-sp/chevrolet/onix/2025/d57487680,Chevrolet,Onix,1.0 LT manual,Chevrolet Onix Onix 1.0 LT manual,2025,74490.0,45523.0,SP,Mogi das Cruzes,Vermelho,manual,LC,False,False,2562325,2562325,https://img0.icarros.com/dbimg/imgadicionalanuncio/1/478557273_1.jpg,onix,chevrolet,2026-05-12T23:06:35.005458,004517-9,ONIX HATCH LT 1.0 12V Flex 5p Mec.,73087.0,3,exato,0.01919630029964289
57503789,https://www.icarros.com.br/comprar/mogi-das-cruzes-sp/chevrolet/onix/2025/d57503789,Chevrolet,Onix,1.0 LT manual,Chevrolet Onix Onix 1.0 LT manual,2025,74790.0,37714.0,SP,Mogi das Cruzes,Preto,manual,LC,False,False,2562325,2562325,https://img2.icarros.com/dbimg/imgadicionalanuncio/1/478722533_1.jpg,onix,chevrolet,2026-05-12T23:06:35.005706,004517-9,ONIX HATCH LT 1.0 12V Flex 5p Mec.,73087.0,3,exato,0.023300997441405447
57485031,https://www.icarros.com.br/comprar/mogi-das-cruzes-sp/chevrolet/onix/2023/d57485031,Chevrolet,Onix,1.0 Turbo LTZ R7I automático,Chevrolet Onix Onix 1.0 Turbo LTZ R7I automático,2023,83990.0,52838.0,SP,Mogi das Cruzes,Vermelho,automático,LC,False,False,2562325,2562325,https://img0.icarros.com/dbimg/imgadicionalanuncio/1/478531152_1.jpg,onix,chevrolet,2026-05-12T23:06:35.005976,004515-2,ONIX HATCH LTZ 1.0 12V TB Flex 5p Aut.,81167.0,4,exato,0.03478014464006308
57487506,https://www.icarros.com.br/comprar/mogi-das-cruzes-sp/chevrolet/onix/2024/d57487506,Chevrolet,Onix,1.0 Turbo LTZ (Aut) automático,Chevrolet Onix Onix 1.0 Turbo LTZ (Aut) automático,2024,87990.0,45617.0,SP,Mogi das Cruzes,Branco,automático,LC,False,False,2562325,2562325,https://img0.icarros.com/dbimg/imgadicionalanuncio/1/478555551_1.jpg,onix,chevrolet,2026-05-12T23:06:35.006223,004515-2,ONIX HATCH LTZ 1.0 12V TB Flex 5p Aut.,86456.0,4,exato,0.01774312945313223
57178480,https://www.icarros.com.br/comprar/sao-jose-dos-campos-sp/chevrolet/onix/2018/d57178480,Chevrolet,Onix,1.0 Joy SPE/4 manual,Chevrolet Onix Onix 1.0 Joy SPE/4 manual,2018,49900.0,109880.0,SP,São José dos Campos,Cinza,manual,PJ,False,False,2582072,2582072,https://img1.icarros.com/dbimg/imgadicionalanuncio/1/476655444_1.jpg,onix,chevrolet,2026-05-12T23:06:35.006472,004473-3,ONIX HATCH Joy 1.0 8V Flex 5p Mec.,46104.0,3,exato,0.0823355891028978
57361492,https://www.icarros.com.br/comprar/sao-jose-dos-campos-sp/chevrolet/onix/2018/d57361492,Chevrolet,Onix,1.0 Joy SPE/4 manual,Chevrolet Onix Onix 1.0 Joy SPE/4 manual,2018,49900.0,94150.0,SP,São José dos Campos,Preto,manual,PJ,False,False,2582072,2582072,https://img1.icarros.com/dbimg/imgadicionalanuncio/1/477286466_1.jpg,onix,chevrolet,2026-05-12T23:06:35.006703,004473-3,ONIX HATCH Joy 1.0 8V Flex 5p Mec.,46104.0,3,exato,0.0823355891028978
56620616,https://www.icarros.com.br/comprar/campinas-sp/chevrolet/onix/2024/d56620616,Chevrolet,Onix,1.0 LT manual,Chevrolet Onix Onix 1.0 LT manual,2024,66990.0,70309.0,SP,Campinas,Cinza,manual,PJ,False,False,2034894,2034894,https://img2.icarros.com/dbimg/imgadicionalanuncio/1/469398670_1.jpg,onix,chevrolet,2026-05-12T23:06:35.154553,004517-9,ONIX HATCH LT 1.0 12V Flex 5p Mec.,69666.0,3,exato,-0.03841185083110843
56759440,https://www.icarros.com.br/comprar/campinas-sp/chevrolet/onix/2023/d56759440,Chevrolet,Onix,1.0 LT manual,Chevrolet Onix Onix 1.0 LT manual,2023,69990.0,83386.0,SP,Campinas,Branco,manual,PJ,False,False,2034894,2034894,https://img1.icarros.com/dbimg/imgadicionalanuncio/1/470967718_1.jpg,onix,chevrolet,2026-05-12T23:06:35.154761,004517-9,ONIX HATCH LT 1.0 12V Flex 5p Mec.,66395.0,3,exato,0.054145643497251296
56867849,https://www.icarros.com.br/comprar/americana-sp/chevrolet/onix/2018/d56867849,Chevrolet,Onix,1.4 LTZ SPE/4 manual,Chevrolet Onix Onix 1.4 LTZ SPE/4 manual,2018,63900.0,90000.0,SP,Americana,Branco,manual,PJ,False,False,37228,37228,https://img2.icarros.com/dbimg/imgadicionalanuncio/1/472208783_1.jpg,onix,chevrolet,2026-05-12T23:06:35.155062,004426-1,ONIX HATCH LTZ 1.4 8V FlexPower 5p Mec.,61042.0,3,exato,0.04682022214213165
56893879,https://www.icarros.com.br/comprar/sao-jose-dos-campos-sp/chevrolet/onix/2025/d56893879,Chevrolet,Onix,1.0 Turbo Premier (Aut) automático,Chevrolet Onix Onix 1.0 Turbo Premier (Aut) automático,2025,104900.0,17000.0,SP,São José dos Campos,Branco,automático,PJ,False,False,2521247,2521247,https://img1.icarros.com/dbimg/imgadicionalanuncio/1/472511339_1.jpg,onix,chevrolet,2026-05-12T23:06:35.236877,004516-0,ONIX HATCH PREM. 1.0 12V TB Flex 5p Aut.,97697.0,4,exato,0.07372795479902146
56721324,https://www.icarros.com.br/comprar/braganca-paulista-sp/chevrolet/onix/2014/d56721324,Chevrolet,Onix,1.4 LTZ SPE/4 manual,Chevrolet Onix Onix 1.4 LTZ SPE/4 manual,2014,49900.0,136310.0,SP,Bragança Paulista,Azul,manual,PJ,False,False,2632169,2632169,/comum/ids/images/anuncio-sem-foto.png,onix,chevrolet,2026-05-12T23:06:35.237088,004426-1,ONIX HATCH LTZ 1.4 8V FlexPower 5p Mec.,48775.0,3,exato,0.023065094823167605
57484783,https://www.icarros.com.br/comprar/americana-sp/chevrolet/onix/2025/d57484783,Chevrolet,Onix,1.0 LT manual,Chevrolet Onix Onix 1.0 LT manual,2025,73190.0,65866.0,SP,Americana,Cinza,manual,LC,False,False,1967053,1967053,https://img1.icarros.com/dbimg/imgadicionalanuncio/1/478528700_1.jpg,onix,chevrolet,2026-05-12T23:06:35.237298,004517-9,ONIX HATCH LT 1.0 12V Flex 5p Mec.,73087.0,3,exato,0.0014092793520051445
57477445,https://www.icarros.com.br/comprar/americana-sp/chevrolet/onix/2025/d57477445,Chevrolet,Onix,1.0 LT manual,Chevrolet Onix Onix 1.0 LT manual,2025,74490.0,45928.0,SP,Americana,Branco,manual,LC,False,False,1967053,1967053,https://img1.icarros.com/dbimg/imgadicionalanuncio/1/478455647_1.jpg,onix,chevrolet,2026-05-12T23:06:35.237510,004517-9,ONIX HATCH LT 1.0 12V Flex 5p Mec.,73087.0,3,exato,0.01919630029964289
57490215,https://www.icarros.com.br/comprar/americana-sp/chevrolet/onix/2025/d57490215,Chevrolet,Onix,1.0 LT manual,Chevrolet Onix Onix 1.0 LT manual,2025,76090.0,38684.0,SP,Americana,Branco,manual,LC,False,False,1967053,1967053,https://img0.icarros.com/dbimg/imgadicionalanuncio/1/478582196_1.jpg,onix,chevrolet,2026-05-12T23:06:35.237719,004517-9,ONIX HATCH LT 1.0 12V Flex 5p Mec.,73087.0,3,exato,0.0410880183890432
57490187,https://www.icarros.com.br/comprar/americana-sp/chevrolet/onix/2025/d57490187,Chevrolet,Onix,1.0 LT manual,Chevrolet Onix Onix 1.0 LT manual,2025,76590.0,37179.0,SP,Americana,Preto,manual,LC,False,False,1967053,1967053,https://img2.icarros.com/dbimg/imgadicionalanuncio/1/478581959_1.jpg,onix,chevrolet,2026-05-12T23:06:35.237932,004517-9,ONIX HATCH LT 1.0 12V Flex 5p Mec.,73087.0,3,exato,0.04792918029198079
56345926,https://www.icarros.com.br/comprar/americana-sp/chevrolet/onix/2025/d56345926,Chevrolet,Onix,1.0 Turbo LT manual,Chevrolet Onix Onix 1.0 Turbo LT manual,2025,81190.0,71562.0,SP,Americana,Preto,manual,LC,False,False,1967053,1967053,https://img1.icarros.com/dbimg/imgadicionalanuncio/1/466423252_1.jpg,onix,chevrolet,2026-05-12T23:06:35.238140,004512-8,ONIX HATCH LT 1.0 12V TB Flex 5p Mec.,84569.0,4,exato,-0.03995553926379643
56738206,https://www.icarros.com.br/comprar/americana-sp/chevrolet/onix/2024/d56738206,Chevrolet,Onix,1.0 Turbo LTZ (Aut) automático,Chevrolet Onix Onix 1.0 Turbo LTZ (Aut) automático,2024,89490.0,34397.0,SP,Americana,Branco,automático,LC,False,False,1967053,1967053,https://img1.icarros.com/dbimg/imgadicionalanuncio/1/470722503_1.jpg,onix,chevrolet,2026-05-12T23:06:35.238348,004515-2,ONIX HATCH LTZ 1.0 12V TB Flex 5p Aut.,86456.0,4,exato,0.035092995280836495
56378920,https://www.icarros.com.br/comprar/americana-sp/chevrolet/onix/2024/d56378920,Chevrolet,Onix,1.0 Turbo LTZ (Aut) automático,Chevrolet Onix Onix 1.0 Turbo LTZ (Aut) automático,2024,96790.0,14793.0,SP,Americana,Cinza,automático,LC,False,False,1967053,1967053,https://img1.icarros.com/dbimg/imgadicionalanuncio/1/466774019_1.jpg,onix,chevrolet,2026-05-12T23:06:35.238558,004515-2,ONIX HATCH LTZ 1.0 12V TB Flex 5p Aut.,86456.0,4,exato,0.11952900897566392
57490169,https://www.icarros.com.br/comprar/americana-sp/chevrolet/onix/2025/d57490169,Chevrolet,Onix,1.0 Turbo LTZ (Aut) automático,Chevrolet Onix Onix 1.0 Turbo LTZ (Aut) automático,2025,98490.0,40189.0,SP,Americana,Branco,automático,LC,False,False,1967053,1967053,https://img2.icarros.com/dbimg/imgadicionalanuncio/1/478581754_1.jpg,onix,chevrolet,2026-05-12T23:06:35.238780,004515-2,ONIX HATCH LTZ 1.0 12V TB Flex 5p Aut.,97110.0,4,exato,0.01421068890948409
57392363,https://www.icarros.com.br/comprar/sao-paulo-sp/chevrolet/onix/2017/d57392363,Chevrolet,Onix,1.4 Activ SPE/4 (Aut) automático,Chevrolet Onix Onix 1.4 Activ SPE/4 (Aut) automático,2017,63990.0,34000.0,SP,São Paulo,Preto,automático,PJ,False,False,372177,372177,https://img2.icarros.com/dbimg/imgadicionalanuncio/1/477595942_1.jpg,onix,chevrolet,2026-05-12T23:06:35.238965,004471-7,ONIX HATCH ACTIV 1.4 8V Flex 5P Aut.,63569.0,3,exato,0.006622724913086567
57392371,https://www.icarros.com.br/comprar/sao-paulo-sp/chevrolet/onix/2025/d57392371,Chevrolet,Onix,1.0 Turbo LTZ (Aut) automático,Chevrolet Onix Onix 1.0 Turbo LTZ (Aut) automático,2025,91990.0,36000.0,SP,São Paulo,Cinza,automático,PJ,False,False,372177,372177,https://img1.icarros.com/dbimg/imgadicionalanuncio/1/477596045_1.jpg,onix,chevrolet,2026-05-12T23:06:35.239179,004515-2,ONIX HATCH LTZ 1.0 12V TB Flex 5p Aut.,97110.0,4,exato,-0.05272371537431778
57348272,https://www.icarros.com.br/comprar/franca-sp/chevrolet/onix/2023/d57348272,Chevrolet,Onix,1.0 LT manual,Chevrolet Onix Onix 1.0 LT manual,2023,63900.0,74290.0,SP,Franca,Preto,manual,PJ,False,False,1364540,1364540,https://img2.icarros.com/dbimg/imgadicionalanuncio/1/477398757_1.jpg,onix,chevrolet,2026-05-12T23:06:35.317739,004517-9,ONIX HATCH LT 1.0 12V Flex 5p Mec.,66395.0,3,exato,-0.03757813088334965
56811385,https://www.icarros.com.br/comprar/sao-jose-do-rio-preto-sp/chevrolet/onix/2015/d56811385,Chevrolet,Onix,1.0 LS SPE/4 manual,Chevrolet Onix Onix 1.0 LS SPE/4 manual,2015,44900.0,107975.0,SP,São José do Rio Preto,Branco,manual,PJ,False,False,2325948,2325948,https://img1.icarros.com/dbimg/imgadicionalanuncio/1/471575749_1.jpg,onix,chevrolet,2026-05-12T23:06:35.318570,004423-7,ONIX HATCH LS 1.0 8V FlexPower 5p Mec.,42985.0,3,exato,0.04455042456670932
56202583,https://www.icarros.com.br/comprar/hortolandia-sp/chevrolet/onix/2017/d56202583,Chevrolet,Onix,1.4 LTZ SPE/4 (Aut) automático,Chevrolet Onix Onix 1.4 LTZ SPE/4 (Aut) automático,2017,69900.0,142190.0,SP,Hortolândia,Preto,automático,PJ,False,False,2478797,2478797,https://img1.icarros.com/dbimg/imgadicionalanuncio/1/466648842_1.jpg,onix,chevrolet,2026-05-12T23:06:35.318780,004439-3,ONIX HATCH LTZ 1.4 8V FlexPower 5p Aut.,62844.0,3,exato,0.1122780217681879
56857259,https://www.icarros.com.br/comprar/hortolandia-sp/chevrolet/onix/2025/d56857259,Chevrolet,Onix,1.0 LT manual,Chevrolet Onix Onix 1.0 LT manual,2025,71900.0,44274.0,SP,Hortolândia,Branco,manual,PJ,False,False,2478797,2478797,https://img2.icarros.com/dbimg/imgadicionalanuncio/1/472094247_1.jpg,onix,chevrolet,2026-05-12T23:06:35.318989,004517-9,ONIX HATCH LT 1.0 12V Flex 5p Mec.,73087.0,3,exato,-0.01624091835757385
56809497,https://www.icarros.com.br/comprar/hortolandia-sp/chevrolet/onix/2024/d56809497,Chevrolet,Onix,1.0 Turbo LT manual,Chevrolet Onix Onix 1.0 Turbo LT manual,2024,75900.0,59000.0,SP,Hortolândia,Azul,manual,PJ,False,False,2478797,2478797,https://img0.icarros.com/dbimg/imgadicionalanuncio/1/471553631_1.jpg,onix,chevrolet,2026-05-12T23:06:35.319201,004512-8,ONIX HATCH LT 1.0 12V TB Flex 5p Mec.,77596.0,4,exato,-0.02185679674210011
56386683,https://www.icarros.com.br/comprar/hortolandia-sp/chevrolet/onix/2024/d56386683,Chevrolet,Onix,1.0 Turbo LTZ (Aut) automático,Chevrolet Onix Onix 1.0 Turbo LTZ (Aut) automático,2024,82900.0,77599.0,SP,Hortolândia,Branco,automático,PJ,False,False,2478797,2478797,https://img0.icarros.com/dbimg/imgadicionalanuncio/1/466852945_1.jpg,onix,chevrolet,2026-05-12T23:06:35.319409,004515-2,ONIX HATCH LTZ 1.0 12V TB Flex 5p Aut.,86456.0,4,exato,-0.04113074858887758
56892606,https://www.icarros.com.br/comprar/atibaia-sp/chevrolet/onix/2024/d56892606,Chevrolet,Onix,1.0 Turbo LTZ (Aut) automático,Chevrolet Onix Onix 1.0 Turbo LTZ (Aut) automático,2024,86900.0,49162.0,SP,Atibaia,Prata,automático,PJ,False,False,1022128,1022128,https://img0.icarros.com/dbimg/imgadicionalanuncio/1/472494685_1.jpg,onix,chevrolet,2026-05-12T23:06:35.399084,004515-2,ONIX HATCH LTZ 1.0 12V TB Flex 5p Aut.,86456.0,4,exato,0.005135560285000462
56985122,https://www.icarros.com.br/comprar/sorocaba-sp/chevrolet/onix/2013/d56985122,Chevrolet,Onix,1.0 LT SPE/4 manual,Chevrolet Onix Onix 1.0 LT SPE/4 manual,2013,44900.0,184023.0,SP,Sorocaba,Branco,manual,PJ,False,False,1156179,1156179,https://img2.icarros.com/dbimg/imgadicionalanuncio/1/473475829_1.jpg,onix,chevrolet,2026-05-12T23:06:35.399574,004424-5,ONIX HATCH LT 1.0 8V FlexPower 5p Mec.,40445.0,3,exato,0.11014958585733713
56833910,https://www.icarros.com.br/comprar/sao-jose-dos-campos-sp/chevrolet/onix/2022/d56833910,Chevrolet,Onix,1.0 Turbo LT (Aut) automático,Chevrolet Onix Onix 1.0 Turbo LT (Aut) automático,2022,75890.0,38000.0,SP,São José dos Campos,Preto,automático,PJ,False,False,1590434,1590434,https://img2.icarros.com/dbimg/imgadicionalanuncio/1/471836844_1.jpg,onix,chevrolet,2026-05-12T23:06:35.399989,004514-4,ONIX HATCH LT 1.0 12V TB Flex 5p Aut.,71611.0,4,exato,0.05975338984234266
57362114,https://www.icarros.com.br/comprar/sao-paulo-sp/chevrolet/onix/2024/d57362114,Chevrolet,Onix,1.0 Turbo LTZ (Aut) automático,Chevrolet Onix Onix 1.0 Turbo LTZ (Aut) automático,2024,86980.0,31000.0,SP,São Paulo,Preto,automático,PJ,False,False,162967,162967,https://img2.icarros.com/dbimg/imgadicionalanuncio/1/477292862_1.jpg,onix,chevrolet,2026-05-12T23:06:35.400199,004515-2,ONIX HATCH LTZ 1.0 12V TB Flex 5p Aut.,86456.0,4,exato,0.0060608864624780235
56660557,https://www.icarros.com.br/comprar/mogi-guacu-sp/chevrolet/onix/2017/d56660557,Chevrolet,Onix,1.4 LTZ SPE/4 (Aut) automático,Chevrolet Onix Onix 1.4 LTZ SPE/4 (Aut) automático,2017,65990.0,,SP,Mogi Guaçu,Branco,automático,PJ,False,False,2591147,2591147,https://img1.icarros.com/dbimg/imgadicionalanuncio/1/469852204_1.jpg,onix,chevrolet,2026-05-12T23:06:35.504920,004439-3,ONIX HATCH LTZ 1.4 8V FlexPower 5p Aut.,62844.0,3,exato,0.05006046718859398
56680040,https://www.icarros.com.br/comprar/rio-claro-sp/chevrolet/onix/2023/d56680040,Chevrolet,Onix,1.0 Turbo LT manual,Chevrolet Onix Onix 1.0 Turbo LT manual,2023,74900.0,47220.0,SP,Rio Claro,Prata,manual,PJ,False,False,635474,635474,https://img2.icarros.com/dbimg/imgadicionalanuncio/1/470075445_1.jpg,onix,chevrolet,2026-05-12T23:06:35.505289,004512-8,ONIX HATCH LT 1.0 12V TB Flex 5p Mec.,71872.0,4,exato,0.042130454140694565
56450886,https://www.icarros.com.br/comprar/sao-jose-do-rio-preto-sp/chevrolet/onix/2014/d56450886,Chevrolet,Onix,1.4 LT SPE/4 manual,Chevrolet Onix Onix 1.4 LT SPE/4 manual,2014,47900.0,125000.0,SP,São José do Rio Preto,Branco,manual,PJ,False,False,2576080,2576080,https://img0.icarros.com/dbimg/imgadicionalanuncio/1/467511271_1.jpg,onix,chevrolet,2026-05-12T23:06:35.505601,004425-3,ONIX HATCH LT 1.4 8V FlexPower 5p Mec.,44805.0,3,exato,0.06907711192947216
57217584,https://www.icarros.com.br/comprar/sao-paulo-sp/chevrolet/onix/2022/d57217584,Chevrolet,Onix,1.0 Turbo (Aut) automático,Chevrolet Onix Onix 1.0 Turbo (Aut) automático,2022,66999.0,125000.0,SP,São Paulo,Branco,automático,PJ,False,False,2567524,2567524,https://img0.icarros.com/dbimg/imgadicionalanuncio/1/477834875_1.jpg,onix,chevrolet,2026-05-12T23:06:35.507020,004511-0,ONIX HATCH 1.0 12V TB Flex 5p Aut.,68109.0,3,exato,-0.016297405629212
57485388,https://www.icarros.com.br/comprar/sao-paulo-sp/chevrolet/onix/2025/d57485388,Chevrolet,Onix,1.0 LT manual,Chevrolet Onix Onix 1.0 LT manual,2025,74190.0,44260.0,SP,São Paulo,Branco,manual,LC,False,False,2562310,2562310,https://img0.icarros.com/dbimg/imgadicionalanuncio/1/478534660_1.jpg,onix,chevrolet,2026-05-12T23:06:35.601440,004517-9,ONIX HATCH LT 1.0 12V Flex 5p Mec.,73087.0,3,exato,0.015091603157880334
57485437,https://www.icarros.com.br/comprar/sao-paulo-sp/chevrolet/onix/2025/d57485437,Chevrolet,Onix,1.0 LT manual,Chevrolet Onix Onix 1.0 LT manual,2025,75590.0,37417.0,SP,São Paulo,Prata,manual,LC,False,False,2562310,2562310,https://img1.icarros.com/dbimg/imgadicionalanuncio/1/478535129_1.jpg,onix,chevrolet,2026-05-12T23:06:35.601649,004517-9,ONIX HATCH LT 1.0 12V Flex 5p Mec.,73087.0,3,exato,0.0342468564861056
57353908,https://www.icarros.com.br/comprar/sao-paulo-sp/chevrolet/onix/2024/d57353908,Chevrolet,Onix,1.0 Turbo LTZ (Aut) automático,Chevrolet Onix Onix 1.0 Turbo LTZ (Aut) automático,2024,85490.0,56776.0,SP,São Paulo,Preto,automático,LC,False,False,2562310,2562310,https://img1.icarros.com/dbimg/imgadicionalanuncio/1/477211597_1.jpg,onix,chevrolet,2026-05-12T23:06:35.601863,004515-2,ONIX HATCH LTZ 1.0 12V TB Flex 5p Aut.,86456.0,4,exato,-0.011173313593041547
57353970,https://www.icarros.com.br/comprar/sao-paulo-sp/chevrolet/onix/2024/d57353970,Chevrolet,Onix,1.0 Turbo LT automático,Chevrolet Onix Onix 1.0 Turbo LT automático,2024,102890.0,13400.0,SP,São Paulo,Preto,automático,LC,False,False,2562310,2562310,https://img0.icarros.com/dbimg/imgadicionalanuncio/1/477212086_1.jpg,onix,chevrolet,2026-05-12T23:06:35.602067,004514-4,ONIX HATCH LT 1.0 12V TB Flex 5p Aut.,82967.0,4,exato,0.24013161859534513
56330746,https://www.icarros.com.br/comprar/campinas-sp/chevrolet/onix/2021/d56330746,Chevrolet,Onix,1.0 Turbo Premier (Aut) automático,Chevrolet Onix Onix 1.0 Turbo Premier (Aut) automático,2021,68900.0,107000.0,SP,Campinas,Vermelho,automático,PJ,False,False,2002215,2002215,https://img1.icarros.com/dbimg/imgadicionalanuncio/1/466259804_1.jpg,onix,chevrolet,2026-05-12T23:06:35.602590,004516-0,ONIX HATCH PREM. 1.0 12V TB Flex 5p Aut.,71662.0,4,exato,-0.03854204459825291
56439483,https://www.icarros.com.br/comprar/mogi-guacu-sp/chevrolet/onix/2019/d56439483,Chevrolet,Onix,1.4 LT SPE/4 manual,Chevrolet Onix Onix 1.4 LT SPE/4 manual,2019,64900.0,88000.0,SP,Mogi Guaçu,Branco,manual,PJ,False,False,829512,829512,https://img0.icarros.com/dbimg/imgadicionalanuncio/1/467393978_1.jpg,onix,chevrolet,2026-05-12T23:06:35.603284,004425-3,ONIX HATCH LT 1.4 8V FlexPower 5p Mec.,59819.0,3,exato,0.08493956769588258
56701384,https://www.icarros.com.br/comprar/campinas-sp/chevrolet/onix/2018/d56701384,Chevrolet,Onix,1.0 LT SPE/4 manual,Chevrolet Onix Onix 1.0 LT SPE/4 manual,2018,56990.0,820000.0,SP,Campinas,Branco,manual,PJ,False,False,116818,116818,https://img1.icarros.com/dbimg/imgadicionalanuncio/1/470314717_1.jpg,onix,chevrolet,2026-05-12T23:06:35.683476,004424-5,ONIX HATCH LT 1.0 8V FlexPower 5p Mec.,52146.0,3,exato,0.09289303110497449
56734697,https://www.icarros.com.br/comprar/campinas-sp/chevrolet/onix/2019/d56734697,Chevrolet,Onix,1.4 LTZ SPE/4 (Aut) automático,Chevrolet Onix Onix 1.4 LTZ SPE/4 (Aut) automático,2019,57990.0,99408.0,SP,Campinas,Branco,automático,PJ,False,False,116818,116818,https://img2.icarros.com/dbimg/imgadicionalanuncio/1/470681825_1.jpg,onix,chevrolet,2026-05-12T23:06:35.683681,004439-3,ONIX HATCH LTZ 1.4 8V FlexPower 5p Aut.,66478.0,3,exato,-0.1276813381870694
56882873,https://www.icarros.com.br/comprar/santo-andre-sp/chevrolet/onix/2024/d56882873,Chevrolet,Onix,1.0 Turbo LTZ (Aut) automático,Chevrolet Onix Onix 1.0 Turbo LTZ (Aut) automático,2024,89890.0,26785.0,SP,Santo André,Prata,automático,PJ,False,False,36711,36711,https://img2.icarros.com/dbimg/imgadicionalanuncio/1/472386028_1.jpg,onix,chevrolet,2026-05-12T23:06:35.684087,004515-2,ONIX HATCH LTZ 1.0 12V TB Flex 5p Aut.,86456.0,4,exato,0.0397196261682243
57495662,https://www.icarros.com.br/comprar/praia-grande-sp/chevrolet/onix/2021/d57495662,Chevrolet,Onix,1.0 Turbo LTZ (Aut) automático,Chevrolet Onix Onix 1.0 Turbo LTZ (Aut) automático,2021,69900.0,82000.0,SP,Praia Grande,Prata,automático,PJ,False,False,2734638,2734638,https://img2.icarros.com/dbimg/imgadicionalanuncio/1/478744699_1.jpg,onix,chevrolet,2026-05-12T23:06:35.684684,004515-2,ONIX HATCH LTZ 1.0 12V TB Flex 5p Aut.,68892.0,4,exato,0.014631597282703362
56480208,https://www.icarros.com.br/comprar/valinhos-sp/chevrolet/onix/2025/d56480208,Chevrolet,Onix,1.0 LT manual,Chevrolet Onix Onix 1.0 LT manual,2025,73900.0,47191.0,SP,Valinhos,Branco,manual,PJ,False,False,920805,920805,https://img0.icarros.com/dbimg/imgadicionalanuncio/1/467820251_1.jpg,onix,chevrolet,2026-05-12T23:06:35.684881,004517-9,ONIX HATCH LT 1.0 12V Flex 5p Mec.,73087.0,3,exato,0.01112372925417653
57159501,https://www.icarros.com.br/comprar/franca-sp/chevrolet/onix/2017/d57159501,Chevrolet,Onix,1.0 LT SPE/4 manual,Chevrolet Onix Onix 1.0 LT SPE/4 manual,2017,51900.0,121000.0,SP,Franca,Prata,manual,PJ,False,False,2105672,2105672,https://img0.icarros.com/dbimg/imgadicionalanuncio/1/475235909_1.jpg,onix,chevrolet,2026-05-12T23:06:35.685101,004424-5,ONIX HATCH LT 1.0 8V FlexPower 5p Mec.,50731.0,3,exato,0.023043109735664584
56816072,https://www.icarros.com.br/comprar/sao-carlos-sp/chevrolet/onix/2019/d56816072,Chevrolet,Onix,1.4 LT SPE/4 manual,Chevrolet Onix Onix 1.4 LT SPE/4 manual,2019,59000.0,111111.0,SP,São Carlos,Prata,manual,PJ,False,False,1216539,1216539,https://img2.icarros.com/dbimg/imgadicionalanuncio/1/471628971_1.jpg,onix,chevrolet,2026-05-12T23:06:35.767129,004425-3,ONIX HATCH LT 1.4 8V FlexPower 5p Mec.,59819.0,3,exato,-0.0136913020946522
55168710,https://www.icarros.com.br/comprar/sao-carlos-sp/chevrolet/onix/2023/d55168710,Chevrolet,Onix,1.0 Turbo LT manual,Chevrolet Onix Onix 1.0 Turbo LT manual,2023,76900.0,47000.0,SP,São Carlos,Branco,manual,PJ,False,False,1216539,1216539,https://img0.icarros.com/dbimg/imgadicionalanuncio/1/461314340_1.jpg,onix,chevrolet,2026-05-12T23:06:35.767345,004512-8,ONIX HATCH LT 1.0 12V TB Flex 5p Mec.,71872.0,4,exato,0.06995770258236865
56384003,https://www.icarros.com.br/comprar/sao-bernardo-do-campo-sp/chevrolet/onix/2018/d56384003,Chevrolet,Onix,1.4 LTZ SPE/4 (Aut) automático,Chevrolet Onix Onix 1.4 LTZ SPE/4 (Aut) automático,2018,68900.0,78648.0,SP,São Bernardo do Campo,Prata,automático,PJ,False,False,2337271,2337271,https://img2.icarros.com/dbimg/imgadicionalanuncio/1/466825052_1.jpg,onix,chevrolet,2026-05-12T23:06:35.768641,004439-3,ONIX HATCH LTZ 1.4 8V FlexPower 5p Aut.,64856.0,3,exato,0.06235352164795856
56831846,https://www.icarros.com.br/comprar/sao-paulo-sp/chevrolet/onix/2023/d56831846,Chevrolet,Onix,1.0 Turbo LTZ R7I manual,Chevrolet Onix Onix 1.0 Turbo LTZ R7I manual,2023,72900.0,53000.0,SP,São Paulo,Branco,manual,PJ,False,False,2453960,2453960,https://img2.icarros.com/dbimg/imgadicionalanuncio/1/471813744_1.jpg,onix,chevrolet,2026-05-12T23:06:35.768850,004513-6,ONIX HATCH LTZ 1.0 12V TB Flex 5p Mec.,73757.0,4,exato,-0.011619236140298549
57297410,https://www.icarros.com.br/comprar/osasco-sp/chevrolet/onix/2014/d57297410,Chevrolet,Onix,1.0 LT SPE/4 manual,Chevrolet Onix Onix 1.0 LT SPE/4 manual,2014,44900.0,103272.0,SP,Osasco,Vermelho,manual,PJ,False,False,33497,33497,https://img2.icarros.com/dbimg/imgadicionalanuncio/1/476638259_1.jpg,onix,chevrolet,2026-05-12T23:06:35.769059,004424-5,ONIX HATCH LT 1.0 8V FlexPower 5p Mec.,41457.0,3,exato,0.08304990713269171
56750057,https://www.icarros.com.br/comprar/sao-jose-do-rio-preto-sp/chevrolet/onix/2023/d56750057,Chevrolet,Onix,1.0 Turbo LTZ manual,Chevrolet Onix Onix 1.0 Turbo LTZ manual,2023,76900.0,88000.0,SP,São José do Rio Preto,Branco,manual,PJ,False,False,2268469,2268469,https://img2.icarros.com/dbimg/imgadicionalanuncio/1/470858356_1.jpg,onix,chevrolet,2026-05-12T23:06:35.848491,004513-6,ONIX HATCH LTZ 1.0 12V TB Flex 5p Mec.,73757.0,4,exato,0.04261290453787437
56913944,https://www.icarros.com.br/comprar/guarulhos-sp/chevrolet/onix/2013/d56913944,Chevrolet,Onix,1.0 LT SPE/4 manual,Chevrolet Onix Onix 1.0 LT SPE/4 manual,2013,41900.0,123000.0,SP,Guarulhos,Preto,manual,PJ,False,False,2395904,2395904,https://img2.icarros.com/dbimg/imgadicionalanuncio/1/472716811_1.jpg,onix,chevrolet,2026-05-12T23:06:35.848929,004424-5,ONIX HATCH LT 1.0 8V FlexPower 5p Mec.,40445.0,3,exato,0.035974780566201014
57457861,https://www.icarros.com.br/comprar/guarulhos-sp/chevrolet/onix/2016/d57457861,Chevrolet,Onix,1.0 LS SPE/4 manual,Chevrolet Onix Onix 1.0 LS SPE/4 manual,2016,44900.0,112000.0,SP,Guarulhos,Branco,manual,PJ,False,False,2395904,2395904,https://img1.icarros.com/dbimg/imgadicionalanuncio/1/478257879_1.jpg,onix,chevrolet,2026-05-12T23:06:35.849144,004423-7,ONIX HATCH LS 1.0 8V FlexPower 5p Mec.,44120.0,3,exato,0.017679057116953764
56913941,https://www.icarros.com.br/comprar/guarulhos-sp/chevrolet/onix/2022/d56913941,Chevrolet,Onix,1.0 LT manual,Chevrolet Onix Onix 1.0 LT manual,2022,64900.0,122000.0,SP,Guarulhos,Preto,manual,PJ,False,False,2395904,2395904,https://img2.icarros.com/dbimg/imgadicionalanuncio/1/472716790_1.jpg,onix,chevrolet,2026-05-12T23:06:35.849357,004517-9,ONIX HATCH LT 1.0 12V Flex 5p Mec.,62969.0,3,exato,0.030665883212374342
54605112,https://www.icarros.com.br/comprar/campinas-sp/chevrolet/onix/2025/d54605112,Chevrolet,Onix,1.0 manual,Chevrolet Onix Onix 1.0 manual,2025,69990.0,63630.0,SP,Campinas,Prata,manual,PJ,False,False,1449102,1449102,https://img0.icarros.com/dbimg/imgadicionalanuncio/1/469400607_1.jpg,onix,chevrolet,2026-05-12T23:06:35.850201,004519-5,ONIX HATCH 1.0 12V Flex 5p Mec.,71220.0,2,fuzzy,-0.017270429654591406
53741998,https://www.icarros.com.br/comprar/campinas-sp/chevrolet/onix/2025/d53741998,Chevrolet,Onix,1.0 manual,Chevrolet Onix Onix 1.0 manual,2025,69990.0,37004.0,SP,Campinas,Prata,manual,PJ,False,False,1449102,1449102,https://img1.icarros.com/dbimg/imgadicionalanuncio/1/469400046_1.jpg,onix,chevrolet,2026-05-12T23:06:35.850408,004519-5,ONIX HATCH 1.0 12V Flex 5p Mec.,71220.0,2,fuzzy,-0.017270429654591406
56054771,https://www.icarros.com.br/comprar/campinas-sp/chevrolet/onix/2025/d56054771,Chevrolet,Onix,1.0 manual,Chevrolet Onix Onix 1.0 manual,2025,69990.0,36694.0,SP,Campinas,Prata,manual,PJ,False,False,1449102,1449102,https://img2.icarros.com/dbimg/imgadicionalanuncio/1/469401179_1.jpg,onix,chevrolet,2026-05-12T23:06:35.850616,004519-5,ONIX HATCH 1.0 12V Flex 5p Mec.,71220.0,2,fuzzy,-0.017270429654591406
53739673,https://www.icarros.com.br/comprar/campinas-sp/chevrolet/onix/2025/d53739673,Chevrolet,Onix,1.0 manual,Chevrolet Onix Onix 1.0 manual,2025,69990.0,33309.0,SP,Campinas,Prata,manual,PJ,False,False,1449102,1449102,https://img1.icarros.com/dbimg/imgadicionalanuncio/1/469400197_1.jpg,onix,chevrolet,2026-05-12T23:06:35.850822,004519-5,ONIX HATCH 1.0 12V Flex 5p Mec.,71220.0,2,fuzzy,-0.017270429654591406
55189750,https://www.icarros.com.br/comprar/campinas-sp/chevrolet/onix/2025/d55189750,Chevrolet,Onix,1.0 manual,Chevrolet Onix Onix 1.0 manual,2025,69990.0,39347.0,SP,Campinas,Vermelho,manual,PJ,False,False,1449102,1449102,https://img1.icarros.com/dbimg/imgadicionalanuncio/1/469399829_1.jpg,onix,chevrolet,2026-05-12T23:06:35.851032,004519-5,ONIX HATCH 1.0 12V Flex 5p Mec.,71220.0,2,fuzzy,-0.017270429654591406
56304212,https://www.icarros.com.br/comprar/campinas-sp/chevrolet/onix/2020/d56304212,Chevrolet,Onix,1.0 Turbo LTZ (Aut) automático,Chevrolet Onix Onix 1.0 Turbo LTZ (Aut) automático,2020,69990.0,133920.0,SP,Campinas,Prata,automático,PJ,False,False,1449102,1449102,https://img2.icarros.com/dbimg/imgadicionalanuncio/1/469405723_1.jpg,onix,chevrolet,2026-05-12T23:06:35.851241,004515-2,ONIX HATCH LTZ 1.0 12V TB Flex 5p Aut.,66782.0,4,exato,0.048036896169626545
57107026,https://www.icarros.com.br/comprar/campinas-sp/chevrolet/onix/2026/d57107026,Chevrolet,Onix,1.0 manual,Chevrolet Onix Onix 1.0 manual,2026,87640.0,0.0,SP,Campinas,Preto,manual,PJ,False,False,1449102,1449102,https://img1.icarros.com/dbimg/imgadicionalanuncio/1/474708018_1.jpg,onix,chevrolet,2026-05-12T23:06:35.851441,004519-5,ONIX HATCH 1.0 12V Flex 5p Mec.,82413.0,2,fuzzy,0.06342445973329451
56621330,https://www.icarros.com.br/comprar/campinas-sp/chevrolet/onix/2024/d56621330,Chevrolet,Onix,1.0 Turbo Premier (Aut) automático,Chevrolet Onix Onix 1.0 Turbo Premier (Aut) automático,2024,92990.0,56098.0,SP,Campinas,Branco,automático,PJ,False,False,1449102,1449102,https://img2.icarros.com/dbimg/imgadicionalanuncio/1/469406994_1.jpg,onix,chevrolet,2026-05-12T23:06:35.851648,004516-0,ONIX HATCH PREM. 1.0 12V TB Flex 5p Aut.,91270.0,4,exato,0.018845184617070233
56815882,https://www.icarros.com.br/comprar/osasco-sp/chevrolet/onix/2021/d56815882,Chevrolet,Onix,1.0 LT (Flex) manual,Chevrolet Onix Onix 1.0 LT (Flex) manual,2021,62000.0,148000.0,SP,Osasco,Branco,manual,PJ,False,False,32718,32718,https://img1.icarros.com/dbimg/imgadicionalanuncio/1/471626415_1.jpg,onix,chevrolet,2026-05-12T23:06:35.993328,004517-9,ONIX HATCH LT 1.0 12V Flex 5p Mec.,59730.0,3,exato,0.038004352921479995
56374454,https://www.icarros.com.br/comprar/sao-jose-dos-campos-sp/chevrolet/onix/2024/d56374454,Chevrolet,Onix,1.0 Turbo LT (Aut) automático,Chevrolet Onix Onix 1.0 Turbo LT (Aut) automático,2024,86900.0,32000.0,SP,São José dos Campos,Cinza,automático,PJ,False,False,1893665,1893665,https://img2.icarros.com/dbimg/imgadicionalanuncio/1/466727382_1.jpg,onix,chevrolet,2026-05-12T23:06:35.994788,004514-4,ONIX HATCH LT 1.0 12V TB Flex 5p Aut.,82967.0,4,exato,0.04740438969710849
56608705,https://www.icarros.com.br/comprar/sao-paulo-sp/chevrolet/onix/2019/d56608705,Chevrolet,Onix,1.4 LTZ SPE/4 (Aut) automático,Chevrolet Onix Onix 1.4 LTZ SPE/4 (Aut) automático,2019,69900.0,79000.0,SP,São Paulo,Cinza,automático,PJ,False,False,718391,718391,https://img1.icarros.com/dbimg/imgadicionalanuncio/1/469270815_1.jpg,onix,chevrolet,2026-05-12T23:06:36.078548,004439-3,ONIX HATCH LTZ 1.4 8V FlexPower 5p Aut.,66478.0,3,exato,0.05147567616354282
56704317,https://www.icarros.com.br/comprar/sao-paulo-sp/chevrolet/onix/2023/d56704317,Chevrolet,Onix,1.0 Turbo Premier (Aut) automático,Chevrolet Onix Onix 1.0 Turbo Premier (Aut) automático,2023,79900.0,37946.0,SP,São Paulo,Preto,automático,PJ,False,False,718391,718391,https://img0.icarros.com/dbimg/imgadicionalanuncio/1/470347746_1.jpg,onix,chevrolet,2026-05-12T23:06:36.156379,004516-0,ONIX HATCH PREM. 1.0 12V TB Flex 5p Aut.,81986.0,4,exato,-0.025443368379967312
56394137,https://www.icarros.com.br/comprar/indaiatuba-sp/chevrolet/onix/2015/d56394137,Chevrolet,Onix,1.0 LT SPE/4 manual,Chevrolet Onix Onix 1.0 LT SPE/4 manual,2015,45990.0,115000.0,SP,Indaiatuba,Vermelho,manual,PJ,False,False,2681766,2681766,https://img2.icarros.com/dbimg/imgadicionalanuncio/1/466931363_1.jpg,onix,chevrolet,2026-05-12T23:06:36.156629,004424-5,ONIX HATCH LT 1.0 8V FlexPower 5p Mec.,42788.0,3,exato,0.07483406562587641
56618798,https://www.icarros.com.br/comprar/sorocaba-sp/chevrolet/onix/2021/d56618798,Chevrolet,Onix,1.0 Turbo Premier (Aut) automático,Chevrolet Onix Onix 1.0 Turbo Premier (Aut) automático,2021,76900.0,179715.0,SP,Sorocaba,Prata,automático,PJ,False,False,1187377,1187377,https://img2.icarros.com/dbimg/imgadicionalanuncio/1/469380514_1.jpg,onix,chevrolet,2026-05-12T23:06:36.156855,004516-0,ONIX HATCH PREM. 1.0 12V TB Flex 5p Aut.,71662.0,4,exato,0.07309313164578159
56593852,https://www.icarros.com.br/comprar/leme-sp/chevrolet/onix/2024/d56593852,Chevrolet,Onix,1.0 Turbo RS (Aut) automático,Chevrolet Onix Onix 1.0 Turbo RS (Aut) automático,2024,97790.0,21380.0,SP,Leme,Branco,automático,PJ,False,False,83911,83911,https://img1.icarros.com/dbimg/imgadicionalanuncio/1/472155604_1.jpg,onix,chevrolet,2026-05-12T23:06:36.157069,004530-6,ONIX HATCH RS 1.0 TB 12V Flex 5p Aut.,88902.0,4,exato,0.09997525365008661
56770521,https://www.icarros.com.br/comprar/sao-paulo-sp/chevrolet/onix/2024/d56770521,Chevrolet,Onix,1.0 LT manual,Chevrolet Onix Onix 1.0 LT manual,2024,77990.0,28900.0,SP,São Paulo,Branco,manual,PJ,False,False,36753,36753,https://img0.icarros.com/dbimg/imgadicionalanuncio/1/471086594_1.jpg,onix,chevrolet,2026-05-12T23:06:36.157737,004517-9,ONIX HATCH LT 1.0 12V Flex 5p Mec.,69666.0,3,exato,0.11948439697987541
56889070,https://www.icarros.com.br/comprar/cosmopolis-sp/chevrolet/onix/2015/d56889070,Chevrolet,Onix,1.4 LTZ SPE/4 manual,Chevrolet Onix Onix 1.4 LTZ SPE/4 manual,2015,54900.0,129000.0,SP,Cosmópolis,Cinza,manual,PJ,False,False,650013,650013,https://img1.icarros.com/dbimg/imgadicionalanuncio/1/472457052_1.jpg,onix,chevrolet,2026-05-12T23:06:36.157980,004426-1,ONIX HATCH LTZ 1.4 8V FlexPower 5p Mec.,50366.0,3,exato,0.09002104594369217
56773363,https://www.icarros.com.br/comprar/limeira-sp/chevrolet/onix/2017/d56773363,Chevrolet,Onix,1.4 Activ SPE/4 (Aut) automático,Chevrolet Onix Onix 1.4 Activ SPE/4 (Aut) automático,2017,65900.0,117689.0,SP,Limeira,Preto,automático,PJ,False,False,2792965,2792965,https://img1.icarros.com/dbimg/imgadicionalanuncio/1/471117314_1.jpg,onix,chevrolet,2026-05-12T23:06:36.159147,004471-7,ONIX HATCH ACTIV 1.4 8V Flex 5P Aut.,63569.0,3,exato,0.036668816561531564
56966285,https://www.icarros.com.br/comprar/sao-jose-do-rio-preto-sp/chevrolet/onix/2014/d56966285,Chevrolet,Onix,1.4 LT SPE/4 (Aut) manual,Chevrolet Onix Onix 1.4 LT SPE/4 (Aut) manual,2014,52900.0,123000.0,SP,São José do Rio Preto,Branco,manual,PJ,False,False,2814110,2814110,https://img2.icarros.com/dbimg/imgadicionalanuncio/1/473270381_1.jpg,onix,chevrolet,2026-05-12T23:06:36.159372,004425-3,ONIX HATCH LT 1.4 8V FlexPower 5p Mec.,44805.0,3,exato,0.18067180002231895
56832943,https://www.icarros.com.br/comprar/campinas-sp/chevrolet/onix/2018/d56832943,Chevrolet,Onix,1.0 Joy SPE/4 manual,Chevrolet Onix Onix 1.0 Joy SPE/4 manual,2018,46990.0,179500.0,SP,Campinas,Branco,manual,PJ,False,False,2797004,2797004,https://img1.icarros.com/dbimg/imgadicionalanuncio/1/471825923_1.jpg,onix,chevrolet,2026-05-12T23:06:36.159574,004473-3,ONIX HATCH Joy 1.0 8V Flex 5p Mec.,46104.0,3,exato,0.019217421481867083
56839344,https://www.icarros.com.br/comprar/campinas-sp/chevrolet/onix/2015/d56839344,Chevrolet,Onix,1.0 LT SPE/4 manual,Chevrolet Onix Onix 1.0 LT SPE/4 manual,2015,47990.0,139000.0,SP,Campinas,Prata,manual,PJ,False,False,2797004,2797004,https://img0.icarros.com/dbimg/imgadicionalanuncio/1/471896307_1.jpg,onix,chevrolet,2026-05-12T23:06:36.159790,004424-5,ONIX HATCH LT 1.0 8V FlexPower 5p Mec.,42788.0,3,exato,0.12157614284378798
56881818,https://www.icarros.com.br/comprar/sao-jose-do-rio-preto-sp/chevrolet/onix/2017/d56881818,Chevrolet,Onix,1.0 Joy SPE/4 manual,Chevrolet Onix Onix 1.0 Joy SPE/4 manual,2017,49900.0,90000.0,SP,São José do Rio Preto,Branco,manual,PJ,False,False,2518880,2518880,https://img0.icarros.com/dbimg/imgadicionalanuncio/1/472373282_1.jpg,onix,chevrolet,2026-05-12T23:06:36.160010,004473-3,ONIX HATCH Joy 1.0 8V Flex 5p Mec.,44979.0,3,exato,0.10940661197447697
56663001,https://www.icarros.com.br/comprar/bauru-sp/chevrolet/onix/2022/d56663001,Chevrolet,Onix,1.0 Turbo LT (Aut) automático,Chevrolet Onix Onix 1.0 Turbo LT (Aut) automático,2022,72900.0,64000.0,SP,Bauru,Cinza,automático,PJ,False,False,1848782,1848782,https://img0.icarros.com/dbimg/imgadicionalanuncio/1/469882670_1.jpg,onix,chevrolet,2026-05-12T23:06:36.160217,004514-4,ONIX HATCH LT 1.0 12V TB Flex 5p Aut.,71611.0,4,exato,0.018000027928670177
56737789,https://www.icarros.com.br/comprar/praia-grande-sp/chevrolet/onix/2019/d56737789,Chevrolet,Onix,1.4 Eco Activ SPE/4 (Aut) manual,Chevrolet Onix Onix 1.4 Eco Activ SPE/4 (Aut) manual,2019,69990.0,75.0,SP,Praia Grande,Vermelho,manual,PJ,False,False,1563961,1563961,https://img1.icarros.com/dbimg/imgadicionalanuncio/1/470717543_1.jpg,onix,chevrolet,2026-05-12T23:06:36.160421,004472-5,ONIX HATCH ACTIV 1.4 8V Flex 5p Mec.,66078.0,3,exato,0.05920276037410333
56829840,https://www.icarros.com.br/comprar/santo-andre-sp/chevrolet/onix/2015/d56829840,Chevrolet,Onix,1.0 LT SPE/4 manual,Chevrolet Onix Onix 1.0 LT SPE/4 manual,2015,53900.0,45350.0,SP,Santo André,Branco,manual,PJ,False,False,296148,296148,https://img0.icarros.com/dbimg/imgadicionalanuncio/1/471791056_1.jpg,onix,chevrolet,2026-05-12T23:06:36.237139,004424-5,ONIX HATCH LT 1.0 8V FlexPower 5p Mec.,42788.0,3,exato,0.25969898102271666
56350747,https://www.icarros.com.br/comprar/sao-paulo-sp/chevrolet/onix/2026/d56350747,Chevrolet,Onix,1.0 Turbo LTZ (Aut) automático,Chevrolet Onix Onix 1.0 Turbo LTZ (Aut) automático,2026,108890.0,0.0,SP,São Paulo,Prata,automático,PJ,False,False,360654,360654,https://img1.icarros.com/dbimg/imgadicionalanuncio/1/466479207_1.jpg,onix,chevrolet,2026-05-12T23:06:36.321038,004515-2,ONIX HATCH LTZ 1.0 12V TB Flex 5p Aut.,105938.0,4,exato,0.02786535520776303
56350745,https://www.icarros.com.br/comprar/sao-paulo-sp/chevrolet/onix/2026/d56350745,Chevrolet,Onix,1.0 Turbo Premier (Aut) automático,Chevrolet Onix Onix 1.0 Turbo Premier (Aut) automático,2026,114890.0,0.0,SP,São Paulo,Branco,automático,PJ,False,False,360654,360654,https://img2.icarros.com/dbimg/imgadicionalanuncio/1/466479203_1.jpg,onix,chevrolet,2026-05-12T23:06:36.321222,004516-0,ONIX HATCH PREM. 1.0 12V TB Flex 5p Aut.,111295.0,4,exato,0.0323015409497282
56428515,https://www.icarros.com.br/comprar/osasco-sp/chevrolet/onix/2025/d56428515,Chevrolet,Onix,1.0 Turbo (Aut) automático,Chevrolet Onix Onix 1.0 Turbo (Aut) automático,2025,85900.0,34000.0,SP,Osasco,Cinza,automático,PJ,False,False,2772855,2772855,https://img0.icarros.com/dbimg/imgadicionalanuncio/1/471729821_1.jpg,onix,chevrolet,2026-05-12T23:06:36.321426,004511-0,ONIX HATCH 1.0 12V TB Flex 5p Aut.,83959.0,3,exato,0.02311842685120118
57443296,https://www.icarros.com.br/comprar/botucatu-sp/chevrolet/onix/2025/d57443296,Chevrolet,Onix,1.0 LT manual,Chevrolet Onix Onix 1.0 LT manual,2025,79800.0,52000.0,SP,Botucatu,Preto,manual,PJ,False,False,2145349,2145349,https://img1.icarros.com/dbimg/imgadicionalanuncio/1/478110084_1.jpg,onix,chevrolet,2026-05-12T23:06:36.321847,004517-9,ONIX HATCH LT 1.0 12V Flex 5p Mec.,73087.0,3,exato,0.09184943970884014
57444028,https://www.icarros.com.br/comprar/matao-sp/chevrolet/onix/2018/d57444028,Chevrolet,Onix,1.4 LT SPE/4 manual,Chevrolet Onix Onix 1.4 LT SPE/4 manual,2018,59900.0,122000.0,SP,Matão,Branco,manual,PJ,False,False,1316444,1316444,https://img1.icarros.com/dbimg/imgadicionalanuncio/1/478117710_1.jpg,onix,chevrolet,2026-05-12T23:06:36.322057,004425-3,ONIX HATCH LT 1.4 8V FlexPower 5p Mec.,57800.0,3,exato,0.03633217993079585
57460548,https://www.icarros.com.br/comprar/ribeirao-pires-sp/chevrolet/onix/2013/d57460548,Chevrolet,Onix,1.0 LT SPE/4 manual,Chevrolet Onix Onix 1.0 LT SPE/4 manual,2013,44900.0,251968.0,SP,Ribeirão Pires,Branco,manual,PJ,False,False,2572629,2572629,https://img0.icarros.com/dbimg/imgadicionalanuncio/1/478285424_1.jpg,onix,chevrolet,2026-05-12T23:06:36.322274,004424-5,ONIX HATCH LT 1.0 8V FlexPower 5p Mec.,40445.0,3,exato,0.11014958585733713
56895927,https://www.icarros.com.br/comprar/sao-bernardo-do-campo-sp/chevrolet/onix/2014/d56895927,Chevrolet,Onix,1.0 LT SPE/4 manual,Chevrolet Onix Onix 1.0 LT SPE/4 manual,2014,39899.0,175000.0,SP,São Bernardo do Campo,Preto,manual,PJ,False,False,700061,700061,https://img0.icarros.com/dbimg/imgadicionalanuncio/1/472536918_1.jpg,onix,chevrolet,2026-05-12T23:06:36.322483,004424-5,ONIX HATCH LT 1.0 8V FlexPower 5p Mec.,41457.0,3,exato,-0.03758110813614106
56666730,https://www.icarros.com.br/comprar/sao-bernardo-do-campo-sp/chevrolet/onix/2023/d56666730,Chevrolet,Onix,1.0 LT manual,Chevrolet Onix Onix 1.0 LT manual,2023,64899.0,60000.0,SP,São Bernardo do Campo,Prata,manual,PJ,False,False,700061,700061,https://img0.icarros.com/dbimg/imgadicionalanuncio/1/469922114_1.jpg,onix,chevrolet,2026-05-12T23:06:36.322693,004517-9,ONIX HATCH LT 1.0 12V Flex 5p Mec.,66395.0,3,exato,-0.022531817154906243
56870750,https://www.icarros.com.br/comprar/indaiatuba-sp/chevrolet/onix/2023/d56870750,Chevrolet,Onix,1.0 manual,Chevrolet Onix Onix 1.0 manual,2023,59990.0,71209.0,SP,Indaiatuba,Prata,manual,PJ,False,False,124201,124201,https://img2.icarros.com/dbimg/imgadicionalanuncio/1/472244576_1.jpg,onix,chevrolet,2026-05-12T23:06:36.322913,004519-5,ONIX HATCH 1.0 12V Flex 5p Mec.,67522.0,2,fuzzy,-0.1115488285299606
56124905,https://www.icarros.com.br/comprar/indaiatuba-sp/chevrolet/onix/2024/d56124905,Chevrolet,Onix,1.0 Turbo LT manual,Chevrolet Onix Onix 1.0 Turbo LT manual,2024,74990.0,100441.0,SP,Indaiatuba,Azul,manual,PJ,False,False,124201,124201,https://img2.icarros.com/dbimg/imgadicionalanuncio/1/464101415_1.jpg,onix,chevrolet,2026-05-12T23:06:36.323125,004512-8,ONIX HATCH LT 1.0 12V TB Flex 5p Mec.,77596.0,4,exato,-0.033584205371410894
56963314,https://www.icarros.com.br/comprar/sao-carlos-sp/chevrolet/onix/2017/d56963314,Chevrolet,Onix,1.0 LT SPE/4 manual,Chevrolet Onix Onix 1.0 LT SPE/4 manual,2017,53900.0,97794.0,SP,São Carlos,Vermelho,manual,PJ,False,False,2333665,2333665,https://img1.icarros.com/dbimg/imgadicionalanuncio/1/473236761_1.jpg,onix,chevrolet,2026-05-12T23:06:36.398491,004424-5,ONIX HATCH LT 1.0 8V FlexPower 5p Mec.,50731.0,3,exato,0.06246673631507362
56651663,https://www.icarros.com.br/comprar/barueri-sp/chevrolet/onix/2024/d56651663,Chevrolet,Onix,1.0 Turbo Premier (Aut) manual,Chevrolet Onix Onix 1.0 Turbo Premier (Aut) manual,2024,90000.0,66000.0,SP,Barueri,Preto,manual,PJ,False,False,2363040,2363040,https://img2.icarros.com/dbimg/imgadicionalanuncio/1/469755053_1.jpg,onix,chevrolet,2026-05-12T23:06:36.398710,004512-8,ONIX HATCH LT 1.0 12V TB Flex 5p Mec.,77596.0,3,exato,0.15985360070106708
57238610,https://www.icarros.com.br/comprar/sorocaba-sp/chevrolet/onix/2019/d57238610,Chevrolet,Onix,1.4 Effect SPE/4 manual,Chevrolet Onix Onix 1.4 Effect SPE/4 manual,2019,66900.0,97000.0,SP,Sorocaba,Branco,manual,PJ,False,False,2278493,2278493,https://img2.icarros.com/dbimg/imgadicionalanuncio/1/476045184_1.jpg,onix,chevrolet,2026-05-12T23:06:36.399121,004460-1,ONIX HATCH EFFECT 1.4 8V F.Power 5p Mec.,63203.0,3,exato,0.058494058826321534
57303145,https://www.icarros.com.br/comprar/santo-andre-sp/chevrolet/onix/2024/d57303145,Chevrolet,Onix,1.0 Turbo RS (Aut) automático,Chevrolet Onix Onix 1.0 Turbo RS (Aut) automático,2024,89790.0,27000.0,SP,Santo André,Branco,automático,PJ,False,False,1344650,1344650,https://img1.icarros.com/dbimg/imgadicionalanuncio/1/476697234_1.jpg,onix,chevrolet,2026-05-12T23:06:36.399530,004530-6,ONIX HATCH RS 1.0 TB 12V Flex 5p Aut.,88902.0,4,exato,0.009988526692312883
56885374,https://www.icarros.com.br/comprar/ituverava-sp/chevrolet/onix/2023/d56885374,Chevrolet,Onix,1.0 Turbo LTZ manual,Chevrolet Onix Onix 1.0 Turbo LTZ manual,2023,79900.0,72000.0,SP,Ituverava,Prata,manual,PJ,False,False,2335157,2335157,,onix,chevrolet,2026-05-12T23:06:36.400035,004513-6,ONIX HATCH LTZ 1.0 12V TB Flex 5p Mec.,73757.0,4,exato,0.08328701004650406
56885375,https://www.icarros.com.br/comprar/ituverava-sp/chevrolet/onix/2023/d56885375,Chevrolet,Onix,1.0 Turbo LTZ manual,Chevrolet Onix Onix 1.0 Turbo LTZ manual,2023,79900.0,72000.0,SP,Ituverava,Prata,manual,PJ,False,False,2335157,2335157,,onix,chevrolet,2026-05-12T23:06:36.400144,004513-6,ONIX HATCH LTZ 1.0 12V TB Flex 5p Mec.,73757.0,4,exato,0.08328701004650406
56885377,https://www.icarros.com.br/comprar/ituverava-sp/chevrolet/onix/2023/d56885377,Chevrolet,Onix,1.0 Turbo LTZ manual,Chevrolet Onix Onix 1.0 Turbo LTZ manual,2023,79900.0,72000.0,SP,Ituverava,Prata,manual,PJ,False,False,2335157,2335157,https://img1.icarros.com/dbimg/imgadicionalanuncio/1/472413055_1.jpg,onix,chevrolet,2026-05-12T23:06:36.400350,004513-6,ONIX HATCH LTZ 1.0 12V TB Flex 5p Mec.,73757.0,4,exato,0.08328701004650406
56875066,https://www.icarros.com.br/comprar/santo-andre-sp/chevrolet/onix/2018/d56875066,Chevrolet,Onix,1.4 LTZ SPE/4 (Aut) automático,Chevrolet Onix Onix 1.4 LTZ SPE/4 (Aut) automático,2018,71900.0,78000.0,SP,Santo André,Branco,automático,PJ,False,False,1502060,1502060,https://img1.icarros.com/dbimg/imgadicionalanuncio/1/472293976_1.jpg,onix,chevrolet,2026-05-12T23:06:36.400755,004439-3,ONIX HATCH LTZ 1.4 8V FlexPower 5p Aut.,64856.0,3,exato,0.10860984334525718
56817877,https://www.icarros.com.br/comprar/franca-sp/chevrolet/onix/2023/d56817877,Chevrolet,Onix,1.0 manual,Chevrolet Onix Onix 1.0 manual,2023,66900.0,98000.0,SP,Franca,Branco,manual,PJ,False,False,36644,36644,https://img1.icarros.com/dbimg/imgadicionalanuncio/1/471651590_1.jpg,onix,chevrolet,2026-05-12T23:06:36.401160,004519-5,ONIX HATCH 1.0 12V Flex 5p Mec.,67522.0,2,fuzzy,-0.009211812446313795
57279409,https://www.icarros.com.br/comprar/sao-jose-dos-campos-sp/chevrolet/onix/2018/d57279409,Chevrolet,Onix,1.0 Joy SPE/4 manual,Chevrolet Onix Onix 1.0 Joy SPE/4 manual,2018,49990.0,97800.0,SP,São José dos Campos,Prata,manual,PJ,False,False,140753,140753,https://img1.icarros.com/dbimg/imgadicionalanuncio/1/476454570_1.jpg,onix,chevrolet,2026-05-12T23:06:36.479897,004473-3,ONIX HATCH Joy 1.0 8V Flex 5p Mec.,46104.0,3,exato,0.08428769737983689
55990852,https://www.icarros.com.br/comprar/sao-jose-dos-campos-sp/chevrolet/onix/2018/d55990852,Chevrolet,Onix,1.4 LT SPE/4 (Aut) automático,Chevrolet Onix Onix 1.4 LT SPE/4 (Aut) automático,2018,63990.0,140029.0,SP,São José dos Campos,Branco,automático,PJ,False,False,140753,140753,https://img1.icarros.com/dbimg/imgadicionalanuncio/1/468502475_1.jpg,onix,chevrolet,2026-05-12T23:06:36.480130,004438-5,ONIX HATCH LT 1.4 8V FlexPower 5p Aut.,61503.0,3,exato,0.04043705185112921
56719645,https://www.icarros.com.br/comprar/sao-jose-dos-campos-sp/chevrolet/onix/2022/d56719645,Chevrolet,Onix,1.0 Turbo Premier (Aut) automático,Chevrolet Onix Onix 1.0 Turbo Premier (Aut) automático,2022,69990.0,131598.0,SP,São José dos Campos,Preto,automático,PJ,False,False,140753,140753,https://img1.icarros.com/dbimg/imgadicionalanuncio/1/470511898_1.jpg,onix,chevrolet,2026-05-12T23:06:36.480345,004516-0,ONIX HATCH PREM. 1.0 12V TB Flex 5p Aut.,74204.0,4,exato,-0.056789391407471294
56964064,https://www.icarros.com.br/comprar/sao-jose-dos-campos-sp/chevrolet/onix/2026/d56964064,Chevrolet,Onix,1.0 manual,Chevrolet Onix Onix 1.0 manual,2026,83990.0,2628.0,SP,São José dos Campos,Branco,manual,PJ,False,False,140753,140753,https://img1.icarros.com/dbimg/imgadicionalanuncio/1/473244850_1.jpg,onix,chevrolet,2026-05-12T23:06:36.480545,004519-5,ONIX HATCH 1.0 12V Flex 5p Mec.,82413.0,2,fuzzy,0.01913533059104753
56893432,https://www.icarros.com.br/comprar/sao-jose-dos-campos-sp/chevrolet/onix/2024/d56893432,Chevrolet,Onix,1.0 Turbo LTZ (Aut) automático,Chevrolet Onix Onix 1.0 Turbo LTZ (Aut) automático,2024,88990.0,33500.0,SP,São José dos Campos,Prata,automático,PJ,False,False,140753,140753,https://img1.icarros.com/dbimg/imgadicionalanuncio/1/472505517_1.jpg,onix,chevrolet,2026-05-12T23:06:36.480738,004515-2,ONIX HATCH LTZ 1.0 12V TB Flex 5p Aut.,86456.0,4,exato,0.02930970667160174
56856713,https://www.icarros.com.br/comprar/ribeirao-preto-sp/chevrolet/onix/2024/d56856713,Chevrolet,Onix,1.0 manual,Chevrolet Onix Onix 1.0 manual,2024,72900.0,64000.0,SP,Ribeirão Preto,Prata,manual,PJ,False,False,2659276,2659276,https://img2.icarros.com/dbimg/imgadicionalanuncio/1/472087297_1.jpg,onix,chevrolet,2026-05-12T23:06:36.481599,004519-5,ONIX HATCH 1.0 12V Flex 5p Mec.,69348.0,2,fuzzy,0.05121993424467901
57352932,https://www.icarros.com.br/comprar/botucatu-sp/chevrolet/onix/2017/d57352932,Chevrolet,Onix,1.4 LTZ SPE/4 (Aut) automático,Chevrolet Onix Onix 1.4 LTZ SPE/4 (Aut) automático,2017,65900.0,103000.0,SP,Botucatu,Prata,automático,PJ,False,False,2325889,2325889,https://img0.icarros.com/dbimg/imgadicionalanuncio/1/477201628_1.jpg,onix,chevrolet,2026-05-12T23:06:36.557846,004439-3,ONIX HATCH LTZ 1.4 8V FlexPower 5p Aut.,62844.0,3,exato,0.048628349563999744
57352978,https://www.icarros.com.br/comprar/botucatu-sp/chevrolet/onix/2025/d57352978,Chevrolet,Onix,1.0 Turbo Premier (Aut) automático,Chevrolet Onix Onix 1.0 Turbo Premier (Aut) automático,2025,98900.0,10600.0,SP,Botucatu,Vermelho,automático,PJ,False,False,2325889,2325889,https://img1.icarros.com/dbimg/imgadicionalanuncio/1/477202078_1.jpg,onix,chevrolet,2026-05-12T23:06:36.558050,004516-0,ONIX HATCH PREM. 1.0 12V TB Flex 5p Aut.,97697.0,4,exato,0.012313581788591257
56813169,https://www.icarros.com.br/comprar/louveira-sp/chevrolet/onix/2021/d56813169,Chevrolet,Onix,1.0 (Flex) manual,Chevrolet Onix Onix 1.0 (Flex) manual,2021,63900.0,89000.0,SP,Louveira,Branco,manual,PJ,False,False,1892777,1892777,https://img0.icarros.com/dbimg/imgadicionalanuncio/1/471595619_1.jpg,onix,chevrolet,2026-05-12T23:06:36.558253,004519-5,ONIX HATCH 1.0 12V Flex 5p Mec.,59444.0,2,fuzzy,0.07496130812192989
56813181,https://www.icarros.com.br/comprar/louveira-sp/chevrolet/onix/2021/d56813181,Chevrolet,Onix,1.0 (Flex) manual,Chevrolet Onix Onix 1.0 (Flex) manual,2021,63900.0,102000.0,SP,Louveira,Branco,manual,PJ,False,False,1892777,1892777,https://img0.icarros.com/dbimg/imgadicionalanuncio/1/471595737_1.jpg,onix,chevrolet,2026-05-12T23:06:36.558452,004519-5,ONIX HATCH 1.0 12V Flex 5p Mec.,59444.0,2,fuzzy,0.07496130812192989
56613794,https://www.icarros.com.br/comprar/louveira-sp/chevrolet/onix/2025/d56613794,Chevrolet,Onix,1.0 LT manual,Chevrolet Onix Onix 1.0 LT manual,2025,77900.0,6000.0,SP,Louveira,Preto,manual,PJ,False,False,1892777,1892777,https://img2.icarros.com/dbimg/imgadicionalanuncio/1/469327482_1.jpg,onix,chevrolet,2026-05-12T23:06:36.558652,004517-9,ONIX HATCH LT 1.0 12V Flex 5p Mec.,73087.0,3,exato,0.06585302447767728
56808969,https://www.icarros.com.br/comprar/sao-jose-do-rio-preto-sp/chevrolet/onix/2015/d56808969,Chevrolet,Onix,1.0 LS SPE/4 manual,Chevrolet Onix Onix 1.0 LS SPE/4 manual,2015,43300.0,138000.0,SP,São José do Rio Preto,Preto,manual,PJ,False,False,50144,50144,https://img0.icarros.com/dbimg/imgadicionalanuncio/1/471546414_1.jpg,onix,chevrolet,2026-05-12T23:06:36.558860,004423-7,ONIX HATCH LS 1.0 8V FlexPower 5p Mec.,42985.0,3,exato,0.007328137722461324
56809478,https://www.icarros.com.br/comprar/sao-jose-do-rio-preto-sp/chevrolet/onix/2014/d56809478,Chevrolet,Onix,1.4 LTZ SPE/4 (Aut) automático,Chevrolet Onix Onix 1.4 LTZ SPE/4 (Aut) automático,2014,57300.0,102000.0,SP,São José do Rio Preto,Azul,automático,PJ,False,False,50144,50144,https://img2.icarros.com/dbimg/imgadicionalanuncio/1/471553461_1.jpg,onix,chevrolet,2026-05-12T23:06:36.559068,004439-3,ONIX HATCH LTZ 1.4 8V FlexPower 5p Aut.,51641.0,3,exato,0.10958347049824751
57338550,https://www.icarros.com.br/comprar/sao-paulo-sp/chevrolet/onix/2016/d57338550,Chevrolet,Onix,1.4 LT SPE/4 manual,Chevrolet Onix Onix 1.4 LT SPE/4 manual,2016,55790.0,133325.0,SP,São Paulo,Cinza,manual,PJ,False,False,1292778,1292778,https://img0.icarros.com/dbimg/imgadicionalanuncio/1/477051353_1.jpg,onix,chevrolet,2026-05-12T23:06:36.560477,004425-3,ONIX HATCH LT 1.4 8V FlexPower 5p Mec.,49737.0,3,exato,0.12170014275086957
56920882,https://www.icarros.com.br/comprar/sao-paulo-sp/chevrolet/onix/2024/d56920882,Chevrolet,Onix,1.0 LT manual,Chevrolet Onix Onix 1.0 LT manual,2024,81790.0,87.0,SP,São Paulo,Branco,manual,PJ,False,False,1292778,1292778,https://img1.icarros.com/dbimg/imgadicionalanuncio/1/472800362_1.jpg,onix,chevrolet,2026-05-12T23:06:36.560690,004517-9,ONIX HATCH LT 1.0 12V Flex 5p Mec.,69666.0,3,exato,0.1740303734963971
56859222,https://www.icarros.com.br/comprar/sao-paulo-sp/chevrolet/onix/2026/d56859222,Chevrolet,Onix,1.0 manual,Chevrolet Onix Onix 1.0 manual,2026,79990.0,5723.0,SP,São Paulo,Cinza,manual,PJ,False,False,1451926,1451926,https://img0.icarros.com/dbimg/imgadicionalanuncio/1/472116607_1.jpg,onix,chevrolet,2026-05-12T23:06:36.561286,004519-5,ONIX HATCH 1.0 12V Flex 5p Mec.,82413.0,2,fuzzy,-0.029400701345661487
57042169,https://www.icarros.com.br/comprar/sao-paulo-sp/chevrolet/onix/2024/d57042169,Chevrolet,Onix,1.0 LT manual,Chevrolet Onix Onix 1.0 LT manual,2024,69900.0,95000.0,SP,São Paulo,Vermelho,manual,PJ,False,False,296894,296894,https://img1.icarros.com/dbimg/imgadicionalanuncio/1/474055552_1.jpg,onix,chevrolet,2026-05-12T23:06:36.639143,004517-9,ONIX HATCH LT 1.0 12V Flex 5p Mec.,69666.0,3,exato,0.0033588838170700197
56698366,https://www.icarros.com.br/comprar/sao-jose-dos-campos-sp/chevrolet/onix/2022/d56698366,Chevrolet,Onix,1.0 Turbo LTZ manual,Chevrolet Onix Onix 1.0 Turbo LTZ manual,2022,75890.0,31265.0,SP,São José dos Campos,Vermelho,manual,PJ,False,False,2250267,2250267,https://img1.icarros.com/dbimg/imgadicionalanuncio/1/470280069_1.jpg,onix,chevrolet,2026-05-12T23:06:36.639595,004513-6,ONIX HATCH LTZ 1.0 12V TB Flex 5p Mec.,70201.0,4,exato,0.0810387316419994
57397188,https://www.icarros.com.br/comprar/sao-paulo-sp/chevrolet/onix/2018/d57397188,Chevrolet,Onix,1.4 LT SPE/4 (Aut) manual,Chevrolet Onix Onix 1.4 LT SPE/4 (Aut) manual,2018,62900.0,143600.0,SP,São Paulo,Branco,manual,PJ,False,False,2790905,2790905,https://img0.icarros.com/dbimg/imgadicionalanuncio/1/477649719_1.jpg,onix,chevrolet,2026-05-12T23:06:36.639811,004425-3,ONIX HATCH LT 1.4 8V FlexPower 5p Mec.,57800.0,3,exato,0.08823529411764706
57477564,https://www.icarros.com.br/comprar/presidente-prudente-sp/chevrolet/onix/2025/d57477564,Chevrolet,Onix,1.0 LT manual,Chevrolet Onix Onix 1.0 LT manual,2025,73090.0,51178.0,SP,Presidente Prudente,Branco,manual,LC,False,False,2298504,2298504,https://img0.icarros.com/dbimg/imgadicionalanuncio/1/478456867_1.jpg,onix,chevrolet,2026-05-12T23:06:36.640045,004517-9,ONIX HATCH LT 1.0 12V Flex 5p Mec.,73087.0,3,exato,4.104697141762557e-05
57490314,https://www.icarros.com.br/comprar/presidente-prudente-sp/chevrolet/onix/2025/d57490314,Chevrolet,Onix,1.0 LT manual,Chevrolet Onix Onix 1.0 LT manual,2025,74490.0,50732.0,SP,Presidente Prudente,Branco,manual,LC,False,False,2298504,2298504,https://img0.icarros.com/dbimg/imgadicionalanuncio/1/478583209_1.jpg,onix,chevrolet,2026-05-12T23:06:36.640276,004517-9,ONIX HATCH LT 1.0 12V Flex 5p Mec.,73087.0,3,exato,0.01919630029964289
57490240,https://www.icarros.com.br/comprar/presidente-prudente-sp/chevrolet/onix/2025/d57490240,Chevrolet,Onix,1.0 LT manual,Chevrolet Onix Onix 1.0 LT manual,2025,74490.0,40530.0,SP,Presidente Prudente,Prata,manual,LC,False,False,2298504,2298504,https://img1.icarros.com/dbimg/imgadicionalanuncio/1/478582485_1.jpg,onix,chevrolet,2026-05-12T23:06:36.640502,004517-9,ONIX HATCH LT 1.0 12V Flex 5p Mec.,73087.0,3,exato,0.01919630029964289
57490233,https://www.icarros.com.br/comprar/presidente-prudente-sp/chevrolet/onix/2025/d57490233,Chevrolet,Onix,1.0 LT manual,Chevrolet Onix Onix 1.0 LT manual,2025,74490.0,40055.0,SP,Presidente Prudente,Vermelho,manual,LC,False,False,2298504,2298504,https://img0.icarros.com/dbimg/imgadicionalanuncio/1/478582392_1.jpg,onix,chevrolet,2026-05-12T23:06:36.640711,004517-9,ONIX HATCH LT 1.0 12V Flex 5p Mec.,73087.0,3,exato,0.01919630029964289
57477597,https://www.icarros.com.br/comprar/presidente-prudente-sp/chevrolet/onix/2025/d57477597,Chevrolet,Onix,1.0 LT manual,Chevrolet Onix Onix 1.0 LT manual,2025,74490.0,42579.0,SP,Presidente Prudente,Prata,manual,LC,False,False,2298504,2298504,https://img0.icarros.com/dbimg/imgadicionalanuncio/1/478457172_1.jpg,onix,chevrolet,2026-05-12T23:06:36.640917,004517-9,ONIX HATCH LT 1.0 12V Flex 5p Mec.,73087.0,3,exato,0.01919630029964289
57490241,https://www.icarros.com.br/comprar/presidente-prudente-sp/chevrolet/onix/2025/d57490241,Chevrolet,Onix,1.0 LT manual,Chevrolet Onix Onix 1.0 LT manual,2025,76590.0,36648.0,SP,Presidente Prudente,Prata,manual,LC,False,False,2298504,2298504,https://img2.icarros.com/dbimg/imgadicionalanuncio/1/478582487_1.jpg,onix,chevrolet,2026-05-12T23:06:36.641126,004517-9,ONIX HATCH LT 1.0 12V Flex 5p Mec.,73087.0,3,exato,0.04792918029198079
56448758,https://www.icarros.com.br/comprar/presidente-prudente-sp/chevrolet/onix/2024/d56448758,Chevrolet,Onix,1.0 Turbo LTZ (Aut) automático,Chevrolet Onix Onix 1.0 Turbo LTZ (Aut) automático,2024,88290.0,42023.0,SP,Presidente Prudente,Prata,automático,LC,False,False,2298504,2298504,https://img2.icarros.com/dbimg/imgadicionalanuncio/1/467489493_1.jpg,onix,chevrolet,2026-05-12T23:06:36.641338,004515-2,ONIX HATCH LTZ 1.0 12V TB Flex 5p Aut.,86456.0,4,exato,0.021213102618673083
56515902,https://www.icarros.com.br/comprar/sertaozinho-sp/chevrolet/onix/2018/d56515902,Chevrolet,Onix,1.0 Joy SPE/4 manual,Chevrolet Onix Onix 1.0 Joy SPE/4 manual,2018,49900.0,195000.0,SP,Sertãozinho,Cinza,manual,PJ,False,False,225615,225615,https://img0.icarros.com/dbimg/imgadicionalanuncio/1/468229173_1.jpg,onix,chevrolet,2026-05-12T23:06:36.641543,004473-3,ONIX HATCH Joy 1.0 8V Flex 5p Mec.,46104.0,3,exato,0.0823355891028978
56788567,https://www.icarros.com.br/comprar/sao-bernardo-do-campo-sp/chevrolet/onix/2022/d56788567,Chevrolet,Onix,1.0 Turbo LT manual,Chevrolet Onix Onix 1.0 Turbo LT manual,2022,63890.0,104180.0,SP,São Bernardo do Campo,Prata,manual,PJ,False,False,2233652,2233652,https://img1.icarros.com/dbimg/imgadicionalanuncio/1/471297610_1.jpg,onix,chevrolet,2026-05-12T23:06:36.723453,004512-8,ONIX HATCH LT 1.0 12V TB Flex 5p Mec.,69278.0,4,exato,-0.07777360778313462
56642113,https://www.icarros.com.br/comprar/sao-jose-dos-campos-sp/chevrolet/onix/2021/d56642113,Chevrolet,Onix,1.0 Turbo LTZ (Aut) automático,Chevrolet Onix Onix 1.0 Turbo LTZ (Aut) automático,2021,70990.0,99110.0,SP,São José dos Campos,Azul,automático,PJ,False,False,2505063,2505063,https://img1.icarros.com/dbimg/imgadicionalanuncio/1/471728109_1.jpg,onix,chevrolet,2026-05-12T23:06:36.891939,004515-2,ONIX HATCH LTZ 1.0 12V TB Flex 5p Aut.,68892.0,4,exato,0.030453463391975848
56657048,https://www.icarros.com.br/comprar/sao-jose-dos-campos-sp/chevrolet/onix/2023/d56657048,Chevrolet,Onix,1.0 Turbo LT manual,Chevrolet Onix Onix 1.0 Turbo LT manual,2023,74990.0,21486.0,SP,São José dos Campos,Branco,manual,PJ,False,False,2505063,2505063,https://img2.icarros.com/dbimg/imgadicionalanuncio/1/471666953_1.jpg,onix,chevrolet,2026-05-12T23:06:36.892153,004512-8,ONIX HATCH LT 1.0 12V TB Flex 5p Mec.,71872.0,4,exato,0.043382680320569904
56617751,https://www.icarros.com.br/comprar/sao-jose-dos-campos-sp/chevrolet/onix/2019/d56617751,Chevrolet,Onix,1.4 LTZ SPE/4 (Aut) automático,Chevrolet Onix Onix 1.4 LTZ SPE/4 (Aut) automático,2019,75990.0,88503.0,SP,São José dos Campos,Preto,automático,PJ,False,False,2505063,2505063,https://img2.icarros.com/dbimg/imgadicionalanuncio/1/471665073_1.jpg,onix,chevrolet,2026-05-12T23:06:36.892365,004439-3,ONIX HATCH LTZ 1.4 8V FlexPower 5p Aut.,66478.0,3,exato,0.1430849303528987
57362211,https://www.icarros.com.br/comprar/sao-jose-dos-campos-sp/chevrolet/onix/2025/d57362211,Chevrolet,Onix,1.0 LT manual,Chevrolet Onix Onix 1.0 LT manual,2025,77990.0,53554.0,SP,São José dos Campos,Prata,manual,PJ,False,False,2505063,2505063,https://img0.icarros.com/dbimg/imgadicionalanuncio/1/477293930_1.jpg,onix,chevrolet,2026-05-12T23:06:36.892576,004517-9,ONIX HATCH LT 1.0 12V Flex 5p Mec.,73087.0,3,exato,0.06708443362020605
56818141,https://www.icarros.com.br/comprar/sao-jose-dos-campos-sp/chevrolet/onix/2025/d56818141,Chevrolet,Onix,1.0 Turbo LT manual,Chevrolet Onix Onix 1.0 Turbo LT manual,2025,78990.0,58867.0,SP,São José dos Campos,Branco,manual,PJ,False,False,2505063,2505063,https://img1.icarros.com/dbimg/imgadicionalanuncio/1/471657074_1.jpg,onix,chevrolet,2026-05-12T23:06:36.892785,004512-8,ONIX HATCH LT 1.0 12V TB Flex 5p Mec.,84569.0,4,exato,-0.06596979980844045
56277742,https://www.icarros.com.br/comprar/sao-jose-dos-campos-sp/chevrolet/onix/2024/d56277742,Chevrolet,Onix,1.0 Turbo Premier (Aut) automático,Chevrolet Onix Onix 1.0 Turbo Premier (Aut) automático,2024,102990.0,37000.0,SP,São José dos Campos,Branco,automático,PJ,False,False,2505063,2505063,https://img1.icarros.com/dbimg/imgadicionalanuncio/1/471660782_1.jpg,onix,chevrolet,2026-05-12T23:06:36.893000,004516-0,ONIX HATCH PREM. 1.0 12V TB Flex 5p Aut.,91270.0,4,exato,0.1284102114605018
57438420,https://www.icarros.com.br/comprar/jacarei-sp/chevrolet/onix/2023/d57438420,Chevrolet,Onix,1.0 Turbo Premier (Aut) automático,Chevrolet Onix Onix 1.0 Turbo Premier (Aut) automático,2023,84900.0,88321.0,SP,Jacareí,Prata,automático,PJ,False,False,2112579,2112579,https://img0.icarros.com/dbimg/imgadicionalanuncio/1/478058920_1.jpg,onix,chevrolet,2026-05-12T23:06:36.893439,004516-0,ONIX HATCH PREM. 1.0 12V TB Flex 5p Aut.,81986.0,4,exato,0.03554265362378943
56819211,https://www.icarros.com.br/comprar/jundiai-sp/chevrolet/onix/2021/d56819211,Chevrolet,Onix,1.0 (Flex) manual,Chevrolet Onix Onix 1.0 (Flex) manual,2021,63900.0,58000.0,SP,Jundiaí,Branco,manual,PJ,False,False,2764515,2764515,https://img0.icarros.com/dbimg/imgadicionalanuncio/1/471667108_1.jpg,onix,chevrolet,2026-05-12T23:06:36.972725,004519-5,ONIX HATCH 1.0 12V Flex 5p Mec.,59444.0,2,fuzzy,0.07496130812192989
57522906,https://www.icarros.com.br/comprar/praia-grande-sp/chevrolet/onix/2015/d57522906,Chevrolet,Onix,1.4 LTZ SPE/4 manual,Chevrolet Onix Onix 1.4 LTZ SPE/4 manual,2015,54999.0,135000.0,SP,Praia Grande,Prata,manual,PJ,False,False,2698426,2698426,https://img0.icarros.com/dbimg/imgadicionalanuncio/1/478920674_1.jpg,onix,chevrolet,2026-05-12T23:06:36.972961,004426-1,ONIX HATCH LTZ 1.4 8V FlexPower 5p Mec.,50366.0,3,exato,0.09198665766588572
57481480,https://www.icarros.com.br/comprar/piracicaba-sp/chevrolet/onix/2023/d57481480,Chevrolet,Onix,1.0 manual,Chevrolet Onix Onix 1.0 manual,2023,68790.0,92878.0,SP,Piracicaba,Cinza,manual,LC,False,False,1234895,1234895,https://img1.icarros.com/dbimg/imgadicionalanuncio/1/478495912_1.jpg,onix,chevrolet,2026-05-12T23:06:36.973183,004519-5,ONIX HATCH 1.0 12V Flex 5p Mec.,67522.0,2,fuzzy,0.018779064601167027
56776766,https://www.icarros.com.br/comprar/piracicaba-sp/chevrolet/onix/2024/d56776766,Chevrolet,Onix,1.0 LT manual,Chevrolet Onix Onix 1.0 LT manual,2024,68990.0,58698.0,SP,Piracicaba,Cinza,manual,LC,False,False,1234895,1234895,https://img2.icarros.com/dbimg/imgadicionalanuncio/1/471157860_1.jpg,onix,chevrolet,2026-05-12T23:06:36.973404,004517-9,ONIX HATCH LT 1.0 12V Flex 5p Mec.,69666.0,3,exato,-0.009703442138202279
57490209,https://www.icarros.com.br/comprar/piracicaba-sp/chevrolet/onix/2025/d57490209,Chevrolet,Onix,1.0 LT manual,Chevrolet Onix Onix 1.0 LT manual,2025,72390.0,52433.0,SP,Piracicaba,Branco,manual,LC,False,False,1234895,1234895,https://img0.icarros.com/dbimg/imgadicionalanuncio/1/478582150_1.jpg,onix,chevrolet,2026-05-12T23:06:36.973624,004517-9,ONIX HATCH LT 1.0 12V Flex 5p Mec.,73087.0,3,exato,-0.009536579692695007
57484789,https://www.icarros.com.br/comprar/piracicaba-sp/chevrolet/onix/2025/d57484789,Chevrolet,Onix,1.0 LT manual,Chevrolet Onix Onix 1.0 LT manual,2025,73190.0,65866.0,SP,Piracicaba,Cinza,manual,LC,False,False,1234895,1234895,https://img1.icarros.com/dbimg/imgadicionalanuncio/1/478528733_1.jpg,onix,chevrolet,2026-05-12T23:06:36.973848,004517-9,ONIX HATCH LT 1.0 12V Flex 5p Mec.,73087.0,3,exato,0.0014092793520051445
57477451,https://www.icarros.com.br/comprar/piracicaba-sp/chevrolet/onix/2025/d57477451,Chevrolet,Onix,1.0 LT manual,Chevrolet Onix Onix 1.0 LT manual,2025,74490.0,45928.0,SP,Piracicaba,Branco,manual,LC,False,False,1234895,1234895,https://img1.icarros.com/dbimg/imgadicionalanuncio/1/478455741_1.jpg,onix,chevrolet,2026-05-12T23:06:36.974059,004517-9,ONIX HATCH LT 1.0 12V Flex 5p Mec.,73087.0,3,exato,0.01919630029964289
57490230,https://www.icarros.com.br/comprar/piracicaba-sp/chevrolet/onix/2025/d57490230,Chevrolet,Onix,1.0 LT manual,Chevrolet Onix Onix 1.0 LT manual,2025,74490.0,40099.0,SP,Piracicaba,Branco,manual,LC,False,False,1234895,1234895,https://img0.icarros.com/dbimg/imgadicionalanuncio/1/478582380_1.jpg,onix,chevrolet,2026-05-12T23:06:36.974268,004517-9,ONIX HATCH LT 1.0 12V Flex 5p Mec.,73087.0,3,exato,0.01919630029964289
57486047,https://www.icarros.com.br/comprar/piracicaba-sp/chevrolet/onix/2025/d57486047,Chevrolet,Onix,1.0 LT manual,Chevrolet Onix Onix 1.0 LT manual,2025,74490.0,43412.0,SP,Piracicaba,Vermelho,manual,LC,False,False,1234895,1234895,https://img2.icarros.com/dbimg/imgadicionalanuncio/1/478541190_1.jpg,onix,chevrolet,2026-05-12T23:06:36.974474,004517-9,ONIX HATCH LT 1.0 12V Flex 5p Mec.,73087.0,3,exato,0.01919630029964289
57477486,https://www.icarros.com.br/comprar/piracicaba-sp/chevrolet/onix/2025/d57477486,Chevrolet,Onix,1.0 LT manual,Chevrolet Onix Onix 1.0 LT manual,2025,74990.0,39913.0,SP,Piracicaba,Preto,manual,LC,False,False,1234895,1234895,https://img0.icarros.com/dbimg/imgadicionalanuncio/1/478456070_1.jpg,onix,chevrolet,2026-05-12T23:06:36.974683,004517-9,ONIX HATCH LT 1.0 12V Flex 5p Mec.,73087.0,3,exato,0.026037462202580488
57485982,https://www.icarros.com.br/comprar/piracicaba-sp/chevrolet/onix/2024/d57485982,Chevrolet,Onix,1.0 LT manual,Chevrolet Onix Onix 1.0 LT manual,2024,75090.0,41940.0,SP,Piracicaba,Preto,manual,LC,False,False,1234895,1234895,https://img0.icarros.com/dbimg/imgadicionalanuncio/1/478540561_1.jpg,onix,chevrolet,2026-05-12T23:06:36.974889,004517-9,ONIX HATCH LT 1.0 12V Flex 5p Mec.,69666.0,3,exato,0.07785720437516148
57490213,https://www.icarros.com.br/comprar/piracicaba-sp/chevrolet/onix/2025/d57490213,Chevrolet,Onix,1.0 LT manual,Chevrolet Onix Onix 1.0 LT manual,2025,76090.0,38684.0,SP,Piracicaba,Branco,manual,LC,False,False,1234895,1234895,https://img1.icarros.com/dbimg/imgadicionalanuncio/1/478582178_1.jpg,onix,chevrolet,2026-05-12T23:06:36.975097,004517-9,ONIX HATCH LT 1.0 12V Flex 5p Mec.,73087.0,3,exato,0.0410880183890432
57490192,https://www.icarros.com.br/comprar/piracicaba-sp/chevrolet/onix/2025/d57490192,Chevrolet,Onix,1.0 LT manual,Chevrolet Onix Onix 1.0 LT manual,2025,76090.0,38081.0,SP,Piracicaba,Branco,manual,LC,False,False,1234895,1234895,https://img1.icarros.com/dbimg/imgadicionalanuncio/1/478582002_1.jpg,onix,chevrolet,2026-05-12T23:06:36.975302,004517-9,ONIX HATCH LT 1.0 12V Flex 5p Mec.,73087.0,3,exato,0.0410880183890432
57481447,https://www.icarros.com.br/comprar/piracicaba-sp/chevrolet/onix/2025/d57481447,Chevrolet,Onix,1.0 LT manual,Chevrolet Onix Onix 1.0 LT manual,2025,76090.0,38152.0,SP,Piracicaba,Branco,manual,LC,False,False,1234895,1234895,https://img1.icarros.com/dbimg/imgadicionalanuncio/1/478495575_1.jpg,onix,chevrolet,2026-05-12T23:06:36.975506,004517-9,ONIX HATCH LT 1.0 12V Flex 5p Mec.,73087.0,3,exato,0.0410880183890432
56688128,https://www.icarros.com.br/comprar/piracicaba-sp/chevrolet/onix/2024/d56688128,Chevrolet,Onix,1.0 Turbo LTZ (Aut) automático,Chevrolet Onix Onix 1.0 Turbo LTZ (Aut) automático,2024,89490.0,34397.0,SP,Piracicaba,Branco,automático,LC,False,False,1234895,1234895,https://img2.icarros.com/dbimg/imgadicionalanuncio/1/470168263_1.jpg,onix,chevrolet,2026-05-12T23:06:36.975714,004515-2,ONIX HATCH LTZ 1.0 12V TB Flex 5p Aut.,86456.0,4,exato,0.035092995280836495
57490166,https://www.icarros.com.br/comprar/piracicaba-sp/chevrolet/onix/2025/d57490166,Chevrolet,Onix,1.0 Turbo LTZ (Aut) automático,Chevrolet Onix Onix 1.0 Turbo LTZ (Aut) automático,2025,98490.0,40189.0,SP,Piracicaba,Branco,automático,LC,False,False,1234895,1234895,https://img2.icarros.com/dbimg/imgadicionalanuncio/1/478581723_1.jpg,onix,chevrolet,2026-05-12T23:06:36.975919,004515-2,ONIX HATCH LTZ 1.0 12V TB Flex 5p Aut.,97110.0,4,exato,0.01421068890948409
57492255,https://www.icarros.com.br/comprar/ribeirao-preto-sp/hyundai/hb20/2025/d57492255,Hyundai,HB20,1.0 Limited Plus manual,Hyundai HB20 HB20 1.0 Limited Plus manual,2025,81590.0,43993.0,SP,Ribeirão Preto,Branco,manual,LC,False,False,2796993,2796993,https://img0.icarros.com/dbimg/imgadicionalanuncio/1/478602377_1.jpg,hb20,hyundai,2026-05-12T23:06:39.017335,015235-8,HB20 Limited Plus 1.0 Flex 12V Mec.,78785.0,4,exato,0.03560322396395253
57480469,https://www.icarros.com.br/comprar/campinas-sp/hyundai/hb20/2025/d57480469,Hyundai,HB20,1.0 Comfort Plus manual,Hyundai HB20 HB20 1.0 Comfort Plus manual,2025,78590.0,41051.0,SP,Campinas,Preto,manual,LC,False,False,2267107,2267107,https://img1.icarros.com/dbimg/imgadicionalanuncio/1/478485848_1.jpg,hb20,hyundai,2026-05-12T23:06:39.017785,015245-5,HB20 Comfort Plus 1.0 Flex 12V Mec.,73898.0,4,exato,0.06349292267720372
57490505,https://www.icarros.com.br/comprar/franca-sp/hyundai/hb20/2025/d57490505,Hyundai,HB20,1.0 Comfort Plus manual,Hyundai HB20 HB20 1.0 Comfort Plus manual,2025,77790.0,47640.0,SP,Franca,Branco,manual,LC,False,False,2728710,2728710,https://img2.icarros.com/dbimg/imgadicionalanuncio/1/478585085_1.jpg,hb20,hyundai,2026-05-12T23:06:39.018198,015245-5,HB20 Comfort Plus 1.0 Flex 12V Mec.,73898.0,4,exato,0.052667189910417064
57484834,https://www.icarros.com.br/comprar/sao-paulo-sp/hyundai/hb20/2024/d57484834,Hyundai,HB20,1.0 Comfort manual,Hyundai HB20 HB20 1.0 Comfort manual,2024,71290.0,99598.0,SP,São Paulo,Branco,manual,LC,False,False,2571463,2571463,https://img1.icarros.com/dbimg/imgadicionalanuncio/1/478529215_1.jpg,hb20,hyundai,2026-05-12T23:06:39.018406,015215-3,HB20 Comfort 1.0 Flex 12V Mec.,70005.0,3,exato,0.018355831726305265
57486364,https://www.icarros.com.br/comprar/sao-paulo-sp/hyundai/hb20/2025/d57486364,Hyundai,HB20,1.0 Comfort Plus manual,Hyundai HB20 HB20 1.0 Comfort Plus manual,2025,78490.0,34159.0,SP,São Paulo,Branco,manual,LC,False,False,2571463,2571463,https://img1.icarros.com/dbimg/imgadicionalanuncio/1/478544369_1.jpg,hb20,hyundai,2026-05-12T23:06:39.018612,015245-5,HB20 Comfort Plus 1.0 Flex 12V Mec.,73898.0,4,exato,0.062139706081355384
57477678,https://www.icarros.com.br/comprar/sao-carlos-sp/hyundai/hb20/2025/d57477678,Hyundai,HB20,1.0 Comfort Plus manual,Hyundai HB20 HB20 1.0 Comfort Plus manual,2025,79390.0,31589.0,SP,São Carlos,Branco,manual,LC,False,False,2267401,2267401,https://img0.icarros.com/dbimg/imgadicionalanuncio/1/478458096_1.jpg,hb20,hyundai,2026-05-12T23:06:39.018812,015245-5,HB20 Comfort Plus 1.0 Flex 12V Mec.,73898.0,4,exato,0.07431865544399037
57497233,https://www.icarros.com.br/comprar/jundiai-sp/hyundai/hb20/2025/d57497233,Hyundai,HB20,1.0 Comfort Plus manual,Hyundai HB20 HB20 1.0 Comfort Plus manual,2025,77790.0,39699.0,SP,Jundiaí,Branco,manual,LC,False,False,2562314,2562314,https://img1.icarros.com/dbimg/imgadicionalanuncio/1/478653871_1.jpg,hb20,hyundai,2026-05-12T23:06:39.019016,015245-5,HB20 Comfort Plus 1.0 Flex 12V Mec.,73898.0,4,exato,0.052667189910417064
57505133,https://www.icarros.com.br/comprar/braganca-paulista-sp/hyundai/hb20/2026/d57505133,Hyundai,HB20,1.0 Comfort manual,Hyundai HB20 HB20 1.0 Comfort manual,2026,83790.0,35689.0,SP,Bragança Paulista,Cinza,manual,LC,False,False,2798484,2798484,https://img2.icarros.com/dbimg/imgadicionalanuncio/1/478736370_1.jpg,hb20,hyundai,2026-05-12T23:06:39.019333,015215-3,HB20 Comfort 1.0 Flex 12V Mec.,81733.0,3,exato,0.025167313080395923
57477922,https://www.icarros.com.br/comprar/sao-paulo-sp/hyundai/hb20/2025/d57477922,Hyundai,HB20,1.0 Comfort Plus manual,Hyundai HB20 HB20 1.0 Comfort Plus manual,2025,74990.0,45311.0,SP,São Paulo,Branco,manual,LC,False,False,2549919,2549919,https://img1.icarros.com/dbimg/imgadicionalanuncio/1/478460544_1.jpg,hb20,hyundai,2026-05-12T23:06:39.019655,015245-5,HB20 Comfort Plus 1.0 Flex 12V Mec.,73898.0,4,exato,0.01477712522666378
56813222,https://www.icarros.com.br/comprar/sao-jose-dos-campos-sp/hyundai/hb20/2025/d56813222,Hyundai,HB20,1.0 Sense Plus manual,Hyundai HB20 HB20 1.0 Sense Plus manual,2025,71390.0,38439.0,SP,São José dos Campos,Prata,manual,LC,False,False,2571957,2571957,https://img2.icarros.com/dbimg/imgadicionalanuncio/1/471596222_1.jpg,hb20,hyundai,2026-05-12T23:06:39.019921,015234-0,HB20 Sense Plus 1.0 Flex 12V Mec.,68594.0,4,exato,0.04076158264571245
57477301,https://www.icarros.com.br/comprar/mogi-das-cruzes-sp/hyundai/hb20/2025/d57477301,Hyundai,HB20,1.0 Comfort Plus manual,Hyundai HB20 HB20 1.0 Comfort Plus manual,2025,78990.0,29815.0,SP,Mogi das Cruzes,Branco,manual,LC,False,False,1342030,1342030,https://img1.icarros.com/dbimg/imgadicionalanuncio/1/478454274_1.jpg,hb20,hyundai,2026-05-12T23:06:39.020179,015245-5,HB20 Comfort Plus 1.0 Flex 12V Mec.,73898.0,4,exato,0.06890578906059704
56456476,https://www.icarros.com.br/comprar/taubate-sp/hyundai/hb20/2024/d56456476,Hyundai,HB20,1.0 Comfort Plus manual,Hyundai HB20 HB20 1.0 Comfort Plus manual,2024,74590.0,35463.0,SP,Taubaté,Branco,manual,LC,False,False,2049598,2049598,https://img1.icarros.com/dbimg/imgadicionalanuncio/1/467569146_1.jpg,hb20,hyundai,2026-05-12T23:06:39.021273,015245-5,HB20 Comfort Plus 1.0 Flex 12V Mec.,70035.0,4,exato,0.06503890911687013
57494771,https://www.icarros.com.br/comprar/sao-paulo-sp/hyundai/hb20/2025/d57494771,Hyundai,HB20,1.0 Sense Plus manual,Hyundai HB20 HB20 1.0 Sense Plus manual,2025,70290.0,51152.0,SP,São Paulo,Branco,manual,LC,False,False,2758878,2758878,https://img2.icarros.com/dbimg/imgadicionalanuncio/1/478627151_1.jpg,hb20,hyundai,2026-05-12T23:06:45.978723,015234-0,HB20 Sense Plus 1.0 Flex 12V Mec.,68594.0,4,exato,0.02472519462343645
56767607,https://www.icarros.com.br/comprar/sao-paulo-sp/hyundai/hb20/2024/d56767607,Hyundai,HB20,1.0 Sense Plus manual,Hyundai HB20 HB20 1.0 Sense Plus manual,2024,70790.0,30425.0,SP,São Paulo,Prata,manual,LC,False,False,2758878,2758878,https://img2.icarros.com/dbimg/imgadicionalanuncio/1/471052811_1.jpg,hb20,hyundai,2026-05-12T23:06:45.978979,015234-0,HB20 Sense Plus 1.0 Flex 12V Mec.,66898.0,4,exato,0.05817812191694819
56767579,https://www.icarros.com.br/comprar/sao-paulo-sp/hyundai/hb20/2024/d56767579,Hyundai,HB20,1.0 Comfort Plus manual,Hyundai HB20 HB20 1.0 Comfort Plus manual,2024,74190.0,58161.0,SP,São Paulo,Branco,manual,LC,False,False,2758878,2758878,https://img1.icarros.com/dbimg/imgadicionalanuncio/1/471052494_1.jpg,hb20,hyundai,2026-05-12T23:06:45.979232,015245-5,HB20 Comfort Plus 1.0 Flex 12V Mec.,70035.0,4,exato,0.05932747911758406
57494660,https://www.icarros.com.br/comprar/sao-paulo-sp/hyundai/hb20/2025/d57494660,Hyundai,HB20,1.0 Comfort Plus manual,Hyundai HB20 HB20 1.0 Comfort Plus manual,2025,75290.0,55956.0,SP,São Paulo,Prata,manual,LC,False,False,2758878,2758878,https://img2.icarros.com/dbimg/imgadicionalanuncio/1/478626065_1.jpg,hb20,hyundai,2026-05-12T23:06:45.979481,015245-5,HB20 Comfort Plus 1.0 Flex 12V Mec.,73898.0,4,exato,0.018836775014208773
57495023,https://www.icarros.com.br/comprar/sao-paulo-sp/hyundai/hb20/2025/d57495023,Hyundai,HB20,1.0 Comfort Plus manual,Hyundai HB20 HB20 1.0 Comfort Plus manual,2025,76290.0,38151.0,SP,São Paulo,Branco,manual,LC,False,False,2758878,2758878,https://img2.icarros.com/dbimg/imgadicionalanuncio/1/478629645_1.jpg,hb20,hyundai,2026-05-12T23:06:45.979737,015245-5,HB20 Comfort Plus 1.0 Flex 12V Mec.,73898.0,4,exato,0.03236894097269209
57494667,https://www.icarros.com.br/comprar/sao-paulo-sp/hyundai/hb20/2025/d57494667,Hyundai,HB20,1.0 Comfort Plus manual,Hyundai HB20 HB20 1.0 Comfort Plus manual,2025,76390.0,42950.0,SP,São Paulo,Cinza,manual,LC,False,False,2758878,2758878,https://img0.icarros.com/dbimg/imgadicionalanuncio/1/478626164_1.jpg,hb20,hyundai,2026-05-12T23:06:45.979985,015245-5,HB20 Comfort Plus 1.0 Flex 12V Mec.,73898.0,4,exato,0.03372215756854042
57495069,https://www.icarros.com.br/comprar/sao-paulo-sp/hyundai/hb20/2025/d57495069,Hyundai,HB20,1.0 Comfort Plus manual,Hyundai HB20 HB20 1.0 Comfort Plus manual,2025,76690.0,38914.0,SP,São Paulo,Prata,manual,LC,False,False,2758878,2758878,https://img0.icarros.com/dbimg/imgadicionalanuncio/1/478630117_1.jpg,hb20,hyundai,2026-05-12T23:06:45.980238,015245-5,HB20 Comfort Plus 1.0 Flex 12V Mec.,73898.0,4,exato,0.03778180735608541
56767693,https://www.icarros.com.br/comprar/sao-paulo-sp/hyundai/hb20/2025/d56767693,Hyundai,HB20,1.0 Comfort Plus manual,Hyundai HB20 HB20 1.0 Comfort Plus manual,2025,76990.0,60798.0,SP,São Paulo,Azul,manual,LC,False,False,2758878,2758878,https://img1.icarros.com/dbimg/imgadicionalanuncio/1/471053632_1.jpg,hb20,hyundai,2026-05-12T23:06:53.294117,015245-5,HB20 Comfort Plus 1.0 Flex 12V Mec.,73898.0,4,exato,0.04184145714363041
56767598,https://www.icarros.com.br/comprar/sao-paulo-sp/hyundai/hb20/2024/d56767598,Hyundai,HB20,1.0 Comfort Plus manual,Hyundai HB20 HB20 1.0 Comfort Plus manual,2024,77690.0,22440.0,SP,São Paulo,Branco,manual,LC,False,False,2758878,2758878,https://img2.icarros.com/dbimg/imgadicionalanuncio/1/471052705_1.jpg,hb20,hyundai,2026-05-12T23:06:53.294347,015245-5,HB20 Comfort Plus 1.0 Flex 12V Mec.,70035.0,4,exato,0.10930249161133719
57494740,https://www.icarros.com.br/comprar/sao-paulo-sp/hyundai/hb20/2025/d57494740,Hyundai,HB20,1.0 Comfort Plus manual,Hyundai HB20 HB20 1.0 Comfort Plus manual,2025,78090.0,34064.0,SP,São Paulo,Branco,manual,LC,False,False,2758878,2758878,https://img1.icarros.com/dbimg/imgadicionalanuncio/1/478626876_1.jpg,hb20,hyundai,2026-05-12T23:06:53.294560,015245-5,HB20 Comfort Plus 1.0 Flex 12V Mec.,73898.0,4,exato,0.05672683969796206
57494634,https://www.icarros.com.br/comprar/sao-paulo-sp/hyundai/hb20/2025/d57494634,Hyundai,HB20,1.0 Comfort Plus manual,Hyundai HB20 HB20 1.0 Comfort Plus manual,2025,78390.0,30757.0,SP,São Paulo,Branco,manual,LC,False,False,2758878,2758878,https://img0.icarros.com/dbimg/imgadicionalanuncio/1/478625785_1.jpg,hb20,hyundai,2026-05-12T23:06:53.294769,015245-5,HB20 Comfort Plus 1.0 Flex 12V Mec.,73898.0,4,exato,0.06078648948550705
57494696,https://www.icarros.com.br/comprar/sao-paulo-sp/hyundai/hb20/2025/d57494696,Hyundai,HB20,1.0 Comfort Plus manual,Hyundai HB20 HB20 1.0 Comfort Plus manual,2025,78490.0,34483.0,SP,São Paulo,Cinza,manual,LC,False,False,2758878,2758878,https://img2.icarros.com/dbimg/imgadicionalanuncio/1/478626436_1.jpg,hb20,hyundai,2026-05-12T23:06:53.294978,015245-5,HB20 Comfort Plus 1.0 Flex 12V Mec.,73898.0,4,exato,0.062139706081355384
56767667,https://www.icarros.com.br/comprar/sao-paulo-sp/hyundai/hb20/2025/d56767667,Hyundai,HB20,1.0 Comfort Plus manual,Hyundai HB20 HB20 1.0 Comfort Plus manual,2025,78590.0,43215.0,SP,São Paulo,Prata,manual,LC,False,False,2758878,2758878,https://img2.icarros.com/dbimg/imgadicionalanuncio/1/471053394_1.jpg,hb20,hyundai,2026-05-12T23:06:53.295190,015245-5,HB20 Comfort Plus 1.0 Flex 12V Mec.,73898.0,4,exato,0.06349292267720372
56767659,https://www.icarros.com.br/comprar/sao-paulo-sp/hyundai/hb20/2025/d56767659,Hyundai,HB20,1.0 Comfort Plus manual,Hyundai HB20 HB20 1.0 Comfort Plus manual,2025,79590.0,35686.0,SP,São Paulo,Prata,manual,LC,False,False,2758878,2758878,https://img0.icarros.com/dbimg/imgadicionalanuncio/1/471053314_1.jpg,hb20,hyundai,2026-05-12T23:06:53.295399,015245-5,HB20 Comfort Plus 1.0 Flex 12V Mec.,73898.0,4,exato,0.07702508863568702
56767709,https://www.icarros.com.br/comprar/sao-paulo-sp/hyundai/hb20/2025/d56767709,Hyundai,HB20,1.0 Comfort Plus manual,Hyundai HB20 HB20 1.0 Comfort Plus manual,2025,79790.0,29978.0,SP,São Paulo,Branco,manual,LC,False,False,2758878,2758878,https://img2.icarros.com/dbimg/imgadicionalanuncio/1/471053816_1.jpg,hb20,hyundai,2026-05-12T23:06:53.295604,015245-5,HB20 Comfort Plus 1.0 Flex 12V Mec.,73898.0,4,exato,0.07973152182738369
57494938,https://www.icarros.com.br/comprar/sao-paulo-sp/hyundai/hb20/2025/d57494938,Hyundai,HB20,1.0 Limited Plus manual,Hyundai HB20 HB20 1.0 Limited Plus manual,2025,83490.0,36271.0,SP,São Paulo,Prata,manual,LC,False,False,2758878,2758878,https://img1.icarros.com/dbimg/imgadicionalanuncio/1/478628819_1.jpg,hb20,hyundai,2026-05-12T23:06:53.295810,015235-8,HB20 Limited Plus 1.0 Flex 12V Mec.,78785.0,4,exato,0.05971948975058704
57494916,https://www.icarros.com.br/comprar/sao-paulo-sp/hyundai/hb20/2025/d57494916,Hyundai,HB20,1.0 Limited Plus manual,Hyundai HB20 HB20 1.0 Limited Plus manual,2025,83690.0,39989.0,SP,São Paulo,Cinza,manual,LC,False,False,2758878,2758878,https://img0.icarros.com/dbimg/imgadicionalanuncio/1/478628596_1.jpg,hb20,hyundai,2026-05-12T23:06:53.296018,015235-8,HB20 Limited Plus 1.0 Flex 12V Mec.,78785.0,4,exato,0.06225804404391699
57494815,https://www.icarros.com.br/comprar/sao-paulo-sp/hyundai/hb20/2025/d57494815,Hyundai,HB20,1.0 Limited Plus manual,Hyundai HB20 HB20 1.0 Limited Plus manual,2025,84190.0,32876.0,SP,São Paulo,Prata,manual,LC,False,False,2758878,2758878,https://img1.icarros.com/dbimg/imgadicionalanuncio/1/478627590_1.jpg,hb20,hyundai,2026-05-12T23:06:53.296228,015235-8,HB20 Limited Plus 1.0 Flex 12V Mec.,78785.0,4,exato,0.06860442977724186
56767757,https://www.icarros.com.br/comprar/sao-paulo-sp/hyundai/hb20/2022/d56767757,Hyundai,HB20,1.0 T-GDI Platinum (Aut) automático,Hyundai HB20 HB20 1.0 T-GDI Platinum (Aut) automático,2022,86790.0,36549.0,SP,São Paulo,Preto,automático,LC,False,False,2758878,2758878,https://img2.icarros.com/dbimg/imgadicionalanuncio/1/471054291_1.jpg,hb20,hyundai,2026-05-12T23:06:53.296434,015209-9,HB20 Platinum 1.0 TB Flex 12V Aut.,77988.0,3,exato,0.11286351746422527
56767630,https://www.icarros.com.br/comprar/sao-paulo-sp/hyundai/hb20/2022/d56767630,Hyundai,HB20,1.0 T-GDI Platinum (Aut) automático,Hyundai HB20 HB20 1.0 T-GDI Platinum (Aut) automático,2022,87490.0,22747.0,SP,São Paulo,Preto,automático,LC,False,False,2758878,2758878,https://img1.icarros.com/dbimg/imgadicionalanuncio/1/471053031_1.jpg,hb20,hyundai,2026-05-12T23:06:53.296637,015209-9,HB20 Platinum 1.0 TB Flex 12V Aut.,77988.0,3,exato,0.12183925732163922
56767704,https://www.icarros.com.br/comprar/sao-paulo-sp/hyundai/hb20/2024/d56767704,Hyundai,HB20,1.0 T-GDI Comfort Plus (Aut) automático,Hyundai HB20 HB20 1.0 T-GDI Comfort Plus (Aut) automático,2024,91590.0,42895.0,SP,São Paulo,Cinza,automático,LC,False,False,2758878,2758878,https://img0.icarros.com/dbimg/imgadicionalanuncio/1/471053766_1.jpg,hb20,hyundai,2026-05-12T23:06:53.296840,015236-6,HB20 Comfort Plus 1.0 TB Flex 12V Aut.,85394.0,4,exato,0.07255779094549969
56852356,https://www.icarros.com.br/comprar/valinhos-sp/hyundai/hb20/2014/d56852356,Hyundai,HB20,1.6 Comfort automático,Hyundai HB20 HB20 1.6 Comfort automático,2014,53990.0,140000.0,SP,Valinhos,Preto,automático,PJ,False,False,1593908,1593908,https://img1.icarros.com/dbimg/imgadicionalanuncio/1/472040326_1.jpg,hb20,hyundai,2026-05-12T23:07:00.261751,015090-8,HB20 C.Style/C.Plus 1.6 Flex 16V Aut.,48556.0,2,fuzzy,0.11191201911195321
56882478,https://www.icarros.com.br/comprar/americana-sp/hyundai/hb20/2025/d56882478,Hyundai,HB20,1.0 T-GDI Comfort Plus (Aut) automático,Hyundai HB20 HB20 1.0 T-GDI Comfort Plus (Aut) automático,2025,88900.0,47300.0,SP,Americana,Branco,automático,PJ,False,False,2808155,2808155,https://img0.icarros.com/dbimg/imgadicionalanuncio/1/472381342_1.jpg,hb20,hyundai,2026-05-12T23:07:00.262217,015236-6,HB20 Comfort Plus 1.0 TB Flex 12V Aut.,91384.0,4,exato,-0.02718200122559748
57393461,https://www.icarros.com.br/comprar/braganca-paulista-sp/hyundai/hb20/2022/d57393461,Hyundai,HB20,1.0 Evolution manual,Hyundai HB20 HB20 1.0 Evolution manual,2022,68000.0,76000.0,SP,Bragança Paulista,Prata,manual,PJ,False,False,2552300,2552300,https://img2.icarros.com/dbimg/imgadicionalanuncio/1/477608788_1.jpg,hb20,hyundai,2026-05-12T23:07:00.262440,015164-5,HB20 Evolution 1.0 Flex 12V Mec.,66268.0,3,exato,0.026136295044365303
57393474,https://www.icarros.com.br/comprar/braganca-paulista-sp/hyundai/hb20/2025/d57393474,Hyundai,HB20,1.0 Limited Plus manual,Hyundai HB20 HB20 1.0 Limited Plus manual,2025,80000.0,37000.0,SP,Bragança Paulista,Branco,manual,PJ,False,False,2552300,2552300,https://img0.icarros.com/dbimg/imgadicionalanuncio/1/477608940_1.jpg,hb20,hyundai,2026-05-12T23:07:00.262649,015235-8,HB20 Limited Plus 1.0 Flex 12V Mec.,78785.0,4,exato,0.015421717331979438
57245737,https://www.icarros.com.br/comprar/jundiai-sp/hyundai/hb20/2016/d57245737,Hyundai,HB20,1.0 Comfort Plus manual,Hyundai HB20 HB20 1.0 Comfort Plus manual,2016,51900.0,127000.0,SP,Jundiaí,Preto,manual,PJ,False,False,1503387,1503387,https://img1.icarros.com/dbimg/imgadicionalanuncio/1/476119305_1.jpg,hb20,hyundai,2026-05-12T23:07:00.262893,015127-0,HB20 Comfort Style 1.0 TB Flex 12V Mec.,47312.0,3,exato,0.0969732837335137
56386514,https://www.icarros.com.br/comprar/caraguatatuba-sp/hyundai/hb20/2022/d56386514,Hyundai,HB20,1.0 T-GDI Platinum Plus (Aut) automático,Hyundai HB20 HB20 1.0 T-GDI Platinum Plus (Aut) automático,2022,86900.0,28040.0,SP,Caraguatatuba,Cinza,automático,PJ,False,False,2425111,2425111,https://img2.icarros.com/dbimg/imgadicionalanuncio/1/466851303_1.jpg,hb20,hyundai,2026-05-12T23:07:00.263103,015208-0,HB20 Platinum Plus 1.0 TB Flex 12V Aut.,76621.0,4,exato,0.13415382205922657
56904062,https://www.icarros.com.br/comprar/leme-sp/hyundai/hb20/2024/d56904062,Hyundai,HB20,1.0 Limited manual,Hyundai HB20 HB20 1.0 Limited manual,2024,80890.0,43200.0,SP,Leme,Preto,manual,PJ,False,False,663639,663639,https://img2.icarros.com/dbimg/imgadicionalanuncio/1/473296539_1.jpg,hb20,hyundai,2026-05-12T23:07:00.263946,015213-7,HB20 Limited 1.0 Flex 12V Mec.,76681.0,3,exato,0.05488973800550332
56896284,https://www.icarros.com.br/comprar/braganca-paulista-sp/hyundai/hb20/2017/d56896284,Hyundai,HB20,1.0 Comfort manual,Hyundai HB20 HB20 1.0 Comfort manual,2017,51500.0,145900.0,SP,Bragança Paulista,Preto,manual,PJ,False,False,641916,641916,https://img0.icarros.com/dbimg/imgadicionalanuncio/1/472540738_1.jpg,hb20,hyundai,2026-05-12T23:07:00.264352,015126-2,HB20 Comfort Plus 1.0 TB Flex 12V Mec.,48223.0,3,exato,0.06795512514775107
56503516,https://www.icarros.com.br/comprar/santos-sp/hyundai/hb20/2025/d56503516,Hyundai,HB20,1.0 Comfort Plus manual,Hyundai HB20 HB20 1.0 Comfort Plus manual,2025,77990.0,31232.0,SP,Santos,Prata,manual,PJ,False,False,2338671,2338671,https://img1.icarros.com/dbimg/imgadicionalanuncio/1/468091869_1.jpg,hb20,hyundai,2026-05-12T23:07:00.264554,015245-5,HB20 Comfort Plus 1.0 Flex 12V Mec.,73898.0,4,exato,0.055373623102113724
56736509,https://www.icarros.com.br/comprar/campinas-sp/hyundai/hb20/2025/d56736509,Hyundai,HB20,1.0 Comfort Plus manual,Hyundai HB20 HB20 1.0 Comfort Plus manual,2025,75990.0,39000.0,SP,Campinas,Branco,manual,PJ,False,False,1895950,1895950,https://img2.icarros.com/dbimg/imgadicionalanuncio/1/470702354_1.jpg,hb20,hyundai,2026-05-12T23:07:00.264955,015245-5,HB20 Comfort Plus 1.0 Flex 12V Mec.,73898.0,4,exato,0.028309291185147096
57519166,https://www.icarros.com.br/comprar/sao-paulo-sp/hyundai/hb20/2025/d57519166,Hyundai,HB20,1.0 Limited Plus manual,Hyundai HB20 HB20 1.0 Limited Plus manual,2025,77990.0,30670.0,SP,São Paulo,Preto,manual,PJ,False,False,566325,566325,https://img1.icarros.com/dbimg/imgadicionalanuncio/1/478881744_1.jpg,hb20,hyundai,2026-05-12T23:07:00.265356,015235-8,HB20 Limited Plus 1.0 Flex 12V Mec.,78785.0,4,exato,-0.010090753315986545
56889967,https://www.icarros.com.br/comprar/jundiai-sp/hyundai/hb20/2024/d56889967,Hyundai,HB20,1.0 Sense manual,Hyundai HB20 HB20 1.0 Sense manual,2024,69390.0,41128.0,SP,Jundiaí,Branco,manual,LC,False,False,1842344,1842344,https://img1.icarros.com/dbimg/imgadicionalanuncio/1/472466062_1.jpg,hb20,hyundai,2026-05-12T23:07:00.265565,015165-3,HB20 Sense 1.0 Flex 12V Mec.,67613.0,3,exato,0.02628192803159156
57267382,https://www.icarros.com.br/comprar/jundiai-sp/hyundai/hb20/2024/d57267382,Hyundai,HB20,1.0 Comfort Plus manual,Hyundai HB20 HB20 1.0 Comfort Plus manual,2024,70990.0,50099.0,SP,Jundiaí,Cinza,manual,LC,False,False,1842344,1842344,https://img1.icarros.com/dbimg/imgadicionalanuncio/1/476335170_1.jpg,hb20,hyundai,2026-05-12T23:07:04.808347,015245-5,HB20 Comfort Plus 1.0 Flex 12V Mec.,70035.0,4,exato,0.013636039123295494
57267350,https://www.icarros.com.br/comprar/jundiai-sp/hyundai/hb20/2024/d57267350,Hyundai,HB20,1.0 Comfort Plus manual,Hyundai HB20 HB20 1.0 Comfort Plus manual,2024,70990.0,48599.0,SP,Jundiaí,Branco,manual,LC,False,False,1842344,1842344,https://img2.icarros.com/dbimg/imgadicionalanuncio/1/476334815_1.jpg,hb20,hyundai,2026-05-12T23:07:04.808585,015245-5,HB20 Comfort Plus 1.0 Flex 12V Mec.,70035.0,4,exato,0.013636039123295494
57267469,https://www.icarros.com.br/comprar/jundiai-sp/hyundai/hb20/2024/d57267469,Hyundai,HB20,1.0 Comfort Plus manual,Hyundai HB20 HB20 1.0 Comfort Plus manual,2024,70990.0,46895.0,SP,Jundiaí,Prata,manual,LC,False,False,1842344,1842344,https://img1.icarros.com/dbimg/imgadicionalanuncio/1/476336039_1.jpg,hb20,hyundai,2026-05-12T23:07:04.808807,015245-5,HB20 Comfort Plus 1.0 Flex 12V Mec.,70035.0,4,exato,0.013636039123295494
57267433,https://www.icarros.com.br/comprar/jundiai-sp/hyundai/hb20/2024/d57267433,Hyundai,HB20,1.0 Comfort Plus manual,Hyundai HB20 HB20 1.0 Comfort Plus manual,2024,70990.0,48293.0,SP,Jundiaí,Preto,manual,LC,False,False,1842344,1842344,https://img1.icarros.com/dbimg/imgadicionalanuncio/1/476335652_1.jpg,hb20,hyundai,2026-05-12T23:07:04.809018,015245-5,HB20 Comfort Plus 1.0 Flex 12V Mec.,70035.0,4,exato,0.013636039123295494
57267450,https://www.icarros.com.br/comprar/jundiai-sp/hyundai/hb20/2024/d57267450,Hyundai,HB20,1.0 Comfort Plus manual,Hyundai HB20 HB20 1.0 Comfort Plus manual,2024,70990.0,46435.0,SP,Jundiaí,Branco,manual,LC,False,False,1842344,1842344,https://img0.icarros.com/dbimg/imgadicionalanuncio/1/476335813_1.jpg,hb20,hyundai,2026-05-12T23:07:04.809230,015245-5,HB20 Comfort Plus 1.0 Flex 12V Mec.,70035.0,4,exato,0.013636039123295494
56890137,https://www.icarros.com.br/comprar/jundiai-sp/hyundai/hb20/2025/d56890137,Hyundai,HB20,1.0 Comfort Plus manual,Hyundai HB20 HB20 1.0 Comfort Plus manual,2025,74990.0,64125.0,SP,Jundiaí,Branco,manual,LC,False,False,1842344,1842344,https://img0.icarros.com/dbimg/imgadicionalanuncio/1/472467621_1.jpg,hb20,hyundai,2026-05-12T23:07:04.809442,015245-5,HB20 Comfort Plus 1.0 Flex 12V Mec.,73898.0,4,exato,0.01477712522666378
57485408,https://www.icarros.com.br/comprar/jundiai-sp/hyundai/hb20/2025/d57485408,Hyundai,HB20,1.0 Comfort Plus manual,Hyundai HB20 HB20 1.0 Comfort Plus manual,2025,74990.0,59699.0,SP,Jundiaí,Azul,manual,LC,False,False,1842344,1842344,https://img2.icarros.com/dbimg/imgadicionalanuncio/1/478534873_1.jpg,hb20,hyundai,2026-05-12T23:07:04.809652,015245-5,HB20 Comfort Plus 1.0 Flex 12V Mec.,73898.0,4,exato,0.01477712522666378
57485660,https://www.icarros.com.br/comprar/jundiai-sp/hyundai/hb20/2025/d57485660,Hyundai,HB20,1.0 Comfort Plus manual,Hyundai HB20 HB20 1.0 Comfort Plus manual,2025,78490.0,35187.0,SP,Jundiaí,Prata,manual,LC,False,False,1842344,1842344,https://img2.icarros.com/dbimg/imgadicionalanuncio/1/478537350_1.jpg,hb20,hyundai,2026-05-12T23:07:04.809862,015245-5,HB20 Comfort Plus 1.0 Flex 12V Mec.,73898.0,4,exato,0.062139706081355384
56890146,https://www.icarros.com.br/comprar/jundiai-sp/hyundai/hb20/2025/d56890146,Hyundai,HB20,1.0 Comfort Plus automático,Hyundai HB20 HB20 1.0 Comfort Plus automático,2025,93490.0,37505.0,SP,Jundiaí,Branco,automático,LC,False,False,1842344,1842344,https://img0.icarros.com/dbimg/imgadicionalanuncio/1/472467702_1.jpg,hb20,hyundai,2026-05-12T23:07:04.810075,015236-6,HB20 Comfort Plus 1.0 TB Flex 12V Aut.,91384.0,4,exato,0.02304560973474569
56816291,https://www.icarros.com.br/comprar/ribeirao-preto-sp/hyundai/hb20/2025/d56816291,Hyundai,HB20,1.0 Comfort Plus manual,Hyundai HB20 HB20 1.0 Comfort Plus manual,2025,69990.0,41430.0,SP,Ribeirão Preto,Branco,manual,PJ,False,False,2322847,2322847,https://img2.icarros.com/dbimg/imgadicionalanuncio/1/471632123_1.jpg,hb20,hyundai,2026-05-12T23:07:04.810284,015245-5,HB20 Comfort Plus 1.0 Flex 12V Mec.,73898.0,4,exato,-0.052883704565752795
56854487,https://www.icarros.com.br/comprar/sao-paulo-sp/hyundai/hb20/2025/d56854487,Hyundai,HB20,1.0 Limited Plus manual,Hyundai HB20 HB20 1.0 Limited Plus manual,2025,77899.0,37348.0,SP,São Paulo,Prata,manual,PJ,False,False,2447245,2447245,https://img2.icarros.com/dbimg/imgadicionalanuncio/1/472065487_1.jpg,hb20,hyundai,2026-05-12T23:07:12.435674,015235-8,HB20 Limited Plus 1.0 Flex 12V Mec.,78785.0,4,exato,-0.011245795519451672
56859402,https://www.icarros.com.br/comprar/ibitinga-sp/hyundai/hb20/2019/d56859402,Hyundai,HB20,1.0 S Comfort Plus manual,Hyundai HB20 HB20 1.0 S Comfort Plus manual,2019,60000.0,70000.0,SP,Ibitinga,Preto,manual,PJ,False,False,2370056,2370056,https://img0.icarros.com/dbimg/imgadicionalanuncio/1/472118726_1.jpg,hb20,hyundai,2026-05-12T23:07:12.436741,015126-2,HB20 Comfort Plus 1.0 TB Flex 12V Mec.,55592.0,4,exato,0.07929198445819542
56975014,https://www.icarros.com.br/comprar/itu-sp/hyundai/hb20/2023/d56975014,Hyundai,HB20,1.0 Sense manual,Hyundai HB20 HB20 1.0 Sense manual,2023,66990.0,75000.0,SP,Itu,Branco,manual,PJ,False,False,2653898,2653898,https://img1.icarros.com/dbimg/imgadicionalanuncio/1/473370934_1.jpg,hb20,hyundai,2026-05-12T23:07:12.437154,015165-3,HB20 Sense 1.0 Flex 12V Mec.,63214.0,3,exato,0.0597336033157212
56868042,https://www.icarros.com.br/comprar/botucatu-sp/hyundai/hb20/2024/d56868042,Hyundai,HB20,1.0 Limited Plus automático,Hyundai HB20 HB20 1.0 Limited Plus automático,2024,79900.0,39000.0,SP,Botucatu,Cinza,automático,PJ,False,False,2591067,2591067,https://img0.icarros.com/dbimg/imgadicionalanuncio/1/472210760_1.jpg,hb20,hyundai,2026-05-12T23:07:12.437359,015236-6,HB20 Comfort Plus 1.0 TB Flex 12V Aut.,85394.0,3,exato,-0.06433707286226198
56818064,https://www.icarros.com.br/comprar/caraguatatuba-sp/hyundai/hb20/2021/d56818064,Hyundai,HB20,1.0 Sense manual,Hyundai HB20 HB20 1.0 Sense manual,2021,61900.0,66000.0,SP,Caraguatatuba,Vermelho,manual,PJ,False,False,2383636,2383636,https://img2.icarros.com/dbimg/imgadicionalanuncio/1/471653287_1.jpg,hb20,hyundai,2026-05-12T23:07:27.453552,015165-3,HB20 Sense 1.0 Flex 12V Mec.,56346.0,3,exato,0.09856955240833422
56857618,https://www.icarros.com.br/comprar/bady-bassitt-sp/hyundai/hb20/2019/d56857618,Hyundai,HB20,1.0 Unique manual,Hyundai HB20 HB20 1.0 Unique manual,2019,53990.0,85221.0,SP,Bady Bassitt,Branco,manual,PJ,False,False,2535529,2535529,https://img1.icarros.com/dbimg/imgadicionalanuncio/1/472098306_1.jpg,hb20,hyundai,2026-05-12T23:07:27.454120,015156-4,HB20 Unique 1.0 Flex 12V Mec.,53406.0,3,exato,0.0109351009249897
57223184,https://www.icarros.com.br/comprar/sorocaba-sp/hyundai/hb20/2016/d57223184,Hyundai,HB20,1.0 Comfort Plus manual,Hyundai HB20 HB20 1.0 Comfort Plus manual,2016,51900.0,147000.0,SP,Sorocaba,Branco,manual,PJ,False,False,2586381,2586381,https://img2.icarros.com/dbimg/imgadicionalanuncio/1/475887726_1.jpg,hb20,hyundai,2026-05-12T23:07:27.454559,015127-0,HB20 Comfort Style 1.0 TB Flex 12V Mec.,47312.0,3,exato,0.0969732837335137
56743402,https://www.icarros.com.br/comprar/itaquaquecetuba-sp/hyundai/hb20/2025/d56743402,Hyundai,HB20,1.0 Sense Plus manual,Hyundai HB20 HB20 1.0 Sense Plus manual,2025,75900.0,57000.0,SP,Itaquaquecetuba,Prata,manual,PJ,False,False,59618,59618,https://img1.icarros.com/dbimg/imgadicionalanuncio/1/470781420_1.jpg,hb20,hyundai,2026-05-12T23:07:27.454990,015234-0,HB20 Sense Plus 1.0 Flex 12V Mec.,68594.0,4,exato,0.10651077353704405
56738182,https://www.icarros.com.br/comprar/ribeirao-preto-sp/hyundai/hb20/2024/d56738182,Hyundai,HB20,1.0 Sense Plus manual,Hyundai HB20 HB20 1.0 Sense Plus manual,2024,67490.0,55040.0,SP,Ribeirão Preto,Preto,manual,LC,False,False,2796993,2796993,https://img1.icarros.com/dbimg/imgadicionalanuncio/1/470722223_1.jpg,hb20,hyundai,2026-05-12T23:07:27.455212,015234-0,HB20 Sense Plus 1.0 Flex 12V Mec.,66898.0,4,exato,0.008849292953451523
57492270,https://www.icarros.com.br/comprar/ribeirao-preto-sp/hyundai/hb20/2025/d57492270,Hyundai,HB20,1.0 Comfort Plus manual,Hyundai HB20 HB20 1.0 Comfort Plus manual,2025,74190.0,57429.0,SP,Ribeirão Preto,Branco,manual,LC,False,False,2796993,2796993,https://img0.icarros.com/dbimg/imgadicionalanuncio/1/478602549_1.jpg,hb20,hyundai,2026-05-12T23:07:27.455431,015245-5,HB20 Comfort Plus 1.0 Flex 12V Mec.,73898.0,4,exato,0.003951392459877128
57492232,https://www.icarros.com.br/comprar/ribeirao-preto-sp/hyundai/hb20/2025/d57492232,Hyundai,HB20,1.0 Comfort Plus manual,Hyundai HB20 HB20 1.0 Comfort Plus manual,2025,74690.0,50489.0,SP,Ribeirão Preto,Preto,manual,LC,False,False,2796993,2796993,https://img1.icarros.com/dbimg/imgadicionalanuncio/1/478602176_1.jpg,hb20,hyundai,2026-05-12T23:07:27.455644,015245-5,HB20 Comfort Plus 1.0 Flex 12V Mec.,73898.0,4,exato,0.010717475439118785
57492219,https://www.icarros.com.br/comprar/ribeirao-preto-sp/hyundai/hb20/2025/d57492219,Hyundai,HB20,1.0 Comfort Plus manual,Hyundai HB20 HB20 1.0 Comfort Plus manual,2025,74990.0,46937.0,SP,Ribeirão Preto,Branco,manual,LC,False,False,2796993,2796993,https://img0.icarros.com/dbimg/imgadicionalanuncio/1/478602032_1.jpg,hb20,hyundai,2026-05-12T23:07:27.455852,015245-5,HB20 Comfort Plus 1.0 Flex 12V Mec.,73898.0,4,exato,0.01477712522666378
57491562,https://www.icarros.com.br/comprar/ribeirao-preto-sp/hyundai/hb20/2025/d57491562,Hyundai,HB20,1.0 Comfort Plus manual,Hyundai HB20 HB20 1.0 Comfort Plus manual,2025,77990.0,36456.0,SP,Ribeirão Preto,Branco,manual,LC,False,False,2796993,2796993,https://img0.icarros.com/dbimg/imgadicionalanuncio/1/478595576_1.jpg,hb20,hyundai,2026-05-12T23:07:27.456063,015245-5,HB20 Comfort Plus 1.0 Flex 12V Mec.,73898.0,4,exato,0.055373623102113724
57492140,https://www.icarros.com.br/comprar/ribeirao-preto-sp/hyundai/hb20/2025/d57492140,Hyundai,HB20,1.0 Comfort Plus manual,Hyundai HB20 HB20 1.0 Comfort Plus manual,2025,78290.0,44311.0,SP,Ribeirão Preto,Branco,manual,LC,False,False,2796993,2796993,https://img2.icarros.com/dbimg/imgadicionalanuncio/1/478601339_1.jpg,hb20,hyundai,2026-05-12T23:07:27.456271,015245-5,HB20 Comfort Plus 1.0 Flex 12V Mec.,73898.0,4,exato,0.05943327288965872
57491523,https://www.icarros.com.br/comprar/ribeirao-preto-sp/hyundai/hb20/2025/d57491523,Hyundai,HB20,1.0 Comfort Plus manual,Hyundai HB20 HB20 1.0 Comfort Plus manual,2025,78490.0,36648.0,SP,Ribeirão Preto,Branco,manual,LC,False,False,2796993,2796993,https://img0.icarros.com/dbimg/imgadicionalanuncio/1/478595182_1.jpg,hb20,hyundai,2026-05-12T23:07:27.456480,015245-5,HB20 Comfort Plus 1.0 Flex 12V Mec.,73898.0,4,exato,0.062139706081355384
57492152,https://www.icarros.com.br/comprar/ribeirao-preto-sp/hyundai/hb20/2025/d57492152,Hyundai,HB20,1.0 Comfort Plus manual,Hyundai HB20 HB20 1.0 Comfort Plus manual,2025,78490.0,43392.0,SP,Ribeirão Preto,Prata,manual,LC,False,False,2796993,2796993,https://img2.icarros.com/dbimg/imgadicionalanuncio/1/478601320_1.jpg,hb20,hyundai,2026-05-12T23:07:27.456688,015245-5,HB20 Comfort Plus 1.0 Flex 12V Mec.,73898.0,4,exato,0.062139706081355384
57492252,https://www.icarros.com.br/comprar/ribeirao-preto-sp/hyundai/hb20/2025/d57492252,Hyundai,HB20,1.0 Limited Plus manual,Hyundai HB20 HB20 1.0 Limited Plus manual,2025,78999.0,49913.0,SP,Ribeirão Preto,Preto,manual,LC,False,False,2796993,2796993,https://img0.icarros.com/dbimg/imgadicionalanuncio/1/478602354_1.jpg,hb20,hyundai,2026-05-12T23:07:27.456901,015235-8,HB20 Limited Plus 1.0 Flex 12V Mec.,78785.0,4,exato,0.002716253093863045
57516451,https://www.icarros.com.br/comprar/ribeirao-preto-sp/hyundai/hb20/2025/d57516451,Hyundai,HB20,1.0 Limited Plus manual,Hyundai HB20 HB20 1.0 Limited Plus manual,2025,78999.0,52347.0,SP,Ribeirão Preto,Branco,manual,LC,False,False,2796993,2796993,https://img1.icarros.com/dbimg/imgadicionalanuncio/1/478853547_1.jpg,hb20,hyundai,2026-05-12T23:07:27.457112,015235-8,HB20 Limited Plus 1.0 Flex 12V Mec.,78785.0,4,exato,0.002716253093863045
57492079,https://www.icarros.com.br/comprar/ribeirao-preto-sp/hyundai/hb20/2025/d57492079,Hyundai,HB20,1.0 Comfort Plus manual,Hyundai HB20 HB20 1.0 Comfort Plus manual,2025,79090.0,35101.0,SP,Ribeirão Preto,Branco,manual,LC,False,False,2796993,2796993,https://img1.icarros.com/dbimg/imgadicionalanuncio/1/478600656_1.jpg,hb20,hyundai,2026-05-12T23:07:32.960103,015245-5,HB20 Comfort Plus 1.0 Flex 12V Mec.,73898.0,4,exato,0.07025900565644537
57492057,https://www.icarros.com.br/comprar/ribeirao-preto-sp/hyundai/hb20/2025/d57492057,Hyundai,HB20,1.0 Comfort Plus manual,Hyundai HB20 HB20 1.0 Comfort Plus manual,2025,79090.0,34980.0,SP,Ribeirão Preto,Branco,manual,LC,False,False,2796993,2796993,https://img0.icarros.com/dbimg/imgadicionalanuncio/1/478600461_1.jpg,hb20,hyundai,2026-05-12T23:07:32.960330,015245-5,HB20 Comfort Plus 1.0 Flex 12V Mec.,73898.0,4,exato,0.07025900565644537
57514983,https://www.icarros.com.br/comprar/ribeirao-preto-sp/hyundai/hb20/2025/d57514983,Hyundai,HB20,1.0 Limited Plus manual,Hyundai HB20 HB20 1.0 Limited Plus manual,2025,87690.0,10320.0,SP,Ribeirão Preto,Prata,manual,LC,False,False,2796993,2796993,https://img0.icarros.com/dbimg/imgadicionalanuncio/1/478837290_1.jpg,hb20,hyundai,2026-05-12T23:07:32.960542,015235-8,HB20 Limited Plus 1.0 Flex 12V Mec.,78785.0,4,exato,0.11302912991051596
57492142,https://www.icarros.com.br/comprar/ribeirao-preto-sp/hyundai/hb20/2024/d57492142,Hyundai,HB20,1.0 T-GDI Comfort Plus (Aut) automático,Hyundai HB20 HB20 1.0 T-GDI Comfort Plus (Aut) automático,2024,90790.0,40745.0,SP,Ribeirão Preto,Prata,automático,LC,False,False,2796993,2796993,https://img1.icarros.com/dbimg/imgadicionalanuncio/1/478601267_1.jpg,hb20,hyundai,2026-05-12T23:07:32.960755,015236-6,HB20 Comfort Plus 1.0 TB Flex 12V Aut.,85394.0,4,exato,0.0631894512495023
57491409,https://www.icarros.com.br/comprar/ribeirao-preto-sp/hyundai/hb20/2025/d57491409,Hyundai,HB20,1.0 Comfort Plus automático,Hyundai HB20 HB20 1.0 Comfort Plus automático,2025,96590.0,43605.0,SP,Ribeirão Preto,Preto,automático,LC,False,False,2796993,2796993,https://img0.icarros.com/dbimg/imgadicionalanuncio/1/478594063_1.jpg,hb20,hyundai,2026-05-12T23:07:32.960966,015236-6,HB20 Comfort Plus 1.0 TB Flex 12V Aut.,91384.0,4,exato,0.056968397093583124
56755686,https://www.icarros.com.br/comprar/sao-paulo-sp/hyundai/hb20/2016/d56755686,Hyundai,HB20,1.6 Comfort Style manual,Hyundai HB20 HB20 1.6 Comfort Style manual,2016,55990.0,159000.0,SP,São Paulo,Prata,manual,PJ,False,False,36041,36041,https://img0.icarros.com/dbimg/imgadicionalanuncio/1/470927397_1.jpg,hb20,hyundai,2026-05-12T23:07:32.961187,015127-0,HB20 Comfort Style 1.0 TB Flex 12V Mec.,47312.0,3,exato,0.18342069665201216
56914018,https://www.icarros.com.br/comprar/sao-carlos-sp/hyundai/hb20/2024/d56914018,Hyundai,HB20,1.0 Comfort Plus manual,Hyundai HB20 HB20 1.0 Comfort Plus manual,2024,69900.0,42000.0,SP,São Carlos,Prata,manual,PJ,False,False,2398089,2398089,https://img1.icarros.com/dbimg/imgadicionalanuncio/1/478075064_1.jpg,hb20,hyundai,2026-05-12T23:07:32.961395,015245-5,HB20 Comfort Plus 1.0 Flex 12V Mec.,70035.0,4,exato,-0.001927607624759049
56579852,https://www.icarros.com.br/comprar/marilia-sp/hyundai/hb20/2025/d56579852,Hyundai,HB20,1.0 Sense Plus manual,Hyundai HB20 HB20 1.0 Sense Plus manual,2025,68590.0,63620.0,SP,Marília,Azul,manual,LC,False,False,1574328,1574328,https://img2.icarros.com/dbimg/imgadicionalanuncio/1/468951957_1.jpg,hb20,hyundai,2026-05-12T23:07:32.961711,015234-0,HB20 Sense Plus 1.0 Flex 12V Mec.,68594.0,4,exato,-5.831413826282182e-05
57478479,https://www.icarros.com.br/comprar/marilia-sp/hyundai/hb20/2025/d57478479,Hyundai,HB20,1.0 Comfort Plus manual,Hyundai HB20 HB20 1.0 Comfort Plus manual,2025,74990.0,45603.0,SP,Marília,Preto,manual,LC,False,False,1574328,1574328,https://img0.icarros.com/dbimg/imgadicionalanuncio/1/478465925_1.jpg,hb20,hyundai,2026-05-12T23:07:32.961938,015245-5,HB20 Comfort Plus 1.0 Flex 12V Mec.,73898.0,4,exato,0.01477712522666378
57478469,https://www.icarros.com.br/comprar/marilia-sp/hyundai/hb20/2025/d57478469,Hyundai,HB20,1.0 Comfort Plus manual,Hyundai HB20 HB20 1.0 Comfort Plus manual,2025,74990.0,45844.0,SP,Marília,Preto,manual,LC,False,False,1574328,1574328,https://img2.icarros.com/dbimg/imgadicionalanuncio/1/478465820_1.jpg,hb20,hyundai,2026-05-12T23:07:32.962147,015245-5,HB20 Comfort Plus 1.0 Flex 12V Mec.,73898.0,4,exato,0.01477712522666378
57495809,https://www.icarros.com.br/comprar/marilia-sp/hyundai/hb20/2024/d57495809,Hyundai,HB20,1.0 Comfort Plus manual,Hyundai HB20 HB20 1.0 Comfort Plus manual,2024,75290.0,18891.0,SP,Marília,Branco,manual,LC,False,False,1574328,1574328,https://img2.icarros.com/dbimg/imgadicionalanuncio/1/478638171_1.jpg,hb20,hyundai,2026-05-12T23:07:32.962354,015245-5,HB20 Comfort Plus 1.0 Flex 12V Mec.,70035.0,4,exato,0.07503391161562076
57487255,https://www.icarros.com.br/comprar/marilia-sp/hyundai/hb20/2025/d57487255,Hyundai,HB20,1.0 Comfort Plus manual,Hyundai HB20 HB20 1.0 Comfort Plus manual,2025,75590.0,58705.0,SP,Marília,Branco,manual,LC,False,False,1574328,1574328,https://img1.icarros.com/dbimg/imgadicionalanuncio/1/478553084_1.jpg,hb20,hyundai,2026-05-12T23:07:32.962566,015245-5,HB20 Comfort Plus 1.0 Flex 12V Mec.,73898.0,4,exato,0.02289642480175377
57487237,https://www.icarros.com.br/comprar/marilia-sp/hyundai/hb20/2025/d57487237,Hyundai,HB20,1.0 Comfort Plus manual,Hyundai HB20 HB20 1.0 Comfort Plus manual,2025,77090.0,40032.0,SP,Marília,Branco,manual,LC,False,False,1574328,1574328,https://img1.icarros.com/dbimg/imgadicionalanuncio/1/478552899_1.jpg,hb20,hyundai,2026-05-12T23:07:32.962774,015245-5,HB20 Comfort Plus 1.0 Flex 12V Mec.,73898.0,4,exato,0.04319467373947874
57478274,https://www.icarros.com.br/comprar/marilia-sp/hyundai/hb20/2025/d57478274,Hyundai,HB20,1.0 Comfort Plus manual,Hyundai HB20 HB20 1.0 Comfort Plus manual,2025,78390.0,38453.0,SP,Marília,Branco,manual,LC,False,False,1574328,1574328,https://img2.icarros.com/dbimg/imgadicionalanuncio/1/478463992_1.jpg,hb20,hyundai,2026-05-12T23:07:32.962982,015245-5,HB20 Comfort Plus 1.0 Flex 12V Mec.,73898.0,4,exato,0.06078648948550705
57478332,https://www.icarros.com.br/comprar/marilia-sp/hyundai/hb20/2025/d57478332,Hyundai,HB20,1.0 Comfort Plus manual,Hyundai HB20 HB20 1.0 Comfort Plus manual,2025,78490.0,43477.0,SP,Marília,Branco,manual,LC,False,False,1574328,1574328,https://img0.icarros.com/dbimg/imgadicionalanuncio/1/478464521_1.jpg,hb20,hyundai,2026-05-12T23:07:32.963193,015245-5,HB20 Comfort Plus 1.0 Flex 12V Mec.,73898.0,4,exato,0.062139706081355384
57478264,https://www.icarros.com.br/comprar/marilia-sp/hyundai/hb20/2025/d57478264,Hyundai,HB20,1.0 Comfort Plus manual,Hyundai HB20 HB20 1.0 Comfort Plus manual,2025,78590.0,40203.0,SP,Marília,Branco,manual,LC,False,False,1574328,1574328,https://img1.icarros.com/dbimg/imgadicionalanuncio/1/478463829_1.jpg,hb20,hyundai,2026-05-12T23:07:32.963398,015245-5,HB20 Comfort Plus 1.0 Flex 12V Mec.,73898.0,4,exato,0.06349292267720372
57478325,https://www.icarros.com.br/comprar/marilia-sp/hyundai/hb20/2025/d57478325,Hyundai,HB20,1.0 Comfort Plus manual,Hyundai HB20 HB20 1.0 Comfort Plus manual,2025,78790.0,38790.0,SP,Marília,Preto,manual,LC,False,False,1574328,1574328,https://img2.icarros.com/dbimg/imgadicionalanuncio/1/478464480_1.jpg,hb20,hyundai,2026-05-12T23:07:32.963603,015245-5,HB20 Comfort Plus 1.0 Flex 12V Mec.,73898.0,4,exato,0.06619935586890037
57505251,https://www.icarros.com.br/comprar/marilia-sp/hyundai/hb20/2025/d57505251,Hyundai,HB20,1.0 Comfort Plus manual,Hyundai HB20 HB20 1.0 Comfort Plus manual,2025,78890.0,37479.0,SP,Marília,Prata,manual,LC,False,False,1574328,1574328,https://img0.icarros.com/dbimg/imgadicionalanuncio/1/478737555_1.jpg,hb20,hyundai,2026-05-12T23:07:32.963807,015245-5,HB20 Comfort Plus 1.0 Flex 12V Mec.,73898.0,4,exato,0.0675525724647487
57487261,https://www.icarros.com.br/comprar/marilia-sp/hyundai/hb20/2025/d57487261,Hyundai,HB20,1.0 Comfort Plus manual,Hyundai HB20 HB20 1.0 Comfort Plus manual,2025,79090.0,35303.0,SP,Marília,Branco,manual,LC,False,False,1574328,1574328,https://img1.icarros.com/dbimg/imgadicionalanuncio/1/478553142_1.jpg,hb20,hyundai,2026-05-12T23:07:32.964013,015245-5,HB20 Comfort Plus 1.0 Flex 12V Mec.,73898.0,4,exato,0.07025900565644537
57487281,https://www.icarros.com.br/comprar/marilia-sp/hyundai/hb20/2025/d57487281,Hyundai,HB20,1.0 Comfort Plus manual,Hyundai HB20 HB20 1.0 Comfort Plus manual,2025,79290.0,32321.0,SP,Marília,Branco,manual,LC,False,False,1574328,1574328,https://img0.icarros.com/dbimg/imgadicionalanuncio/1/478553337_1.jpg,hb20,hyundai,2026-05-12T23:07:32.964218,015245-5,HB20 Comfort Plus 1.0 Flex 12V Mec.,73898.0,4,exato,0.07296543884814204
57487239,https://www.icarros.com.br/comprar/marilia-sp/hyundai/hb20/2025/d57487239,Hyundai,HB20,1.0 Comfort Plus manual,Hyundai HB20 HB20 1.0 Comfort Plus manual,2025,79290.0,33824.0,SP,Marília,Cinza,manual,LC,False,False,1574328,1574328,https://img0.icarros.com/dbimg/imgadicionalanuncio/1/478552905_1.jpg,hb20,hyundai,2026-05-12T23:07:40.706842,015245-5,HB20 Comfort Plus 1.0 Flex 12V Mec.,73898.0,4,exato,0.07296543884814204
57487291,https://www.icarros.com.br/comprar/marilia-sp/hyundai/hb20/2025/d57487291,Hyundai,HB20,1.0 Limited Plus manual,Hyundai HB20 HB20 1.0 Limited Plus manual,2025,81590.0,43895.0,SP,Marília,Preto,manual,LC,False,False,1574328,1574328,https://img1.icarros.com/dbimg/imgadicionalanuncio/1/478553390_1.jpg,hb20,hyundai,2026-05-12T23:07:40.707080,015235-8,HB20 Limited Plus 1.0 Flex 12V Mec.,78785.0,4,exato,0.03560322396395253
57478565,https://www.icarros.com.br/comprar/marilia-sp/hyundai/hb20/2025/d57478565,Hyundai,HB20,1.0 Limited Plus manual,Hyundai HB20 HB20 1.0 Limited Plus manual,2025,82290.0,41218.0,SP,Marília,Branco,manual,LC,False,False,1574328,1574328,https://img2.icarros.com/dbimg/imgadicionalanuncio/1/478466800_1.jpg,hb20,hyundai,2026-05-12T23:07:40.707296,015235-8,HB20 Limited Plus 1.0 Flex 12V Mec.,78785.0,4,exato,0.04448816399060735
56736488,https://www.icarros.com.br/comprar/mogi-mirim-sp/hyundai/hb20/2019/d56736488,Hyundai,HB20,1.6 S Comfort Plus (Aut) automático,Hyundai HB20 HB20 1.6 S Comfort Plus (Aut) automático,2019,70900.0,88888.0,SP,Mogi Mirim,Branco,automático,PJ,False,False,2557128,2557128,https://img2.icarros.com/dbimg/imgadicionalanuncio/1/470702043_1.jpg,hb20,hyundai,2026-05-12T23:07:40.708565,015158-0,HB20 1 Million 1.6 Flex 16V Aut.,67995.0,2,fuzzy,0.04272372968600632
57019742,https://www.icarros.com.br/comprar/sao-paulo-sp/hyundai/hb20/2025/d57019742,Hyundai,HB20,1.0 Comfort Plus manual,Hyundai HB20 HB20 1.0 Comfort Plus manual,2025,77900.0,45000.0,SP,São Paulo,Prata,manual,PJ,False,False,2800463,2800463,https://img2.icarros.com/dbimg/imgadicionalanuncio/1/473822102_1.jpg,hb20,hyundai,2026-05-12T23:07:40.709031,015245-5,HB20 Comfort Plus 1.0 Flex 12V Mec.,73898.0,4,exato,0.05415572816585022
57487644,https://www.icarros.com.br/comprar/mogi-das-cruzes-sp/hyundai/hb20/2025/d57487644,Hyundai,HB20,1.0 Sense Plus manual,Hyundai HB20 HB20 1.0 Sense Plus manual,2025,71390.0,28070.0,SP,Mogi das Cruzes,Branco,manual,LC,False,False,2562325,2562325,https://img0.icarros.com/dbimg/imgadicionalanuncio/1/478556936_1.jpg,hb20,hyundai,2026-05-12T23:07:40.710953,015234-0,HB20 Sense Plus 1.0 Flex 12V Mec.,68594.0,4,exato,0.04076158264571245
57486807,https://www.icarros.com.br/comprar/mogi-das-cruzes-sp/hyundai/hb20/2025/d57486807,Hyundai,HB20,1.0 Comfort Plus manual,Hyundai HB20 HB20 1.0 Comfort Plus manual,2025,74990.0,47096.0,SP,Mogi das Cruzes,Branco,manual,LC,False,False,2562325,2562325,https://img0.icarros.com/dbimg/imgadicionalanuncio/1/478548737_1.jpg,hb20,hyundai,2026-05-12T23:07:48.953077,015245-5,HB20 Comfort Plus 1.0 Flex 12V Mec.,73898.0,4,exato,0.01477712522666378
57487669,https://www.icarros.com.br/comprar/mogi-das-cruzes-sp/hyundai/hb20/2025/d57487669,Hyundai,HB20,1.0 Comfort Plus manual,Hyundai HB20 HB20 1.0 Comfort Plus manual,2025,75990.0,42651.0,SP,Mogi das Cruzes,Branco,manual,LC,False,False,2562325,2562325,https://img1.icarros.com/dbimg/imgadicionalanuncio/1/478557167_1.jpg,hb20,hyundai,2026-05-12T23:07:48.953338,015245-5,HB20 Comfort Plus 1.0 Flex 12V Mec.,73898.0,4,exato,0.028309291185147096
57486882,https://www.icarros.com.br/comprar/mogi-das-cruzes-sp/hyundai/hb20/2025/d57486882,Hyundai,HB20,1.0 Comfort Plus manual,Hyundai HB20 HB20 1.0 Comfort Plus manual,2025,76990.0,35765.0,SP,Mogi das Cruzes,Branco,manual,LC,False,False,2562325,2562325,https://img0.icarros.com/dbimg/imgadicionalanuncio/1/478549487_1.jpg,hb20,hyundai,2026-05-12T23:07:48.953575,015245-5,HB20 Comfort Plus 1.0 Flex 12V Mec.,73898.0,4,exato,0.04184145714363041
57484854,https://www.icarros.com.br/comprar/mogi-das-cruzes-sp/hyundai/hb20/2025/d57484854,Hyundai,HB20,1.0 Comfort Plus manual,Hyundai HB20 HB20 1.0 Comfort Plus manual,2025,77690.0,41957.0,SP,Mogi das Cruzes,Branco,manual,LC,False,False,2562325,2562325,https://img0.icarros.com/dbimg/imgadicionalanuncio/1/478529402_1.jpg,hb20,hyundai,2026-05-12T23:07:48.953810,015245-5,HB20 Comfort Plus 1.0 Flex 12V Mec.,73898.0,4,exato,0.05131397331456873
57487503,https://www.icarros.com.br/comprar/mogi-das-cruzes-sp/hyundai/hb20/2025/d57487503,Hyundai,HB20,1.0 Comfort Plus manual,Hyundai HB20 HB20 1.0 Comfort Plus manual,2025,77790.0,38610.0,SP,Mogi das Cruzes,Branco,manual,LC,False,False,2562325,2562325,https://img0.icarros.com/dbimg/imgadicionalanuncio/1/478555499_1.jpg,hb20,hyundai,2026-05-12T23:07:48.954509,015245-5,HB20 Comfort Plus 1.0 Flex 12V Mec.,73898.0,4,exato,0.052667189910417064
57484853,https://www.icarros.com.br/comprar/mogi-das-cruzes-sp/hyundai/hb20/2024/d57484853,Hyundai,HB20,1.0 Limited Plus manual,Hyundai HB20 HB20 1.0 Limited Plus manual,2024,78690.0,33842.0,SP,Mogi das Cruzes,Branco,manual,LC,False,False,2562325,2562325,https://img2.icarros.com/dbimg/imgadicionalanuncio/1/478529371_1.jpg,hb20,hyundai,2026-05-12T23:07:48.955432,015235-8,HB20 Limited Plus 1.0 Flex 12V Mec.,76785.0,4,exato,0.024809533111935924
57477304,https://www.icarros.com.br/comprar/mogi-das-cruzes-sp/hyundai/hb20/2025/d57477304,Hyundai,HB20,1.0 Comfort Plus manual,Hyundai HB20 HB20 1.0 Comfort Plus manual,2025,78990.0,29815.0,SP,Mogi das Cruzes,Branco,manual,LC,False,False,2562325,2562325,https://img1.icarros.com/dbimg/imgadicionalanuncio/1/478454279_1.jpg,hb20,hyundai,2026-05-12T23:07:48.956975,015245-5,HB20 Comfort Plus 1.0 Flex 12V Mec.,73898.0,4,exato,0.06890578906059704
56399436,https://www.icarros.com.br/comprar/mogi-das-cruzes-sp/hyundai/hb20/2024/d56399436,Hyundai,HB20,1.0 T-GDI Platinum Plus (Aut) automático,Hyundai HB20 HB20 1.0 T-GDI Platinum Plus (Aut) automático,2024,95390.0,45683.0,SP,Mogi das Cruzes,Prata,automático,LC,False,False,2562325,2562325,https://img0.icarros.com/dbimg/imgadicionalanuncio/1/466986446_1.jpg,hb20,hyundai,2026-05-12T23:07:48.957832,015208-0,HB20 Platinum Plus 1.0 TB Flex 12V Aut.,93572.0,4,exato,0.019428888983884066
57487699,https://www.icarros.com.br/comprar/mogi-das-cruzes-sp/hyundai/hb20/2025/d57487699,Hyundai,HB20,1.0 Comfort Plus automático,Hyundai HB20 HB20 1.0 Comfort Plus automático,2025,96890.0,35954.0,SP,Mogi das Cruzes,Branco,automático,LC,False,False,2562325,2562325,https://img1.icarros.com/dbimg/imgadicionalanuncio/1/478557448_1.jpg,hb20,hyundai,2026-05-12T23:07:48.958736,015236-6,HB20 Comfort Plus 1.0 TB Flex 12V Aut.,91384.0,4,exato,0.060251247483148036
56904262,https://www.icarros.com.br/comprar/sao-jose-dos-campos-sp/hyundai/hb20/2024/d56904262,Hyundai,HB20,1.0 Comfort Plus manual,Hyundai HB20 HB20 1.0 Comfort Plus manual,2024,69900.0,48149.0,SP,São José dos Campos,Cinza,manual,PJ,False,False,2433986,2433986,https://img1.icarros.com/dbimg/imgadicionalanuncio/1/472622914_1.jpg,hb20,hyundai,2026-05-12T23:07:54.227478,015245-5,HB20 Comfort Plus 1.0 Flex 12V Mec.,70035.0,4,exato,-0.001927607624759049
57477444,https://www.icarros.com.br/comprar/americana-sp/hyundai/hb20/2025/d57477444,Hyundai,HB20,1.0 Comfort Plus manual,Hyundai HB20 HB20 1.0 Comfort Plus manual,2025,73990.0,45218.0,SP,Americana,Branco,manual,LC,False,False,1967053,1967053,https://img0.icarros.com/dbimg/imgadicionalanuncio/1/478455640_1.jpg,hb20,hyundai,2026-05-12T23:07:54.228605,015245-5,HB20 Comfort Plus 1.0 Flex 12V Mec.,73898.0,4,exato,0.001244959268180465
56628306,https://www.icarros.com.br/comprar/americana-sp/hyundai/hb20/2024/d56628306,Hyundai,HB20,1.0 Comfort Plus manual,Hyundai HB20 HB20 1.0 Comfort Plus manual,2024,73990.0,40050.0,SP,Americana,Prata,manual,LC,False,False,1967053,1967053,https://img0.icarros.com/dbimg/imgadicionalanuncio/1/469488786_1.jpg,hb20,hyundai,2026-05-12T23:07:54.228829,015245-5,HB20 Comfort Plus 1.0 Flex 12V Mec.,70035.0,4,exato,0.05647176411794103
57486006,https://www.icarros.com.br/comprar/americana-sp/hyundai/hb20/2025/d57486006,Hyundai,HB20,1.0 Comfort Plus manual,Hyundai HB20 HB20 1.0 Comfort Plus manual,2025,74990.0,49812.0,SP,Americana,Branco,manual,LC,False,False,1967053,1967053,https://img0.icarros.com/dbimg/imgadicionalanuncio/1/478540799_1.jpg,hb20,hyundai,2026-05-12T23:07:54.229040,015245-5,HB20 Comfort Plus 1.0 Flex 12V Mec.,73898.0,4,exato,0.01477712522666378
57477536,https://www.icarros.com.br/comprar/americana-sp/hyundai/hb20/2025/d57477536,Hyundai,HB20,1.0 Comfort Plus manual,Hyundai HB20 HB20 1.0 Comfort Plus manual,2025,76590.0,43410.0,SP,Americana,Prata,manual,LC,False,False,1967053,1967053,https://img2.icarros.com/dbimg/imgadicionalanuncio/1/478456450_1.jpg,hb20,hyundai,2026-05-12T23:07:54.229249,015245-5,HB20 Comfort Plus 1.0 Flex 12V Mec.,73898.0,4,exato,0.036428590760237085
57490265,https://www.icarros.com.br/comprar/americana-sp/hyundai/hb20/2025/d57490265,Hyundai,HB20,1.0 Comfort Plus manual,Hyundai HB20 HB20 1.0 Comfort Plus manual,2025,78590.0,41663.0,SP,Americana,Preto,manual,LC,False,False,1967053,1967053,https://img2.icarros.com/dbimg/imgadicionalanuncio/1/478582703_1.jpg,hb20,hyundai,2026-05-12T23:07:54.229455,015245-5,HB20 Comfort Plus 1.0 Flex 12V Mec.,73898.0,4,exato,0.06349292267720372
57485952,https://www.icarros.com.br/comprar/americana-sp/hyundai/hb20/2025/d57485952,Hyundai,HB20,1.0 Comfort Plus manual,Hyundai HB20 HB20 1.0 Comfort Plus manual,2025,78890.0,37869.0,SP,Americana,Prata,manual,LC,False,False,1967053,1967053,https://img0.icarros.com/dbimg/imgadicionalanuncio/1/478540248_1.jpg,hb20,hyundai,2026-05-12T23:07:54.229663,015245-5,HB20 Comfort Plus 1.0 Flex 12V Mec.,73898.0,4,exato,0.0675525724647487
57481523,https://www.icarros.com.br/comprar/americana-sp/hyundai/hb20/2024/d57481523,Hyundai,HB20,1.0 Limited Plus manual,Hyundai HB20 HB20 1.0 Limited Plus manual,2024,79690.0,33725.0,SP,Americana,Branco,manual,LC,False,False,1967053,1967053,https://img2.icarros.com/dbimg/imgadicionalanuncio/1/478496292_1.jpg,hb20,hyundai,2026-05-12T23:07:54.229870,015235-8,HB20 Limited Plus 1.0 Flex 12V Mec.,76785.0,4,exato,0.03783291007358208
57160900,https://www.icarros.com.br/comprar/americana-sp/hyundai/hb20/2022/d57160900,Hyundai,HB20,1.0 Vision (BlueAudio) manual,Hyundai HB20 HB20 1.0 Vision (BlueAudio) manual,2022,64900.0,35000.0,SP,Americana,Cinza,manual,PJ,False,False,36765,36765,https://img1.icarros.com/dbimg/imgadicionalanuncio/1/475946115_1.jpg,hb20,hyundai,2026-05-12T23:07:54.230076,015168-8,HB20 Vision 1.0 Flex 12V Mec.,61723.0,3,exato,0.05147189864394148
56371947,https://www.icarros.com.br/comprar/sao-bernardo-do-campo-sp/hyundai/hb20/2023/d56371947,Hyundai,HB20,1.0 Sense manual,Hyundai HB20 HB20 1.0 Sense manual,2023,68900.0,69835.0,SP,São Bernardo do Campo,Cinza,manual,PJ,False,False,2776012,2776012,https://img0.icarros.com/dbimg/imgadicionalanuncio/1/468935585_1.jpg,hb20,hyundai,2026-05-12T23:07:54.230512,015165-3,HB20 Sense 1.0 Flex 12V Mec.,63214.0,3,exato,0.08994842914544246
57215692,https://www.icarros.com.br/comprar/caraguatatuba-sp/hyundai/hb20/2019/d57215692,Hyundai,HB20,1.0 Unique manual,Hyundai HB20 HB20 1.0 Unique manual,2019,54990.0,82840.0,SP,Caraguatatuba,Prata,manual,PJ,False,False,1020949,1020949,https://img1.icarros.com/dbimg/imgadicionalanuncio/1/475809319_1.jpg,hb20,hyundai,2026-05-12T23:07:54.230715,015156-4,HB20 Unique 1.0 Flex 12V Mec.,53406.0,3,exato,0.02965958881024604
56813920,https://www.icarros.com.br/comprar/caraguatatuba-sp/hyundai/hb20/2020/d56813920,Hyundai,HB20,1.0 Evolution manual,Hyundai HB20 HB20 1.0 Evolution manual,2020,73990.0,62602.0,SP,Caraguatatuba,Branco,manual,PJ,False,False,1020949,1020949,https://img1.icarros.com/dbimg/imgadicionalanuncio/1/471604242_1.jpg,hb20,hyundai,2026-05-12T23:07:54.230919,015164-5,HB20 Evolution 1.0 Flex 12V Mec.,62952.0,3,exato,0.17533994154276275
57440624,https://www.icarros.com.br/comprar/ribeirao-preto-sp/hyundai/hb20/2024/d57440624,Hyundai,HB20,1.0 Comfort manual,Hyundai HB20 HB20 1.0 Comfort manual,2024,71900.0,77812.0,SP,Ribeirão Preto,Prata,manual,PJ,False,False,2478937,2478937,https://img2.icarros.com/dbimg/imgadicionalanuncio/1/478081722_1.jpg,hb20,hyundai,2026-05-12T23:07:54.231524,015215-3,HB20 Comfort 1.0 Flex 12V Mec.,70005.0,3,exato,0.027069495036068852
56768997,https://www.icarros.com.br/comprar/americana-sp/hyundai/hb20/2019/d56768997,Hyundai,HB20,1.0 Unique manual,Hyundai HB20 HB20 1.0 Unique manual,2019,55999.0,106628.0,SP,Americana,Branco,manual,PJ,False,False,111977,111977,https://img0.icarros.com/dbimg/imgadicionalanuncio/1/475869275_1.jpg,hb20,hyundai,2026-05-12T23:08:01.476749,015156-4,HB20 Unique 1.0 Flex 12V Mec.,53406.0,3,exato,0.04855259708646969
56921297,https://www.icarros.com.br/comprar/hortolandia-sp/hyundai/hb20/2019/d56921297,Hyundai,HB20,1.0 Unique manual,Hyundai HB20 HB20 1.0 Unique manual,2019,53900.0,144699.0,SP,Hortolândia,Branco,manual,PJ,False,False,2478797,2478797,https://img2.icarros.com/dbimg/imgadicionalanuncio/1/472805681_1.jpg,hb20,hyundai,2026-05-12T23:08:01.476979,015156-4,HB20 Unique 1.0 Flex 12V Mec.,53406.0,3,exato,0.009249897015316632
56749751,https://www.icarros.com.br/comprar/hortolandia-sp/hyundai/hb20/2014/d56749751,Hyundai,HB20,1.6 Comfort Plus (Aut) automático,Hyundai HB20 HB20 1.6 Comfort Plus (Aut) automático,2014,55900.0,74219.0,SP,Hortolândia,Branco,automático,PJ,False,False,2478797,2478797,https://img2.icarros.com/dbimg/imgadicionalanuncio/1/470854859_1.jpg,hb20,hyundai,2026-05-12T23:08:01.477189,015090-8,HB20 C.Style/C.Plus 1.6 Flex 16V Aut.,48556.0,2,fuzzy,0.15124804349616938
56897618,https://www.icarros.com.br/comprar/hortolandia-sp/hyundai/hb20/2025/d56897618,Hyundai,HB20,1.0 Comfort Plus manual,Hyundai HB20 HB20 1.0 Comfort Plus manual,2025,74900.0,64945.0,SP,Hortolândia,Cinza,manual,PJ,False,False,2478797,2478797,https://img2.icarros.com/dbimg/imgadicionalanuncio/1/472558457_1.jpg,hb20,hyundai,2026-05-12T23:08:01.477397,015245-5,HB20 Comfort Plus 1.0 Flex 12V Mec.,73898.0,4,exato,0.013559230290400282
56897627,https://www.icarros.com.br/comprar/hortolandia-sp/hyundai/hb20/2025/d56897627,Hyundai,HB20,1.0 Comfort Plus manual,Hyundai HB20 HB20 1.0 Comfort Plus manual,2025,74900.0,40800.0,SP,Hortolândia,Prata,manual,PJ,False,False,2478797,2478797,https://img2.icarros.com/dbimg/imgadicionalanuncio/1/472558564_1.jpg,hb20,hyundai,2026-05-12T23:08:01.477603,015245-5,HB20 Comfort Plus 1.0 Flex 12V Mec.,73898.0,4,exato,0.013559230290400282
56972497,https://www.icarros.com.br/comprar/hortolandia-sp/hyundai/hb20/2025/d56972497,Hyundai,HB20,1.0 Comfort Plus manual,Hyundai HB20 HB20 1.0 Comfort Plus manual,2025,75900.0,34892.0,SP,Hortolândia,Prata,manual,PJ,False,False,2478797,2478797,https://img1.icarros.com/dbimg/imgadicionalanuncio/1/473343904_1.jpg,hb20,hyundai,2026-05-12T23:08:01.477810,015245-5,HB20 Comfort Plus 1.0 Flex 12V Mec.,73898.0,4,exato,0.027091396248883598
56359039,https://www.icarros.com.br/comprar/sao-paulo-sp/hyundai/hb20/2025/d56359039,Hyundai,HB20,1.0 Comfort Plus manual,Hyundai HB20 HB20 1.0 Comfort Plus manual,2025,73900.0,50000.0,SP,São Paulo,Prata,manual,PJ,False,False,28253,28253,https://img1.icarros.com/dbimg/imgadicionalanuncio/1/466559780_1.jpg,hb20,hyundai,2026-05-12T23:08:01.478832,015245-5,HB20 Comfort Plus 1.0 Flex 12V Mec.,73898.0,4,exato,2.706433191696663e-05
57041421,https://www.icarros.com.br/comprar/sao-paulo-sp/hyundai/hb20/2024/d57041421,Hyundai,HB20,1.0 Comfort automático,Hyundai HB20 HB20 1.0 Comfort automático,2024,79583.0,50200.0,SP,São Paulo,Branco,automático,PJ,False,False,2566993,2566993,https://img0.icarros.com/dbimg/imgadicionalanuncio/1/478847588_1.jpg,hb20,hyundai,2026-05-12T23:08:07.233218,015214-5,HB20 Comfort 1.0 TB Flex 12V Aut,82890.0,3,exato,-0.039896248039570516
57099173,https://www.icarros.com.br/comprar/sao-paulo-sp/hyundai/hb20/2024/d57099173,Hyundai,HB20,1.0 Comfort automático,Hyundai HB20 HB20 1.0 Comfort automático,2024,79680.0,49000.0,SP,São Paulo,Prata,automático,PJ,False,False,2566993,2566993,https://img2.icarros.com/dbimg/imgadicionalanuncio/1/478848294_1.jpg,hb20,hyundai,2026-05-12T23:08:07.233425,015214-5,HB20 Comfort 1.0 TB Flex 12V Aut,82890.0,3,exato,-0.03872602243937749
57041503,https://www.icarros.com.br/comprar/sao-paulo-sp/hyundai/hb20/2024/d57041503,Hyundai,HB20,1.0 Comfort automático,Hyundai HB20 HB20 1.0 Comfort automático,2024,80099.0,43400.0,SP,São Paulo,Branco,automático,PJ,False,False,2566993,2566993,https://img1.icarros.com/dbimg/imgadicionalanuncio/1/478850727_1.jpg,hb20,hyundai,2026-05-12T23:08:07.233632,015214-5,HB20 Comfort 1.0 TB Flex 12V Aut,82890.0,3,exato,-0.033671130413801424
57230950,https://www.icarros.com.br/comprar/sao-jose-dos-campos-sp/hyundai/hb20/2024/d57230950,Hyundai,HB20,1.0 Sense manual,Hyundai HB20 HB20 1.0 Sense manual,2024,69900.0,76000.0,SP,São José dos Campos,Branco,manual,PJ,False,False,2787867,2787867,https://img1.icarros.com/dbimg/imgadicionalanuncio/1/475967778_1.jpg,hb20,hyundai,2026-05-12T23:08:07.233839,015165-3,HB20 Sense 1.0 Flex 12V Mec.,67613.0,3,exato,0.033824856166713504
56692004,https://www.icarros.com.br/comprar/campinas-sp/hyundai/hb20/2013/d56692004,Hyundai,HB20,1.0 Comfort Style manual,Hyundai HB20 HB20 1.0 Comfort Style manual,2013,42990.0,171000.0,SP,Campinas,Cinza,manual,PJ,False,False,2723225,2723225,https://img2.icarros.com/dbimg/imgadicionalanuncio/1/470208486_1.jpg,hb20,hyundai,2026-05-12T23:08:07.234049,015094-0,HB20X Style 1.6 Flex 16v Mec.,44333.0,2,fuzzy,-0.03029346085308912
56818017,https://www.icarros.com.br/comprar/sao-jose-dos-campos-sp/hyundai/hb20/2020/d56818017,Hyundai,HB20,1.0 T-GDI Diamond (Aut) automático,Hyundai HB20 HB20 1.0 T-GDI Diamond (Aut) automático,2020,75890.0,34000.0,SP,São José dos Campos,Prata,automático,PJ,False,False,48921,48921,https://img0.icarros.com/dbimg/imgadicionalanuncio/1/471828504_1.jpg,hb20,hyundai,2026-05-12T23:08:07.236255,015171-8,HB20 Diamond 1.0 TB Flex 12V Aut.,74277.0,3,exato,0.021716008993362682
57164132,https://www.icarros.com.br/comprar/guaratingueta-sp/hyundai/hb20/2025/d57164132,Hyundai,HB20,1.0 Comfort Plus manual,Hyundai HB20 HB20 1.0 Comfort Plus manual,2025,75900.0,31381.0,SP,Guaratinguetá,Cinza,manual,PJ,False,False,998670,998670,https://img2.icarros.com/dbimg/imgadicionalanuncio/1/475284212_1.jpg,hb20,hyundai,2026-05-12T23:08:07.236453,015245-5,HB20 Comfort Plus 1.0 Flex 12V Mec.,73898.0,4,exato,0.027091396248883598
57485492,https://www.icarros.com.br/comprar/sao-paulo-sp/hyundai/hb20/2025/d57485492,Hyundai,HB20,1.0 Sense Plus manual,Hyundai HB20 HB20 1.0 Sense Plus manual,2025,71890.0,41155.0,SP,São Paulo,Prata,manual,LC,False,False,2562310,2562310,https://img2.icarros.com/dbimg/imgadicionalanuncio/1/478535664_1.jpg,hb20,hyundai,2026-05-12T23:08:07.236655,015234-0,HB20 Sense Plus 1.0 Flex 12V Mec.,68594.0,4,exato,0.04805084992856518
57495864,https://www.icarros.com.br/comprar/sao-paulo-sp/hyundai/hb20/2024/d57495864,Hyundai,HB20,1.0 Limited Plus manual,Hyundai HB20 HB20 1.0 Limited Plus manual,2024,76190.0,53072.0,SP,São Paulo,Branco,manual,LC,False,False,2562310,2562310,https://img0.icarros.com/dbimg/imgadicionalanuncio/1/478638772_1.jpg,hb20,hyundai,2026-05-12T23:08:07.236861,015235-8,HB20 Limited Plus 1.0 Flex 12V Mec.,76785.0,4,exato,-0.007748909292179462
57491493,https://www.icarros.com.br/comprar/sao-paulo-sp/hyundai/hb20/2025/d57491493,Hyundai,HB20,1.0 Comfort Plus manual,Hyundai HB20 HB20 1.0 Comfort Plus manual,2025,76790.0,37396.0,SP,São Paulo,Branco,manual,LC,False,False,2562310,2562310,https://img0.icarros.com/dbimg/imgadicionalanuncio/1/478594909_1.jpg,hb20,hyundai,2026-05-12T23:08:13.196546,015245-5,HB20 Comfort Plus 1.0 Flex 12V Mec.,73898.0,4,exato,0.039135023951933745
57485321,https://www.icarros.com.br/comprar/sao-paulo-sp/hyundai/hb20/2025/d57485321,Hyundai,HB20,1.0 Comfort Plus manual,Hyundai HB20 HB20 1.0 Comfort Plus manual,2025,76990.0,35525.0,SP,São Paulo,Prata,manual,LC,False,False,2562310,2562310,https://img2.icarros.com/dbimg/imgadicionalanuncio/1/478534013_1.jpg,hb20,hyundai,2026-05-12T23:08:13.196775,015245-5,HB20 Comfort Plus 1.0 Flex 12V Mec.,73898.0,4,exato,0.04184145714363041
57359672,https://www.icarros.com.br/comprar/sao-paulo-sp/hyundai/hb20/2024/d57359672,Hyundai,HB20,1.0 T-GDI Comfort Plus (Aut) automático,Hyundai HB20 HB20 1.0 T-GDI Comfort Plus (Aut) automático,2024,89390.0,47605.0,SP,São Paulo,Azul,automático,LC,False,False,2562310,2562310,https://img2.icarros.com/dbimg/imgadicionalanuncio/1/477267936_1.jpg,hb20,hyundai,2026-05-12T23:08:13.196991,015236-6,HB20 Comfort Plus 1.0 TB Flex 12V Aut.,85394.0,4,exato,0.0467948567815069
56752485,https://www.icarros.com.br/comprar/sao-paulo-sp/hyundai/hb20/2019/d56752485,Hyundai,HB20,1.0 Comfort manual,Hyundai HB20 HB20 1.0 Comfort manual,2019,61990.0,80000.0,SP,São Paulo,Branco,manual,PJ,False,False,38147,38147,https://img0.icarros.com/dbimg/imgadicionalanuncio/1/470890401_1.jpg,hb20,hyundai,2026-05-12T23:08:13.197798,015126-2,HB20 Comfort Plus 1.0 TB Flex 12V Mec.,55592.0,3,exato,0.11508850194272557
57185377,https://www.icarros.com.br/comprar/campinas-sp/hyundai/hb20/2015/d57185377,Hyundai,HB20,1.6 Premium (Aut) automático,Hyundai HB20 HB20 1.6 Premium (Aut) automático,2015,59990.0,129244.0,SP,Campinas,Preto,automático,PJ,False,False,116818,116818,https://img1.icarros.com/dbimg/imgadicionalanuncio/1/475506966_1.jpg,hb20,hyundai,2026-05-12T23:08:13.198422,015092-4,HB20 Premium 1.6 Flex 16V Aut.,55703.0,3,exato,0.07696174353266431
57186275,https://www.icarros.com.br/comprar/campinas-sp/hyundai/hb20/2024/d57186275,Hyundai,HB20,1.0 Limited manual,Hyundai HB20 HB20 1.0 Limited manual,2024,79990.0,28813.0,SP,Campinas,Branco,manual,PJ,False,False,116818,116818,https://img2.icarros.com/dbimg/imgadicionalanuncio/1/475516229_1.jpg,hb20,hyundai,2026-05-12T23:08:13.198630,015213-7,HB20 Limited 1.0 Flex 12V Mec.,76681.0,3,exato,0.04315280186747695
56648400,https://www.icarros.com.br/comprar/campinas-sp/hyundai/hb20/2023/d56648400,Hyundai,HB20,1.0 T-GDI Comfort (Aut) automático,Hyundai HB20 HB20 1.0 T-GDI Comfort (Aut) automático,2023,80990.0,61845.0,SP,Campinas,Preto,automático,PJ,False,False,116818,116818,https://img0.icarros.com/dbimg/imgadicionalanuncio/1/469715816_1.jpg,hb20,hyundai,2026-05-12T23:08:13.198838,015214-5,HB20 Comfort 1.0 TB Flex 12V Aut,79353.0,3,exato,0.020629339785515354
56403969,https://www.icarros.com.br/comprar/sorocaba-sp/hyundai/hb20/2025/d56403969,Hyundai,HB20,1.0 Comfort Plus manual,Hyundai HB20 HB20 1.0 Comfort Plus manual,2025,78000.0,36724.0,SP,Sorocaba,Prata,manual,PJ,False,False,37100,37100,https://img0.icarros.com/dbimg/imgadicionalanuncio/1/467028966_1.jpg,hb20,hyundai,2026-05-12T23:08:13.199244,015245-5,HB20 Comfort Plus 1.0 Flex 12V Mec.,73898.0,4,exato,0.055508944761698556
57469136,https://www.icarros.com.br/comprar/cosmopolis-sp/hyundai/hb20/2018/d57469136,Hyundai,HB20,1.6 Comfort Plus (Aut) automático,Hyundai HB20 HB20 1.6 Comfort Plus (Aut) automático,2018,62990.0,78500.0,SP,Cosmópolis,Branco,automático,PJ,False,False,93786,93786,https://img2.icarros.com/dbimg/imgadicionalanuncio/1/478373075_1.jpg,hb20,hyundai,2026-05-12T23:08:13.199447,015150-5,HB20 5 Anos 1.6 Flex 16V Aut.,63469.0,2,fuzzy,-0.007546991444642266
56774315,https://www.icarros.com.br/comprar/valinhos-sp/hyundai/hb20/2020/d56774315,Hyundai,HB20,1.0 Evolution manual,Hyundai HB20 HB20 1.0 Evolution manual,2020,62900.0,95000.0,SP,Valinhos,Prata,manual,PJ,False,False,920805,920805,https://img2.icarros.com/dbimg/imgadicionalanuncio/1/471128883_1.jpg,hb20,hyundai,2026-05-12T23:08:13.200063,015164-5,HB20 Evolution 1.0 Flex 12V Mec.,62952.0,3,exato,-0.0008260261786758165
56631424,https://www.icarros.com.br/comprar/osasco-sp/hyundai/hb20/2019/d56631424,Hyundai,HB20,1.0 Comfort Plus manual,Hyundai HB20 HB20 1.0 Comfort Plus manual,2019,57900.0,89688.0,SP,Osasco,Preto,manual,PJ,False,False,1584885,1584885,https://img1.icarros.com/dbimg/imgadicionalanuncio/1/469523205_1.jpg,hb20,hyundai,2026-05-12T23:08:13.200465,015126-2,HB20 Comfort Plus 1.0 TB Flex 12V Mec.,55592.0,4,exato,0.04151676500215858
56878344,https://www.icarros.com.br/comprar/valinhos-sp/hyundai/hb20/2019/d56878344,Hyundai,HB20,1.6 Comfort Plus (Aut) automático,Hyundai HB20 HB20 1.6 Comfort Plus (Aut) automático,2019,67900.0,74000.0,SP,Valinhos,Branco,automático,PJ,False,False,2624460,2624460,https://img0.icarros.com/dbimg/imgadicionalanuncio/1/472330273_1.jpg,hb20,hyundai,2026-05-12T23:08:18.458307,015158-0,HB20 1 Million 1.6 Flex 16V Aut.,67995.0,2,fuzzy,-0.0013971615559967645
57354806,https://www.icarros.com.br/comprar/taubate-sp/hyundai/hb20/2021/d57354806,Hyundai,HB20,1.0 Vision manual,Hyundai HB20 HB20 1.0 Vision manual,2021,64900.0,53000.0,SP,Taubaté,Cinza,manual,PJ,False,False,2490253,2490253,https://img2.icarros.com/dbimg/imgadicionalanuncio/1/477220491_1.jpg,hb20,hyundai,2026-05-12T23:08:18.459192,015168-8,HB20 Vision 1.0 Flex 12V Mec.,60217.0,3,exato,0.07776873640334125
56670923,https://www.icarros.com.br/comprar/jundiai-sp/hyundai/hb20/2019/d56670923,Hyundai,HB20,1.0 Comfort Plus manual,Hyundai HB20 HB20 1.0 Comfort Plus manual,2019,57900.0,90000.0,SP,Jundiaí,Prata,manual,PJ,False,False,116807,116807,https://img2.icarros.com/dbimg/imgadicionalanuncio/1/469972835_1.jpg,hb20,hyundai,2026-05-12T23:08:22.782776,015126-2,HB20 Comfort Plus 1.0 TB Flex 12V Mec.,55592.0,4,exato,0.04151676500215858
57280710,https://www.icarros.com.br/comprar/campinas-sp/hyundai/hb20/2019/d57280710,Hyundai,HB20,1.0 Unique manual,Hyundai HB20 HB20 1.0 Unique manual,2019,56990.0,99118.0,SP,Campinas,Prata,manual,PJ,False,False,1449102,1449102,https://img0.icarros.com/dbimg/imgadicionalanuncio/1/476468515_1.jpg,hb20,hyundai,2026-05-12T23:08:22.783202,015156-4,HB20 Unique 1.0 Flex 12V Mec.,53406.0,3,exato,0.06710856458075871
57354040,https://www.icarros.com.br/comprar/sao-paulo-sp/hyundai/hb20/2019/d57354040,Hyundai,HB20,1.0 Unique manual,Hyundai HB20 HB20 1.0 Unique manual,2019,58900.0,53334.0,SP,São Paulo,Branco,manual,PJ,False,False,2217019,2217019,https://img1.icarros.com/dbimg/imgadicionalanuncio/1/477212797_1.jpg,hb20,hyundai,2026-05-12T23:08:22.783614,015156-4,HB20 Unique 1.0 Flex 12V Mec.,53406.0,3,exato,0.10287233644159832
56798280,https://www.icarros.com.br/comprar/americana-sp/hyundai/hb20/2018/d56798280,Hyundai,HB20,1.0 Comfort Plus manual,Hyundai HB20 HB20 1.0 Comfort Plus manual,2018,54900.0,148944.0,SP,Americana,Preto,manual,PJ,False,False,2623604,2623604,https://img0.icarros.com/dbimg/imgadicionalanuncio/1/471414524_1.jpg,hb20,hyundai,2026-05-12T23:08:22.784060,015126-2,HB20 Comfort Plus 1.0 TB Flex 12V Mec.,52115.0,4,exato,0.053439508778662576
56639223,https://www.icarros.com.br/comprar/guaruja-sp/hyundai/hb20/2024/d56639223,Hyundai,HB20,1.0 Comfort manual,Hyundai HB20 HB20 1.0 Comfort manual,2024,75900.0,34000.0,SP,Guarujá,Preto,manual,PJ,False,False,179087,179087,https://img0.icarros.com/dbimg/imgadicionalanuncio/1/469610716_1.jpg,hb20,hyundai,2026-05-12T23:08:22.784269,015215-3,HB20 Comfort 1.0 Flex 12V Mec.,70005.0,3,exato,0.0842082708377973
56450516,https://www.icarros.com.br/comprar/guaruja-sp/hyundai/hb20/2025/d56450516,Hyundai,HB20,1.0 Comfort Plus manual,Hyundai HB20 HB20 1.0 Comfort Plus manual,2025,82900.0,13500.0,SP,Guarujá,Azul,manual,PJ,False,False,179087,179087,https://img2.icarros.com/dbimg/imgadicionalanuncio/1/467507082_1.jpg,hb20,hyundai,2026-05-12T23:08:22.784476,015245-5,HB20 Comfort Plus 1.0 Flex 12V Mec.,73898.0,4,exato,0.1218165579582668
56827164,https://www.icarros.com.br/comprar/sumare-sp/hyundai/hb20/2016/d56827164,Hyundai,HB20,1.6 Premium (Aut) automático,Hyundai HB20 HB20 1.6 Premium (Aut) automático,2016,63900.0,160296.0,SP,Sumaré,Branco,automático,PJ,False,False,1118049,1118049,https://img0.icarros.com/dbimg/imgadicionalanuncio/1/471760177_1.jpg,hb20,hyundai,2026-05-12T23:08:22.784693,015092-4,HB20 Premium 1.6 Flex 16V Aut.,61214.0,3,exato,0.04387885124317967
56538425,https://www.icarros.com.br/comprar/campinas-sp/hyundai/hb20/2022/d56538425,Hyundai,HB20,1.0 Evolution manual,Hyundai HB20 HB20 1.0 Evolution manual,2022,68890.0,59000.0,SP,Campinas,Branco,manual,PJ,False,False,115761,115761,https://img2.icarros.com/dbimg/imgadicionalanuncio/1/468476964_1.jpg,hb20,hyundai,2026-05-12T23:08:27.949326,015164-5,HB20 Evolution 1.0 Flex 12V Mec.,66268.0,3,exato,0.03956660831774009
57169010,https://www.icarros.com.br/comprar/guarulhos-sp/hyundai/hb20/2025/d57169010,Hyundai,HB20,1.0 Limited Plus manual,Hyundai HB20 HB20 1.0 Limited Plus manual,2025,79900.0,33000.0,SP,Guarulhos,Prata,manual,PJ,False,False,2658729,2658729,https://img2.icarros.com/dbimg/imgadicionalanuncio/1/475334398_1.jpg,hb20,hyundai,2026-05-12T23:08:31.780101,015235-8,HB20 Limited Plus 1.0 Flex 12V Mec.,78785.0,4,exato,0.014152440185314464
56900205,https://www.icarros.com.br/comprar/sao-paulo-sp/hyundai/hb20/2027/d56900205,Hyundai,HB20,1.0 Comfort manual,Hyundai HB20 HB20 1.0 Comfort manual,2027,86990.0,0.0,SP,São Paulo,Preto,manual,PJ,False,False,1429923,1429923,https://img0.icarros.com/dbimg/imgadicionalanuncio/1/472587027_1.jpg,hb20,hyundai,2026-05-12T23:08:31.780310,015215-3,HB20 Comfort 1.0 Flex 12V Mec.,81733.0,3,exato,0.06431918564105074
57356759,https://www.icarros.com.br/comprar/sao-paulo-sp/hyundai/hb20/2027/d57356759,Hyundai,HB20,1.0 Limited manual,Hyundai HB20 HB20 1.0 Limited manual,2027,87790.0,0.0,SP,São Paulo,Preto,manual,PJ,False,False,1429923,1429923,https://img2.icarros.com/dbimg/imgadicionalanuncio/1/477239686_1.jpg,hb20,hyundai,2026-05-12T23:08:31.780515,015213-7,HB20 Limited 1.0 Flex 12V Mec.,84508.0,3,exato,0.03883655985232167
57357658,https://www.icarros.com.br/comprar/sao-paulo-sp/hyundai/hb20/2027/d57357658,Hyundai,HB20,1.0 Limited manual,Hyundai HB20 HB20 1.0 Limited manual,2027,87790.0,0.0,SP,São Paulo,Preto,manual,PJ,False,False,1429923,1429923,https://img1.icarros.com/dbimg/imgadicionalanuncio/1/477248057_1.jpg,hb20,hyundai,2026-05-12T23:08:31.780726,015213-7,HB20 Limited 1.0 Flex 12V Mec.,84508.0,3,exato,0.03883655985232167
57396331,https://www.icarros.com.br/comprar/sao-paulo-sp/hyundai/hb20/2027/d57396331,Hyundai,HB20,1.0 T-GDI Limited (Aut) automático,Hyundai HB20 HB20 1.0 T-GDI Limited (Aut) automático,2027,109990.0,0.0,SP,São Paulo,Preto,automático,PJ,False,False,1429923,1429923,https://img1.icarros.com/dbimg/imgadicionalanuncio/1/477640990_1.jpg,hb20,hyundai,2026-05-12T23:08:31.780941,015251-0,HB20 Limited 1.0 TB Flex 12V Aut.,105081.0,3,exato,0.046716342630922815
56641914,https://www.icarros.com.br/comprar/sao-paulo-sp/hyundai/hb20/2026/d56641914,Hyundai,HB20,1.0 T-GDI Platinum (Aut) automático,Hyundai HB20 HB20 1.0 T-GDI Platinum (Aut) automático,2026,114990.0,0.0,SP,São Paulo,Preto,automático,PJ,False,False,1429923,1429923,https://img0.icarros.com/dbimg/imgadicionalanuncio/1/469640473_1.jpg,hb20,hyundai,2026-05-12T23:08:31.781152,015209-9,HB20 Platinum 1.0 TB Flex 12V Aut.,110121.0,3,exato,0.0442149998637862
57396327,https://www.icarros.com.br/comprar/sao-paulo-sp/hyundai/hb20/2027/d57396327,Hyundai,HB20,1.0 T-GDI Platinum (Aut) automático,Hyundai HB20 HB20 1.0 T-GDI Platinum (Aut) automático,2027,119990.0,0.0,SP,São Paulo,Preto,automático,PJ,False,False,1429923,1429923,https://img0.icarros.com/dbimg/imgadicionalanuncio/1/477640976_1.jpg,hb20,hyundai,2026-05-12T23:08:31.781362,015209-9,HB20 Platinum 1.0 TB Flex 12V Aut.,110121.0,3,exato,0.08961960025789813
56872811,https://www.icarros.com.br/comprar/sao-paulo-sp/hyundai/hb20/2024/d56872811,Hyundai,HB20,1.0 T-GDI Platinum (Aut) automático,Hyundai HB20 HB20 1.0 T-GDI Platinum (Aut) automático,2024,89900.0,50000.0,SP,São Paulo,Preto,automático,PJ,False,False,718391,718391,https://img2.icarros.com/dbimg/imgadicionalanuncio/1/472267983_1.jpg,hb20,hyundai,2026-05-12T23:08:31.781568,015209-9,HB20 Platinum 1.0 TB Flex 12V Aut.,92763.0,3,exato,-0.030863598633075688
56618697,https://www.icarros.com.br/comprar/braganca-paulista-sp/hyundai/hb20/2024/d56618697,Hyundai,HB20,1.0 Comfort Plus manual,Hyundai HB20 HB20 1.0 Comfort Plus manual,2024,74800.0,41900.0,SP,Bragança Paulista,Azul,manual,PJ,False,False,116888,116888,https://img0.icarros.com/dbimg/imgadicionalanuncio/1/469378721_1.jpg,hb20,hyundai,2026-05-12T23:08:31.781772,015245-5,HB20 Comfort Plus 1.0 Flex 12V Mec.,70035.0,4,exato,0.06803740986649533
56731061,https://www.icarros.com.br/comprar/limeira-sp/hyundai/hb20/2015/d56731061,Hyundai,HB20,1.6 Comfort Plus (Aut) automático,Hyundai HB20 HB20 1.6 Comfort Plus (Aut) automático,2015,54900.0,159260.0,SP,Limeira,Prata,automático,PJ,False,False,2792965,2792965,https://img2.icarros.com/dbimg/imgadicionalanuncio/1/470641385_1.jpg,hb20,hyundai,2026-05-12T23:08:31.782598,015090-8,HB20 C.Style/C.Plus 1.6 Flex 16V Aut.,50867.0,2,fuzzy,0.0792851947234946
56928588,https://www.icarros.com.br/comprar/sao-jose-do-rio-preto-sp/hyundai/hb20/2019/d56928588,Hyundai,HB20,1.0 Unique manual,Hyundai HB20 HB20 1.0 Unique manual,2019,54900.0,108000.0,SP,São José do Rio Preto,Branco,manual,PJ,False,False,2814110,2814110,https://img0.icarros.com/dbimg/imgadicionalanuncio/1/472889507_1.jpg,hb20,hyundai,2026-05-12T23:08:31.782802,015156-4,HB20 Unique 1.0 Flex 12V Mec.,53406.0,3,exato,0.02797438490057297
56584598,https://www.icarros.com.br/comprar/bauru-sp/hyundai/hb20/2016/d56584598,Hyundai,HB20,1.6 Premium (Aut) automático,Hyundai HB20 HB20 1.6 Premium (Aut) automático,2016,63900.0,98000.0,SP,Bauru,Branco,automático,PJ,False,False,1848782,1848782,https://img2.icarros.com/dbimg/imgadicionalanuncio/1/469005007_1.jpg,hb20,hyundai,2026-05-12T23:08:31.783204,015092-4,HB20 Premium 1.6 Flex 16V Aut.,61214.0,3,exato,0.04387885124317967
56937608,https://www.icarros.com.br/comprar/santo-andre-sp/hyundai/hb20/2016/d56937608,Hyundai,HB20,1.6 Premium (Aut) automático,Hyundai HB20 HB20 1.6 Premium (Aut) automático,2016,67900.0,87712.0,SP,Santo André,Branco,automático,PJ,False,False,296148,296148,https://img2.icarros.com/dbimg/imgadicionalanuncio/1/472979646_1.jpg,hb20,hyundai,2026-05-12T23:08:31.783405,015092-4,HB20 Premium 1.6 Flex 16V Aut.,61214.0,3,exato,0.10922338027248668
56907516,https://www.icarros.com.br/comprar/santo-andre-sp/hyundai/hb20/2016/d56907516,Hyundai,HB20,1.6 Premium (Aut) automático,Hyundai HB20 HB20 1.6 Premium (Aut) automático,2016,71900.0,46780.0,SP,Santo André,Branco,automático,PJ,False,False,296148,296148,,hb20,hyundai,2026-05-12T23:08:31.783522,015092-4,HB20 Premium 1.6 Flex 16V Aut.,61214.0,3,exato,0.1745679093017937
56904310,https://www.icarros.com.br/comprar/sao-paulo-sp/hyundai/hb20/2017/d56904310,Hyundai,HB20,1.0 Comfort manual,Hyundai HB20 HB20 1.0 Comfort manual,2017,51900.0,151594.0,SP,São Paulo,Preto,manual,PJ,False,False,2782644,2782644,https://img1.icarros.com/dbimg/imgadicionalanuncio/1/472623670_1.jpg,hb20,hyundai,2026-05-12T23:08:35.867742,015126-2,HB20 Comfort Plus 1.0 TB Flex 12V Mec.,48223.0,3,exato,0.0762499222362773
56782573,https://www.icarros.com.br/comprar/sao-paulo-sp/hyundai/hb20/2018/d56782573,Hyundai,HB20,1.6 Premium (Aut) automático,Hyundai HB20 HB20 1.6 Premium (Aut) automático,2018,69900.0,120000.0,SP,São Paulo,Prata,automático,PJ,False,False,2782644,2782644,https://img1.icarros.com/dbimg/imgadicionalanuncio/1/472101348_1.jpg,hb20,hyundai,2026-05-12T23:08:35.867988,015092-4,HB20 Premium 1.6 Flex 16V Aut.,68140.0,3,exato,0.02582917522747285
56830019,https://www.icarros.com.br/comprar/sao-paulo-sp/hyundai/hb20/2025/d56830019,Hyundai,HB20,1.0 Comfort Plus manual,Hyundai HB20 HB20 1.0 Comfort Plus manual,2025,74900.0,47746.0,SP,São Paulo,Preto,manual,PJ,False,False,2782644,2782644,https://img2.icarros.com/dbimg/imgadicionalanuncio/1/471793155_1.jpg,hb20,hyundai,2026-05-12T23:08:35.868215,015245-5,HB20 Comfort Plus 1.0 Flex 12V Mec.,73898.0,4,exato,0.013559230290400282
57452679,https://www.icarros.com.br/comprar/braganca-paulista-sp/hyundai/hb20/2023/d57452679,Hyundai,HB20,1.0 T-GDI Edicao Especial (Aut) automático,Hyundai HB20 HB20 1.0 T-GDI Edicao Especial (Aut) automático,2023,82990.0,50800.0,SP,Bragança Paulista,Prata,automático,PJ,False,False,2439169,2439169,https://img0.icarros.com/dbimg/imgadicionalanuncio/1/478204078_1.jpg,hb20,hyundai,2026-05-12T23:08:35.872177,015225-0,HB20 Edição Especial 1.0 TB Flex Aut.,76978.0,4,exato,0.07810023643118813
57495537,https://www.icarros.com.br/comprar/sao-paulo-sp/hyundai/hb20/2016/d57495537,Hyundai,HB20,1.0 Comfort Plus manual,Hyundai HB20 HB20 1.0 Comfort Plus manual,2016,45900.0,138312.0,SP,São Paulo,Preto,manual,PJ,False,False,179721,179721,https://img0.icarros.com/dbimg/imgadicionalanuncio/1/478634929_1.jpg,hb20,hyundai,2026-05-12T23:08:35.872420,015127-0,HB20 Comfort Style 1.0 TB Flex 12V Mec.,47312.0,3,exato,-0.029844436929320258
57497479,https://www.icarros.com.br/comprar/sao-paulo-sp/hyundai/hb20/2022/d57497479,Hyundai,HB20,1.0 Vision (BlueAudio) manual,Hyundai HB20 HB20 1.0 Vision (BlueAudio) manual,2022,58900.0,30698.0,SP,São Paulo,Preto,manual,PJ,False,False,179721,179721,https://img1.icarros.com/dbimg/imgadicionalanuncio/1/478656587_1.jpg,hb20,hyundai,2026-05-12T23:08:35.872959,015168-8,HB20 Vision 1.0 Flex 12V Mec.,61723.0,3,exato,-0.04573659737861089
56573257,https://www.icarros.com.br/comprar/sao-caetano-do-sul-sp/hyundai/hb20/2018/d56573257,Hyundai,HB20,1.0 Comfort manual,Hyundai HB20 HB20 1.0 Comfort manual,2018,55900.0,106000.0,SP,São Caetano do Sul,Cinza,manual,PJ,False,False,2698270,2698270,https://img1.icarros.com/dbimg/imgadicionalanuncio/1/468872564_1.jpg,hb20,hyundai,2026-05-12T23:08:35.873513,015126-2,HB20 Comfort Plus 1.0 TB Flex 12V Mec.,52115.0,3,exato,0.07262784227189868
57495494,https://www.icarros.com.br/comprar/sorocaba-sp/hyundai/hb20/2019/d57495494,Hyundai,HB20,1.6 S Style (Aut) automático,Hyundai HB20 HB20 1.6 S Style (Aut) automático,2019,65900.0,95000.0,SP,Sorocaba,Branco,automático,PJ,False,False,2278493,2278493,https://img2.icarros.com/dbimg/imgadicionalanuncio/1/478634442_1.jpg,hb20,hyundai,2026-05-12T23:08:35.874158,015155-6,HB20S Style 1.6 Flex 16V Aut.,68844.0,3,exato,-0.04276334902097496
56887314,https://www.icarros.com.br/comprar/sorocaba-sp/hyundai/hb20/2024/d56887314,Hyundai,HB20,1.0 Sense manual,Hyundai HB20 HB20 1.0 Sense manual,2024,70900.0,48000.0,SP,Sorocaba,Branco,manual,PJ,False,False,2278493,2278493,https://img0.icarros.com/dbimg/imgadicionalanuncio/1/472435628_1.jpg,hb20,hyundai,2026-05-12T23:08:35.875497,015165-3,HB20 Sense 1.0 Flex 12V Mec.,67613.0,3,exato,0.048614911333619275
56824096,https://www.icarros.com.br/comprar/piracicaba-sp/hyundai/hb20/2013/d56824096,Hyundai,HB20,1.6 Premium (Aut) manual,Hyundai HB20 HB20 1.6 Premium (Aut) manual,2013,52900.0,181000.0,SP,Piracicaba,Branco,manual,PJ,False,False,2378126,2378126,https://img1.icarros.com/dbimg/imgadicionalanuncio/1/471724606_1.jpg,hb20,hyundai,2026-05-12T23:08:39.250602,015091-6,HB20 Premium 1.6 Flex 16V Mec.,44992.0,3,exato,0.17576458036984352
56869845,https://www.icarros.com.br/comprar/sao-paulo-sp/hyundai/hb20/2022/d56869845,Hyundai,HB20,1.0 Vision (BlueAudio) manual,Hyundai HB20 HB20 1.0 Vision (BlueAudio) manual,2022,67990.0,7675.0,SP,São Paulo,Prata,manual,PJ,False,False,2712208,2712208,https://img0.icarros.com/dbimg/imgadicionalanuncio/1/472232013_1.jpg,hb20,hyundai,2026-05-12T23:08:39.251714,015168-8,HB20 Vision 1.0 Flex 12V Mec.,61723.0,3,exato,0.10153427409555595
56650226,https://www.icarros.com.br/comprar/sao-jose-dos-campos-sp/hyundai/hb20/2025/d56650226,Hyundai,HB20,1.0 Comfort Plus manual,Hyundai HB20 HB20 1.0 Comfort Plus manual,2025,75990.0,41340.0,SP,São José dos Campos,Azul,manual,PJ,False,False,140753,140753,https://img2.icarros.com/dbimg/imgadicionalanuncio/1/469737228_1.jpg,hb20,hyundai,2026-05-12T23:08:39.251924,015245-5,HB20 Comfort Plus 1.0 Flex 12V Mec.,73898.0,4,exato,0.028309291185147096
57359336,https://www.icarros.com.br/comprar/jundiai-sp/hyundai/hb20/2014/d57359336,Hyundai,HB20,1.6 Comfort manual,Hyundai HB20 HB20 1.6 Comfort manual,2014,55900.0,100000.0,SP,Jundiaí,Branco,manual,PJ,False,False,2774946,2774946,https://img2.icarros.com/dbimg/imgadicionalanuncio/1/477264626_1.jpg,hb20,hyundai,2026-05-12T23:08:39.254020,015089-4,HB20 C./C.Plus/C.Style 1.6 Flex 16V Mec.,46174.0,2,fuzzy,0.21063802139732316
56287843,https://www.icarros.com.br/comprar/sao-paulo-sp/hyundai/hb20/2025/d56287843,Hyundai,HB20,1.0 Limited Plus manual,Hyundai HB20 HB20 1.0 Limited Plus manual,2025,79870.0,11585.0,SP,São Paulo,Branco,manual,PJ,False,False,130123,130123,https://img1.icarros.com/dbimg/imgadicionalanuncio/1/465805561_1.jpg,hb20,hyundai,2026-05-12T23:08:39.254254,015235-8,HB20 Limited Plus 1.0 Flex 12V Mec.,78785.0,4,exato,0.013771657041314972
57391686,https://www.icarros.com.br/comprar/sorocaba-sp/hyundai/hb20/2025/d57391686,Hyundai,HB20,1.0 Comfort Plus manual,Hyundai HB20 HB20 1.0 Comfort Plus manual,2025,77900.0,45000.0,SP,Sorocaba,Branco,manual,PJ,False,False,2519842,2519842,https://img0.icarros.com/dbimg/imgadicionalanuncio/1/477587228_1.jpg,hb20,hyundai,2026-05-12T23:08:39.254458,015245-5,HB20 Comfort Plus 1.0 Flex 12V Mec.,73898.0,4,exato,0.05415572816585022
56857530,https://www.icarros.com.br/comprar/sao-paulo-sp/hyundai/hb20/2013/d56857530,Hyundai,HB20,1.6 Premium (Aut) automático,Hyundai HB20 HB20 1.6 Premium (Aut) automático,2013,51990.0,141200.0,SP,São Paulo,Vermelho,automático,PJ,False,False,2678099,2678099,https://img0.icarros.com/dbimg/imgadicionalanuncio/1/476453434_1.jpg,hb20,hyundai,2026-05-12T23:08:39.254662,015092-4,HB20 Premium 1.6 Flex 16V Aut.,47485.0,3,exato,0.09487206486258819
56307620,https://www.icarros.com.br/comprar/sao-bernardo-do-campo-sp/hyundai/hb20/2025/d56307620,Hyundai,HB20,1.0 T-GDI Comfort Plus (Aut) automático,Hyundai HB20 HB20 1.0 T-GDI Comfort Plus (Aut) automático,2025,96900.0,27000.0,SP,São Bernardo do Campo,Preto,automático,PJ,False,False,63454,63454,https://img2.icarros.com/dbimg/imgadicionalanuncio/1/466025902_1.jpg,hb20,hyundai,2026-05-12T23:08:43.400491,015236-6,HB20 Comfort Plus 1.0 TB Flex 12V Aut.,91384.0,4,exato,0.060360675829466866
57501586,https://www.icarros.com.br/comprar/sao-paulo-sp/hyundai/hb20/2024/d57501586,Hyundai,HB20,1.0 Sense manual,Hyundai HB20 HB20 1.0 Sense manual,2024,69790.0,63542.0,SP,São Paulo,Branco,manual,PJ,False,False,1292778,1292778,https://img1.icarros.com/dbimg/imgadicionalanuncio/1/478699440_1.jpg,hb20,hyundai,2026-05-12T23:08:43.401175,015165-3,HB20 Sense 1.0 Flex 12V Mec.,67613.0,3,exato,0.03219795009835387
56904694,https://www.icarros.com.br/comprar/vargem-grande-paulista-sp/hyundai/hb20/2024/d56904694,Hyundai,HB20,1.0 Sense manual,Hyundai HB20 HB20 1.0 Sense manual,2024,69900.0,45905.0,SP,Vargem Grande Paulista,Branco,manual,PJ,False,False,802998,802998,https://img1.icarros.com/dbimg/imgadicionalanuncio/1/477071832_1.jpg,hb20,hyundai,2026-05-12T23:08:43.401582,015165-3,HB20 Sense 1.0 Flex 12V Mec.,67613.0,3,exato,0.033824856166713504
57393398,https://www.icarros.com.br/comprar/sao-paulo-sp/hyundai/hb20/2023/d57393398,Hyundai,HB20,1.0 T-GDI Comfort (Aut) automático,Hyundai HB20 HB20 1.0 T-GDI Comfort (Aut) automático,2023,78990.0,41315.0,SP,São Paulo,Preto,automático,PJ,False,False,1451926,1451926,https://img2.icarros.com/dbimg/imgadicionalanuncio/1/477608128_1.jpg,hb20,hyundai,2026-05-12T23:08:43.401811,015214-5,HB20 Comfort 1.0 TB Flex 12V Aut,79353.0,3,exato,-0.004574496238327473
56726624,https://www.icarros.com.br/comprar/sao-jose-dos-campos-sp/hyundai/hb20/2025/d56726624,Hyundai,HB20,1.0 T-GDI Comfort Plus (Aut) automático,Hyundai HB20 HB20 1.0 T-GDI Comfort Plus (Aut) automático,2025,91490.0,34569.0,SP,São José dos Campos,Preto,automático,PJ,False,False,2250267,2250267,https://img2.icarros.com/dbimg/imgadicionalanuncio/1/470591312_1.jpg,hb20,hyundai,2026-05-12T23:08:43.403075,015236-6,HB20 Comfort Plus 1.0 TB Flex 12V Aut.,91384.0,4,exato,0.0011599404709796025
56726628,https://www.icarros.com.br/comprar/sao-jose-dos-campos-sp/hyundai/hb20/2025/d56726628,Hyundai,HB20,1.0 T-GDI Comfort Plus (Aut) automático,Hyundai HB20 HB20 1.0 T-GDI Comfort Plus (Aut) automático,2025,91490.0,35648.0,SP,São José dos Campos,Cinza,automático,PJ,False,False,2250267,2250267,https://img0.icarros.com/dbimg/imgadicionalanuncio/1/470591313_1.jpg,hb20,hyundai,2026-05-12T23:08:43.403282,015236-6,HB20 Comfort Plus 1.0 TB Flex 12V Aut.,91384.0,4,exato,0.0011599404709796025
57392777,https://www.icarros.com.br/comprar/sao-paulo-sp/hyundai/hb20/2019/d57392777,Hyundai,HB20,1.0 Unique manual,Hyundai HB20 HB20 1.0 Unique manual,2019,56900.0,98700.0,SP,São Paulo,Prata,manual,PJ,False,False,2790905,2790905,https://img2.icarros.com/dbimg/imgadicionalanuncio/1/477600489_1.jpg,hb20,hyundai,2026-05-12T23:08:43.403484,015156-4,HB20 Unique 1.0 Flex 12V Mec.,53406.0,3,exato,0.06542336067108565
56848073,https://www.icarros.com.br/comprar/sumare-sp/hyundai/hb20/2025/d56848073,Hyundai,HB20,1.0 Limited Plus manual,Hyundai HB20 HB20 1.0 Limited Plus manual,2025,75900.0,35542.0,SP,Sumaré,Branco,manual,PJ,False,False,176161,176161,https://img2.icarros.com/dbimg/imgadicionalanuncio/1/471995183_1.jpg,hb20,hyundai,2026-05-12T23:08:43.403696,015235-8,HB20 Limited Plus 1.0 Flex 12V Mec.,78785.0,4,exato,-0.036618645681284506
56459217,https://www.icarros.com.br/comprar/presidente-prudente-sp/hyundai/hb20/2025/d56459217,Hyundai,HB20,1.0 Sense Plus manual,Hyundai HB20 HB20 1.0 Sense Plus manual,2025,65890.0,69752.0,SP,Presidente Prudente,Branco,manual,LC,False,False,2298504,2298504,https://img0.icarros.com/dbimg/imgadicionalanuncio/1/467595885_1.jpg,hb20,hyundai,2026-05-12T23:08:43.403909,015234-0,HB20 Sense Plus 1.0 Flex 12V Mec.,68594.0,4,exato,-0.03942035746566755
56459234,https://www.icarros.com.br/comprar/presidente-prudente-sp/hyundai/hb20/2025/d56459234,Hyundai,HB20,1.0 Comfort Plus manual,Hyundai HB20 HB20 1.0 Comfort Plus manual,2025,70890.0,51191.0,SP,Presidente Prudente,Branco,manual,LC,False,False,2298504,2298504,https://img2.icarros.com/dbimg/imgadicionalanuncio/1/467596008_1.jpg,hb20,hyundai,2026-05-12T23:08:43.404120,015245-5,HB20 Comfort Plus 1.0 Flex 12V Mec.,73898.0,4,exato,-0.04070475520311781
56366046,https://www.icarros.com.br/comprar/presidente-prudente-sp/hyundai/hb20/2025/d56366046,Hyundai,HB20,1.0 Comfort Plus manual,Hyundai HB20 HB20 1.0 Comfort Plus manual,2025,72890.0,43733.0,SP,Presidente Prudente,Branco,manual,LC,False,False,2298504,2298504,https://img0.icarros.com/dbimg/imgadicionalanuncio/1/466633555_1.jpg,hb20,hyundai,2026-05-12T23:08:43.404327,015245-5,HB20 Comfort Plus 1.0 Flex 12V Mec.,73898.0,4,exato,-0.013640423286151181
57477565,https://www.icarros.com.br/comprar/presidente-prudente-sp/hyundai/hb20/2025/d57477565,Hyundai,HB20,1.0 Comfort Plus manual,Hyundai HB20 HB20 1.0 Comfort Plus manual,2025,77090.0,40545.0,SP,Presidente Prudente,Branco,manual,LC,False,False,2298504,2298504,https://img1.icarros.com/dbimg/imgadicionalanuncio/1/478456870_1.jpg,hb20,hyundai,2026-05-12T23:08:43.404557,015245-5,HB20 Comfort Plus 1.0 Flex 12V Mec.,73898.0,4,exato,0.04319467373947874
57490252,https://www.icarros.com.br/comprar/presidente-prudente-sp/hyundai/hb20/2025/d57490252,Hyundai,HB20,1.0 Limited Plus manual,Hyundai HB20 HB20 1.0 Limited Plus manual,2025,78999.0,51757.0,SP,Presidente Prudente,Preto,manual,LC,False,False,2298504,2298504,https://img1.icarros.com/dbimg/imgadicionalanuncio/1/478582575_1.jpg,hb20,hyundai,2026-05-12T23:08:48.687699,015235-8,HB20 Limited Plus 1.0 Flex 12V Mec.,78785.0,4,exato,0.002716253093863045
57477601,https://www.icarros.com.br/comprar/presidente-prudente-sp/hyundai/hb20/2025/d57477601,Hyundai,HB20,1.0 Limited Plus manual,Hyundai HB20 HB20 1.0 Limited Plus manual,2025,82590.0,37831.0,SP,Presidente Prudente,Azul,manual,LC,False,False,2298504,2298504,https://img1.icarros.com/dbimg/imgadicionalanuncio/1/478457174_1.jpg,hb20,hyundai,2026-05-12T23:08:48.687926,015235-8,HB20 Limited Plus 1.0 Flex 12V Mec.,78785.0,4,exato,0.04829599543060227
57229594,https://www.icarros.com.br/comprar/piracicaba-sp/hyundai/hb20/2025/d57229594,Hyundai,HB20,1.0 Comfort Plus automático,Hyundai HB20 HB20 1.0 Comfort Plus automático,2025,86990.0,31000.0,SP,Piracicaba,Preto,automático,PJ,False,False,2501775,2501775,https://img1.icarros.com/dbimg/imgadicionalanuncio/1/475954115_1.jpg,hb20,hyundai,2026-05-12T23:08:48.688753,015236-6,HB20 Comfort Plus 1.0 TB Flex 12V Aut.,91384.0,4,exato,-0.04808281537249409
56746294,https://www.icarros.com.br/comprar/botucatu-sp/hyundai/hb20/2021/d56746294,Hyundai,HB20,1.0 Sense manual,Hyundai HB20 HB20 1.0 Sense manual,2021,59990.0,62845.0,SP,Botucatu,Branco,manual,PJ,False,False,2573982,2573982,https://img1.icarros.com/dbimg/imgadicionalanuncio/1/470816975_1.jpg,hb20,hyundai,2026-05-12T23:08:53.803770,015165-3,HB20 Sense 1.0 Flex 12V Mec.,56346.0,3,exato,0.06467184893337592
57298710,https://www.icarros.com.br/comprar/sao-jose-dos-campos-sp/hyundai/hb20/2018/d57298710,Hyundai,HB20,1.0 Comfort manual,Hyundai HB20 HB20 1.0 Comfort manual,2018,55990.0,101473.0,SP,São José dos Campos,Prata,manual,PJ,False,False,2505063,2505063,https://img0.icarros.com/dbimg/imgadicionalanuncio/1/476653458_1.jpg,hb20,hyundai,2026-05-12T23:08:53.804298,015126-2,HB20 Comfort Plus 1.0 TB Flex 12V Mec.,52115.0,3,exato,0.07435479228628994
57020112,https://www.icarros.com.br/comprar/sao-jose-dos-campos-sp/hyundai/hb20/2018/d57020112,Hyundai,HB20,1.6 Premium (Aut) automático,Hyundai HB20 HB20 1.6 Premium (Aut) automático,2018,73990.0,119000.0,SP,São José dos Campos,Branco,automático,PJ,False,False,2505063,2505063,https://img0.icarros.com/dbimg/imgadicionalanuncio/1/476001483_1.jpg,hb20,hyundai,2026-05-12T23:08:53.804533,015092-4,HB20 Premium 1.6 Flex 16V Aut.,68140.0,3,exato,0.08585265629586146
56733138,https://www.icarros.com.br/comprar/jacarei-sp/hyundai/hb20/2022/d56733138,Hyundai,HB20,1.0 Vision (BlueAudio) manual,Hyundai HB20 HB20 1.0 Vision (BlueAudio) manual,2022,61500.0,120126.0,SP,Jacareí,Branco,manual,PJ,False,False,2112579,2112579,https://img0.icarros.com/dbimg/imgadicionalanuncio/1/478032400_1.jpg,hb20,hyundai,2026-05-12T23:08:53.804884,015168-8,HB20 Vision 1.0 Flex 12V Mec.,61723.0,3,exato,-0.0036129157688381966
56284059,https://www.icarros.com.br/comprar/jacarei-sp/hyundai/hb20/2020/d56284059,Hyundai,HB20,X 1.6 Diamond (Aut) automático,Hyundai HB20 HB20X 1.6 Diamond (Aut) automático,2020,77500.0,118843.0,SP,Jacareí,Verde,automático,PJ,False,False,2112579,2112579,https://img0.icarros.com/dbimg/imgadicionalanuncio/1/478059540_1.jpg,hb20,hyundai,2026-05-12T23:08:53.805149,015183-1,HB20X Diamond 1.6 Flex 16V Aut.,77629.0,4,exato,-0.0016617501191565009
56634790,https://www.icarros.com.br/comprar/piracicaba-sp/hyundai/hb20/2025/d56634790,Hyundai,HB20,1.0 Comfort Plus manual,Hyundai HB20 HB20 1.0 Comfort Plus manual,2025,73190.0,40792.0,SP,Piracicaba,Branco,manual,LC,False,False,1234895,1234895,https://img1.icarros.com/dbimg/imgadicionalanuncio/1/469561987_1.jpg,hb20,hyundai,2026-05-12T23:08:53.805799,015245-5,HB20 Comfort Plus 1.0 Flex 12V Mec.,73898.0,4,exato,-0.009580773498606187
57477447,https://www.icarros.com.br/comprar/piracicaba-sp/hyundai/hb20/2025/d57477447,Hyundai,HB20,1.0 Comfort Plus manual,Hyundai HB20 HB20 1.0 Comfort Plus manual,2025,73990.0,45218.0,SP,Piracicaba,Branco,manual,LC,False,False,1234895,1234895,https://img0.icarros.com/dbimg/imgadicionalanuncio/1/478455668_1.jpg,hb20,hyundai,2026-05-12T23:08:53.806015,015245-5,HB20 Comfort Plus 1.0 Flex 12V Mec.,73898.0,4,exato,0.001244959268180465
57490180,https://www.icarros.com.br/comprar/piracicaba-sp/hyundai/hb20/2025/d57490180,Hyundai,HB20,1.0 Comfort Plus manual,Hyundai HB20 HB20 1.0 Comfort Plus manual,2025,74990.0,50699.0,SP,Piracicaba,Prata,manual,LC,False,False,1234895,1234895,https://img1.icarros.com/dbimg/imgadicionalanuncio/1/478581878_1.jpg,hb20,hyundai,2026-05-12T23:08:53.806240,015245-5,HB20 Comfort Plus 1.0 Flex 12V Mec.,73898.0,4,exato,0.01477712522666378
57477527,https://www.icarros.com.br/comprar/piracicaba-sp/hyundai/hb20/2025/d57477527,Hyundai,HB20,1.0 Comfort Plus manual,Hyundai HB20 HB20 1.0 Comfort Plus manual,2025,76590.0,43410.0,SP,Piracicaba,Prata,manual,LC,False,False,1234895,1234895,https://img2.icarros.com/dbimg/imgadicionalanuncio/1/478456423_1.jpg,hb20,hyundai,2026-05-12T23:08:53.806467,015245-5,HB20 Comfort Plus 1.0 Flex 12V Mec.,73898.0,4,exato,0.036428590760237085
57477558,https://www.icarros.com.br/comprar/piracicaba-sp/hyundai/hb20/2025/d57477558,Hyundai,HB20,1.0 Comfort Plus manual,Hyundai HB20 HB20 1.0 Comfort Plus manual,2025,77590.0,53603.0,SP,Piracicaba,Cinza,manual,LC,False,False,1234895,1234895,https://img0.icarros.com/dbimg/imgadicionalanuncio/1/478456828_1.jpg,hb20,hyundai,2026-05-12T23:08:53.806682,015245-5,HB20 Comfort Plus 1.0 Flex 12V Mec.,73898.0,4,exato,0.0499607567187204
57485981,https://www.icarros.com.br/comprar/piracicaba-sp/hyundai/hb20/2025/d57485981,Hyundai,HB20,1.0 Comfort Plus manual,Hyundai HB20 HB20 1.0 Comfort Plus manual,2025,78290.0,40383.0,SP,Piracicaba,Branco,manual,LC,False,False,1234895,1234895,https://img2.icarros.com/dbimg/imgadicionalanuncio/1/478540548_1.jpg,hb20,hyundai,2026-05-12T23:08:53.806894,015245-5,HB20 Comfort Plus 1.0 Flex 12V Mec.,73898.0,4,exato,0.05943327288965872
57490179,https://www.icarros.com.br/comprar/piracicaba-sp/hyundai/hb20/2025/d57490179,Hyundai,HB20,1.0 Comfort Plus manual,Hyundai HB20 HB20 1.0 Comfort Plus manual,2025,78490.0,37047.0,SP,Piracicaba,Branco,manual,LC,False,False,1234895,1234895,https://img0.icarros.com/dbimg/imgadicionalanuncio/1/478581879_1.jpg,hb20,hyundai,2026-05-12T23:08:53.807104,015245-5,HB20 Comfort Plus 1.0 Flex 12V Mec.,73898.0,4,exato,0.062139706081355384
57486193,https://www.icarros.com.br/comprar/piracicaba-sp/hyundai/hb20/2024/d57486193,Hyundai,HB20,1.0 Limited Plus manual,Hyundai HB20 HB20 1.0 Limited Plus manual,2024,78690.0,43392.0,SP,Piracicaba,Branco,manual,LC,False,False,1234895,1234895,https://img1.icarros.com/dbimg/imgadicionalanuncio/1/478542678_1.jpg,hb20,hyundai,2026-05-12T23:08:53.807315,015235-8,HB20 Limited Plus 1.0 Flex 12V Mec.,76785.0,4,exato,0.024809533111935924
57477553,https://www.icarros.com.br/comprar/piracicaba-sp/hyundai/hb20/2025/d57477553,Hyundai,HB20,1.0 Comfort Plus manual,Hyundai HB20 HB20 1.0 Comfort Plus manual,2025,78890.0,36653.0,SP,Piracicaba,Prata,manual,LC,False,False,1234895,1234895,https://img1.icarros.com/dbimg/imgadicionalanuncio/1/478456761_1.jpg,hb20,hyundai,2026-05-12T23:08:53.807526,015245-5,HB20 Comfort Plus 1.0 Flex 12V Mec.,73898.0,4,exato,0.0675525724647487
57485962,https://www.icarros.com.br/comprar/piracicaba-sp/hyundai/hb20/2025/d57485962,Hyundai,HB20,1.0 Comfort Plus manual,Hyundai HB20 HB20 1.0 Comfort Plus manual,2025,78890.0,37869.0,SP,Piracicaba,Prata,manual,LC,False,False,1234895,1234895,https://img1.icarros.com/dbimg/imgadicionalanuncio/1/478540333_1.jpg,hb20,hyundai,2026-05-12T23:08:53.807733,015245-5,HB20 Comfort Plus 1.0 Flex 12V Mec.,73898.0,4,exato,0.0675525724647487
57477504,https://www.icarros.com.br/comprar/piracicaba-sp/hyundai/hb20/2025/d57477504,Hyundai,HB20,1.0 Limited Plus manual,Hyundai HB20 HB20 1.0 Limited Plus manual,2025,83390.0,32098.0,SP,Piracicaba,Branco,manual,LC,False,False,1234895,1234895,https://img0.icarros.com/dbimg/imgadicionalanuncio/1/478456281_1.jpg,hb20,hyundai,2026-05-12T23:08:57.503407,015235-8,HB20 Limited Plus 1.0 Flex 12V Mec.,78785.0,4,exato,0.058450212603922067
56530414,https://www.icarros.com.br/comprar/jundiai-sp/hyundai/hb20/2022/d56530414,Hyundai,HB20,1.0 T-GDI Platinum manual,Hyundai HB20 HB20 1.0 T-GDI Platinum manual,2022,75900.0,43000.0,SP,Jundiaí,Prata,manual,PJ,False,False,2227383,2227383,https://img1.icarros.com/dbimg/imgadicionalanuncio/1/468388588_1.jpg,hb20,hyundai,2026-05-12T23:08:57.504952,015204-8,HB20 Platinum 1.0 TB Flex 12V Mec.,73493.0,3,exato,0.03275141850244241
56756872,https://www.icarros.com.br/comprar/campinas-sp/hyundai/hb20/2013/d56756872,Hyundai,HB20,1.6 Comfort Plus automático,Hyundai HB20 HB20 1.6 Comfort Plus automático,2013,51900.0,155709.0,SP,Campinas,Prata,automático,PJ,False,False,1338599,1338599,https://img1.icarros.com/dbimg/imgadicionalanuncio/1/470940531_1.jpg,hb20,hyundai,2026-05-12T23:08:57.505592,015090-8,HB20 C.Style/C.Plus 1.6 Flex 16V Aut.,43726.0,2,fuzzy,0.186936833920322
57236773,https://www.icarros.com.br/comprar/campinas-sp/hyundai/hb20/2017/d57236773,Hyundai,HB20,1.0 Comfort manual,Hyundai HB20 HB20 1.0 Comfort manual,2017,54900.0,120500.0,SP,Campinas,Branco,manual,PJ,False,False,1338599,1338599,https://img1.icarros.com/dbimg/imgadicionalanuncio/1/476027120_1.jpg,hb20,hyundai,2026-05-12T23:08:57.505801,015126-2,HB20 Comfort Plus 1.0 TB Flex 12V Mec.,48223.0,3,exato,0.13846090040022396
56757079,https://www.icarros.com.br/comprar/campinas-sp/hyundai/hb20/2014/d56757079,Hyundai,HB20,1.6 Comfort Plus (Aut) automático,Hyundai HB20 HB20 1.6 Comfort Plus (Aut) automático,2014,55900.0,74219.0,SP,Campinas,Branco,automático,PJ,False,False,1338599,1338599,https://img1.icarros.com/dbimg/imgadicionalanuncio/1/470942912_1.jpg,hb20,hyundai,2026-05-12T23:08:57.506013,015090-8,HB20 C.Style/C.Plus 1.6 Flex 16V Aut.,48556.0,2,fuzzy,0.15124804349616938
56554830,https://www.icarros.com.br/comprar/campinas-sp/hyundai/hb20/2024/d56554830,Hyundai,HB20,1.0 Sense manual,Hyundai HB20 HB20 1.0 Sense manual,2024,69900.0,48000.0,SP,Campinas,Branco,manual,PJ,False,False,1338599,1338599,https://img0.icarros.com/dbimg/imgadicionalanuncio/1/468656879_1.jpg,hb20,hyundai,2026-05-12T23:08:57.506223,015165-3,HB20 Sense 1.0 Flex 12V Mec.,67613.0,3,exato,0.033824856166713504
56801353,https://www.icarros.com.br/comprar/campinas-sp/hyundai/hb20/2025/d56801353,Hyundai,HB20,1.0 Sense Plus manual,Hyundai HB20 HB20 1.0 Sense Plus manual,2025,71900.0,56288.0,SP,Campinas,Branco,manual,PJ,False,False,1338599,1338599,https://img1.icarros.com/dbimg/imgadicionalanuncio/1/471454325_1.jpg,hb20,hyundai,2026-05-12T23:08:57.506430,015234-0,HB20 Sense Plus 1.0 Flex 12V Mec.,68594.0,4,exato,0.04819663527422224
57160024,https://www.icarros.com.br/comprar/campinas-sp/hyundai/hb20/2025/d57160024,Hyundai,HB20,1.0 Comfort Plus manual,Hyundai HB20 HB20 1.0 Comfort Plus manual,2025,71900.0,54605.0,SP,Campinas,Cinza,manual,PJ,False,False,1338599,1338599,https://img1.icarros.com/dbimg/imgadicionalanuncio/1/475241455_1.jpg,hb20,hyundai,2026-05-12T23:08:57.506638,015245-5,HB20 Comfort Plus 1.0 Flex 12V Mec.,73898.0,4,exato,-0.027037267585049662
56897613,https://www.icarros.com.br/comprar/campinas-sp/hyundai/hb20/2025/d56897613,Hyundai,HB20,1.0 Comfort Plus manual,Hyundai HB20 HB20 1.0 Comfort Plus manual,2025,74900.0,64945.0,SP,Campinas,Cinza,manual,PJ,False,False,1338599,1338599,https://img0.icarros.com/dbimg/imgadicionalanuncio/1/472558349_1.jpg,hb20,hyundai,2026-05-12T23:08:57.506844,015245-5,HB20 Comfort Plus 1.0 Flex 12V Mec.,73898.0,4,exato,0.013559230290400282
56897617,https://www.icarros.com.br/comprar/campinas-sp/hyundai/hb20/2025/d56897617,Hyundai,HB20,1.0 Comfort Plus manual,Hyundai HB20 HB20 1.0 Comfort Plus manual,2025,74900.0,40800.0,SP,Campinas,Prata,manual,PJ,False,False,1338599,1338599,https://img1.icarros.com/dbimg/imgadicionalanuncio/1/472558445_1.jpg,hb20,hyundai,2026-05-12T23:08:57.507049,015245-5,HB20 Comfort Plus 1.0 Flex 12V Mec.,73898.0,4,exato,0.013559230290400282
56917881,https://www.icarros.com.br/comprar/campinas-sp/hyundai/hb20/2025/d56917881,Hyundai,HB20,1.0 Comfort Plus manual,Hyundai HB20 HB20 1.0 Comfort Plus manual,2025,75900.0,34892.0,SP,Campinas,Prata,manual,PJ,False,False,1338599,1338599,https://img0.icarros.com/dbimg/imgadicionalanuncio/1/472763081_1.jpg,hb20,hyundai,2026-05-12T23:08:57.507253,015245-5,HB20 Comfort Plus 1.0 Flex 12V Mec.,73898.0,4,exato,0.027091396248883598
57246144,https://www.icarros.com.br/comprar/campinas-sp/hyundai/hb20/2022/d57246144,Hyundai,HB20,1.0 T-GDI Sport (Aut) automático,Hyundai HB20 HB20 1.0 T-GDI Sport (Aut) automático,2022,82900.0,70650.0,SP,Campinas,Branco,automático,PJ,False,False,1338599,1338599,https://img0.icarros.com/dbimg/imgadicionalanuncio/1/476123516_1.jpg,hb20,hyundai,2026-05-12T23:08:57.507459,015187-4,HB20 Sport 1.0 TB Flex 12V Aut.,80053.0,3,exato,0.03556393889048506
57392724,https://www.icarros.com.br/comprar/hortolandia-sp/hyundai/hb20/2014/d57392724,Hyundai,HB20,1.6 Comfort manual,Hyundai HB20 HB20 1.6 Comfort manual,2014,44990.0,103817.0,SP,Hortolândia,Preto,manual,PJ,False,False,2397461,2397461,https://img0.icarros.com/dbimg/imgadicionalanuncio/1/477600032_1.jpg,hb20,hyundai,2026-05-12T23:09:02.665156,015089-4,HB20 C./C.Plus/C.Style 1.6 Flex 16V Mec.,46174.0,2,fuzzy,-0.02564213626716334
56834659,https://www.icarros.com.br/comprar/louveira-sp/hyundai/hb20/2015/d56834659,Hyundai,HB20,1.0 Comfort manual,Hyundai HB20 HB20 1.0 Comfort manual,2015,45800.0,142642.0,SP,Louveira,Prata,manual,PJ,False,False,1017440,1017440,https://img1.icarros.com/dbimg/imgadicionalanuncio/1/471845468_1.jpg,hb20,hyundai,2026-05-12T23:09:02.665361,015109-2,HB20 Copa do Mundo 1.0 Flex 12V Mec.,43053.0,2,fuzzy,0.0638050774626623
57416539,https://www.icarros.com.br/comprar/campinas-sp/hyundai/hb20/2021/d57416539,Hyundai,HB20,1.0 Sense manual,Hyundai HB20 HB20 1.0 Sense manual,2021,58990.0,86800.0,SP,Campinas,Cinza,manual,PJ,False,False,1155630,1155630,https://img1.icarros.com/dbimg/imgadicionalanuncio/1/477841589_1.jpg,hb20,hyundai,2026-05-12T23:09:02.665566,015165-3,HB20 Sense 1.0 Flex 12V Mec.,56346.0,3,exato,0.04692436020303127
56590632,https://www.icarros.com.br/comprar/campinas-sp/hyundai/hb20/2025/d56590632,Hyundai,HB20,1.0 Sense Plus manual,Hyundai HB20 HB20 1.0 Sense Plus manual,2025,69990.0,50000.0,SP,Campinas,Cinza,manual,PJ,False,False,1155630,1155630,https://img0.icarros.com/dbimg/imgadicionalanuncio/1/469075310_1.jpg,hb20,hyundai,2026-05-12T23:09:02.665772,015234-0,HB20 Sense Plus 1.0 Flex 12V Mec.,68594.0,4,exato,0.020351634253724816
57195416,https://www.icarros.com.br/comprar/campinas-sp/hyundai/hb20/2024/d57195416,Hyundai,HB20,1.0 Comfort manual,Hyundai HB20 HB20 1.0 Comfort manual,2024,72990.0,47800.0,SP,Campinas,Prata,manual,PJ,False,False,1155630,1155630,https://img2.icarros.com/dbimg/imgadicionalanuncio/1/475607351_1.jpg,hb20,hyundai,2026-05-12T23:09:02.665977,015215-3,HB20 Comfort 1.0 Flex 12V Mec.,70005.0,3,exato,0.042639811442039856
56431013,https://www.icarros.com.br/comprar/campinas-sp/hyundai/hb20/2024/d56431013,Hyundai,HB20,1.0 T-GDI Comfort (Aut) automático,Hyundai HB20 HB20 1.0 T-GDI Comfort (Aut) automático,2024,86990.0,29000.0,SP,Campinas,Branco,automático,PJ,False,False,1155630,1155630,https://img2.icarros.com/dbimg/imgadicionalanuncio/1/467304409_1.jpg,hb20,hyundai,2026-05-12T23:09:02.666185,015214-5,HB20 Comfort 1.0 TB Flex 12V Aut,82890.0,3,exato,0.04946314392568464
56747440,https://www.icarros.com.br/comprar/campinas-sp/hyundai/hb20/2025/d56747440,Hyundai,HB20,1.0 Comfort Plus automático,Hyundai HB20 HB20 1.0 Comfort Plus automático,2025,94990.0,9500.0,SP,Campinas,Prata,automático,PJ,False,False,1155630,1155630,https://img1.icarros.com/dbimg/imgadicionalanuncio/1/470829691_1.jpg,hb20,hyundai,2026-05-12T23:09:02.666395,015236-6,HB20 Comfort Plus 1.0 TB Flex 12V Aut.,91384.0,4,exato,0.039459861682570256
57450069,https://www.icarros.com.br/comprar/sao-bernardo-do-campo-sp/hyundai/hb20/2025/d57450069,Hyundai,HB20,1.0 T-GDI Comfort Plus (Aut) automático,Hyundai HB20 HB20 1.0 T-GDI Comfort Plus (Aut) automático,2025,88990.0,22466.0,SP,São Bernardo do Campo,Cinza,automático,PJ,False,False,29549,29549,https://img0.icarros.com/dbimg/imgadicionalanuncio/1/478179100_1.jpg,hb20,hyundai,2026-05-12T23:09:02.667675,015236-6,HB20 Comfort Plus 1.0 TB Flex 12V Aut.,91384.0,4,exato,-0.026197146108728003
56905641,https://www.icarros.com.br/comprar/louveira-sp/hyundai/hb20/2017/d56905641,Hyundai,HB20,1.6 Comfort Plus (Aut) automático,Hyundai HB20 HB20 1.6 Comfort Plus (Aut) automático,2017,62900.0,147000.0,SP,Louveira,Branco,automático,PJ,False,False,2734196,2734196,https://img0.icarros.com/dbimg/imgadicionalanuncio/1/472632972_1.jpg,hb20,hyundai,2026-05-12T23:09:02.667877,015090-8,HB20 C.Style/C.Plus 1.6 Flex 16V Aut.,59279.0,2,fuzzy,0.061084026383710924
56878728,https://www.icarros.com.br/comprar/campinas-sp/hyundai/hb20/2019/d56878728,Hyundai,HB20,1.0 Comfort Plus manual,Hyundai HB20 HB20 1.0 Comfort Plus manual,2019,56900.0,87840.0,SP,Campinas,Branco,manual,PJ,False,False,2155354,2155354,https://img0.icarros.com/dbimg/imgadicionalanuncio/1/472335594_1.jpg,hb20,hyundai,2026-05-12T23:09:02.668505,015126-2,HB20 Comfort Plus 1.0 TB Flex 12V Mec.,55592.0,4,exato,0.02352856526118866
56743052,https://www.icarros.com.br/comprar/sao-caetano-do-sul-sp/hyundai/hb20/2025/d56743052,Hyundai,HB20,1.0 Comfort Plus manual,Hyundai HB20 HB20 1.0 Comfort Plus manual,2025,68800.0,39600.0,SP,São Caetano do Sul,Branco,manual,PJ,False,False,1160426,1160426,https://img2.icarros.com/dbimg/imgadicionalanuncio/1/470777360_1.jpg,hb20,hyundai,2026-05-12T23:09:08.041479,015245-5,HB20 Comfort Plus 1.0 Flex 12V Mec.,73898.0,4,exato,-0.06898698205634794
56753918,https://www.icarros.com.br/comprar/sao-caetano-do-sul-sp/hyundai/hb20/2020/d56753918,Hyundai,HB20,1.0 T-GDI Diamond (Aut) automático,Hyundai HB20 HB20 1.0 T-GDI Diamond (Aut) automático,2020,74500.0,76000.0,SP,São Caetano do Sul,Prata,automático,PJ,False,False,1160426,1160426,https://img2.icarros.com/dbimg/imgadicionalanuncio/1/470905367_1.jpg,hb20,hyundai,2026-05-12T23:09:08.041691,015171-8,HB20 Diamond 1.0 TB Flex 12V Aut.,74277.0,3,exato,0.00300227526690631
56051630,https://www.icarros.com.br/comprar/sao-paulo-sp/hyundai/hb20/2024/d56051630,Hyundai,HB20,1.0 Sense manual,Hyundai HB20 HB20 1.0 Sense manual,2024,65900.0,38300.0,SP,São Paulo,Branco,manual,PJ,False,False,2673097,2673097,https://img2.icarros.com/dbimg/imgadicionalanuncio/1/463336084_1.jpg,hb20,hyundai,2026-05-12T23:09:08.041898,015165-3,HB20 Sense 1.0 Flex 12V Mec.,67613.0,3,exato,-0.025335364500909587
56853316,https://www.icarros.com.br/comprar/vinhedo-sp/hyundai/hb20/2020/d56853316,Hyundai,HB20,1.0 T-GDI Evolution (Aut) automático,Hyundai HB20 HB20 1.0 T-GDI Evolution (Aut) automático,2020,71900.0,90000.0,SP,Vinhedo,Cinza,automático,PJ,False,False,36527,36527,https://img1.icarros.com/dbimg/imgadicionalanuncio/1/472051884_1.jpg,hb20,hyundai,2026-05-12T23:09:08.042316,015170-0,HB20 Evolution 1.0 TB Flex 12V Aut.,70625.0,3,exato,0.018053097345132742
57095873,https://www.icarros.com.br/comprar/americana-sp/hyundai/hb20/2025/d57095873,Hyundai,HB20,1.0 Comfort Plus manual,Hyundai HB20 HB20 1.0 Comfort Plus manual,2025,75900.0,51142.0,SP,Americana,Branco,manual,PJ,False,False,160352,160352,https://img2.icarros.com/dbimg/imgadicionalanuncio/1/474591097_1.jpg,hb20,hyundai,2026-05-12T23:09:08.042522,015245-5,HB20 Comfort Plus 1.0 Flex 12V Mec.,73898.0,4,exato,0.027091396248883598
57455446,https://www.icarros.com.br/comprar/sao-paulo-sp/hyundai/hb20/2025/d57455446,Hyundai,HB20,1.0 Sense Plus manual,Hyundai HB20 HB20 1.0 Sense Plus manual,2025,68490.0,42809.0,SP,São Paulo,Branco,manual,LC,False,False,1201120,1201120,https://img1.icarros.com/dbimg/imgadicionalanuncio/1/478233107_1.jpg,hb20,hyundai,2026-05-12T23:09:08.042729,015234-0,HB20 Sense Plus 1.0 Flex 12V Mec.,68594.0,4,exato,-0.0015161675948333674
57496359,https://www.icarros.com.br/comprar/sao-paulo-sp/hyundai/hb20/2025/d57496359,Hyundai,HB20,1.0 Sense Plus manual,Hyundai HB20 HB20 1.0 Sense Plus manual,2025,68690.0,54967.0,SP,São Paulo,Branco,manual,LC,False,False,1201120,1201120,https://img0.icarros.com/dbimg/imgadicionalanuncio/1/478643683_1.jpg,hb20,hyundai,2026-05-12T23:09:08.042938,015234-0,HB20 Sense Plus 1.0 Flex 12V Mec.,68594.0,4,exato,0.0013995393183077237
57455386,https://www.icarros.com.br/comprar/sao-paulo-sp/hyundai/hb20/2025/d57455386,Hyundai,HB20,1.0 Sense Plus manual,Hyundai HB20 HB20 1.0 Sense Plus manual,2025,69090.0,52718.0,SP,São Paulo,Preto,manual,LC,False,False,1201120,1201120,https://img1.icarros.com/dbimg/imgadicionalanuncio/1/478232448_1.jpg,hb20,hyundai,2026-05-12T23:09:08.043150,015234-0,HB20 Sense Plus 1.0 Flex 12V Mec.,68594.0,4,exato,0.007230953144589906
56688057,https://www.icarros.com.br/comprar/sao-paulo-sp/hyundai/hb20/2025/d56688057,Hyundai,HB20,1.0 Sense Plus manual,Hyundai HB20 HB20 1.0 Sense Plus manual,2025,70390.0,44610.0,SP,São Paulo,Prata,manual,LC,False,False,1201120,1201120,https://img0.icarros.com/dbimg/imgadicionalanuncio/1/470167297_1.jpg,hb20,hyundai,2026-05-12T23:09:08.043369,015234-0,HB20 Sense Plus 1.0 Flex 12V Mec.,68594.0,4,exato,0.026183048080006998
57455508,https://www.icarros.com.br/comprar/sao-paulo-sp/hyundai/hb20/2025/d57455508,Hyundai,HB20,1.0 Sense Plus manual,Hyundai HB20 HB20 1.0 Sense Plus manual,2025,71190.0,43190.0,SP,São Paulo,Branco,manual,LC,False,False,1201120,1201120,https://img0.icarros.com/dbimg/imgadicionalanuncio/1/478233723_1.jpg,hb20,hyundai,2026-05-12T23:09:08.043573,015234-0,HB20 Sense Plus 1.0 Flex 12V Mec.,68594.0,4,exato,0.03784587573257136
57496263,https://www.icarros.com.br/comprar/sao-paulo-sp/hyundai/hb20/2025/d57496263,Hyundai,HB20,1.0 Comfort Plus manual,Hyundai HB20 HB20 1.0 Comfort Plus manual,2025,74790.0,42015.0,SP,São Paulo,Branco,manual,LC,False,False,1201120,1201120,https://img0.icarros.com/dbimg/imgadicionalanuncio/1/478642735_1.jpg,hb20,hyundai,2026-05-12T23:09:08.043777,015245-5,HB20 Comfort Plus 1.0 Flex 12V Mec.,73898.0,4,exato,0.012070692034967117
57485618,https://www.icarros.com.br/comprar/sao-paulo-sp/hyundai/hb20/2025/d57485618,Hyundai,HB20,1.0 Comfort Plus manual,Hyundai HB20 HB20 1.0 Comfort Plus manual,2025,74990.0,45809.0,SP,São Paulo,Branco,manual,LC,False,False,1201120,1201120,https://img2.icarros.com/dbimg/imgadicionalanuncio/1/478536917_1.jpg,hb20,hyundai,2026-05-12T23:09:08.043982,015245-5,HB20 Comfort Plus 1.0 Flex 12V Mec.,73898.0,4,exato,0.01477712522666378
57492010,https://www.icarros.com.br/comprar/sao-paulo-sp/hyundai/hb20/2025/d57492010,Hyundai,HB20,1.0 Comfort Plus manual,Hyundai HB20 HB20 1.0 Comfort Plus manual,2025,74990.0,47599.0,SP,São Paulo,Preto,manual,LC,False,False,1201120,1201120,https://img1.icarros.com/dbimg/imgadicionalanuncio/1/478599989_1.jpg,hb20,hyundai,2026-05-12T23:09:08.044187,015245-5,HB20 Comfort Plus 1.0 Flex 12V Mec.,73898.0,4,exato,0.01477712522666378
57491496,https://www.icarros.com.br/comprar/sao-paulo-sp/hyundai/hb20/2025/d57491496,Hyundai,HB20,1.0 Comfort Plus manual,Hyundai HB20 HB20 1.0 Comfort Plus manual,2025,75090.0,53273.0,SP,São Paulo,Prata,manual,LC,False,False,1201120,1201120,https://img0.icarros.com/dbimg/imgadicionalanuncio/1/478594943_1.jpg,hb20,hyundai,2026-05-12T23:09:08.044395,015245-5,HB20 Comfort Plus 1.0 Flex 12V Mec.,73898.0,4,exato,0.01613034182251211
57482496,https://www.icarros.com.br/comprar/sao-paulo-sp/hyundai/hb20/2024/d57482496,Hyundai,HB20,1.0 Comfort Plus manual,Hyundai HB20 HB20 1.0 Comfort Plus manual,2024,75390.0,30106.0,SP,São Paulo,Cinza,manual,LC,False,False,1201120,1201120,https://img0.icarros.com/dbimg/imgadicionalanuncio/1/478506060_1.jpg,hb20,hyundai,2026-05-12T23:09:08.044604,015245-5,HB20 Comfort Plus 1.0 Flex 12V Mec.,70035.0,4,exato,0.07646176911544228
57485324,https://www.icarros.com.br/comprar/sao-paulo-sp/hyundai/hb20/2025/d57485324,Hyundai,HB20,1.0 Comfort Plus manual,Hyundai HB20 HB20 1.0 Comfort Plus manual,2025,75690.0,50089.0,SP,São Paulo,Branco,manual,LC,False,False,1201120,1201120,https://img2.icarros.com/dbimg/imgadicionalanuncio/1/478534063_1.jpg,hb20,hyundai,2026-05-12T23:09:08.044809,015245-5,HB20 Comfort Plus 1.0 Flex 12V Mec.,73898.0,4,exato,0.0242496413976021
57495858,https://www.icarros.com.br/comprar/sao-paulo-sp/hyundai/hb20/2024/d57495858,Hyundai,HB20,1.0 Limited Plus manual,Hyundai HB20 HB20 1.0 Limited Plus manual,2024,76190.0,53072.0,SP,São Paulo,Branco,manual,LC,False,False,1201120,1201120,https://img0.icarros.com/dbimg/imgadicionalanuncio/1/478638693_1.jpg,hb20,hyundai,2026-05-12T23:09:08.045013,015235-8,HB20 Limited Plus 1.0 Flex 12V Mec.,76785.0,4,exato,-0.007748909292179462
57485613,https://www.icarros.com.br/comprar/sao-paulo-sp/hyundai/hb20/2025/d57485613,Hyundai,HB20,1.0 Comfort Plus manual,Hyundai HB20 HB20 1.0 Comfort Plus manual,2025,76390.0,43415.0,SP,São Paulo,Branco,manual,LC,False,False,1201120,1201120,https://img0.icarros.com/dbimg/imgadicionalanuncio/1/478536867_1.jpg,hb20,hyundai,2026-05-12T23:09:08.045216,015245-5,HB20 Comfort Plus 1.0 Flex 12V Mec.,73898.0,4,exato,0.03372215756854042
57485295,https://www.icarros.com.br/comprar/sao-paulo-sp/hyundai/hb20/2025/d57485295,Hyundai,HB20,1.0 Comfort Plus manual,Hyundai HB20 HB20 1.0 Comfort Plus manual,2025,76390.0,43965.0,SP,São Paulo,Branco,manual,LC,False,False,1201120,1201120,https://img0.icarros.com/dbimg/imgadicionalanuncio/1/478533788_1.jpg,hb20,hyundai,2026-05-12T23:09:12.452440,015245-5,HB20 Comfort Plus 1.0 Flex 12V Mec.,73898.0,4,exato,0.03372215756854042
57485449,https://www.icarros.com.br/comprar/sao-paulo-sp/hyundai/hb20/2025/d57485449,Hyundai,HB20,1.0 Comfort Plus manual,Hyundai HB20 HB20 1.0 Comfort Plus manual,2025,76490.0,41105.0,SP,São Paulo,Branco,manual,LC,False,False,1201120,1201120,https://img1.icarros.com/dbimg/imgadicionalanuncio/1/478535241_1.jpg,hb20,hyundai,2026-05-12T23:09:12.452684,015245-5,HB20 Comfort Plus 1.0 Flex 12V Mec.,73898.0,4,exato,0.03507537416438875
57491484,https://www.icarros.com.br/comprar/sao-paulo-sp/hyundai/hb20/2025/d57491484,Hyundai,HB20,1.0 Comfort Plus manual,Hyundai HB20 HB20 1.0 Comfort Plus manual,2025,76790.0,37396.0,SP,São Paulo,Branco,manual,LC,False,False,1201120,1201120,https://img0.icarros.com/dbimg/imgadicionalanuncio/1/478594792_1.jpg,hb20,hyundai,2026-05-12T23:09:12.452902,015245-5,HB20 Comfort Plus 1.0 Flex 12V Mec.,73898.0,4,exato,0.039135023951933745
57485325,https://www.icarros.com.br/comprar/sao-paulo-sp/hyundai/hb20/2025/d57485325,Hyundai,HB20,1.0 Comfort Plus manual,Hyundai HB20 HB20 1.0 Comfort Plus manual,2025,76990.0,35525.0,SP,São Paulo,Prata,manual,LC,False,False,1201120,1201120,https://img0.icarros.com/dbimg/imgadicionalanuncio/1/478534064_1.jpg,hb20,hyundai,2026-05-12T23:09:12.453116,015245-5,HB20 Comfort Plus 1.0 Flex 12V Mec.,73898.0,4,exato,0.04184145714363041
57491518,https://www.icarros.com.br/comprar/sao-paulo-sp/hyundai/hb20/2025/d57491518,Hyundai,HB20,1.0 Comfort Plus manual,Hyundai HB20 HB20 1.0 Comfort Plus manual,2025,76990.0,34858.0,SP,São Paulo,Branco,manual,LC,False,False,1201120,1201120,https://img1.icarros.com/dbimg/imgadicionalanuncio/1/478595121_1.jpg,hb20,hyundai,2026-05-12T23:09:12.453327,015245-5,HB20 Comfort Plus 1.0 Flex 12V Mec.,73898.0,4,exato,0.04184145714363041
57485612,https://www.icarros.com.br/comprar/sao-paulo-sp/hyundai/hb20/2025/d57485612,Hyundai,HB20,1.0 Comfort Plus manual,Hyundai HB20 HB20 1.0 Comfort Plus manual,2025,77190.0,33458.0,SP,São Paulo,Preto,manual,LC,False,False,1201120,1201120,https://img2.icarros.com/dbimg/imgadicionalanuncio/1/478536857_1.jpg,hb20,hyundai,2026-05-12T23:09:12.453539,015245-5,HB20 Comfort Plus 1.0 Flex 12V Mec.,73898.0,4,exato,0.04454789033532707
57491958,https://www.icarros.com.br/comprar/sao-paulo-sp/hyundai/hb20/2025/d57491958,Hyundai,HB20,1.0 Comfort Plus manual,Hyundai HB20 HB20 1.0 Comfort Plus manual,2025,77790.0,38959.0,SP,São Paulo,Preto,manual,LC,False,False,1201120,1201120,https://img0.icarros.com/dbimg/imgadicionalanuncio/1/478599514_1.jpg,hb20,hyundai,2026-05-12T23:09:12.453750,015245-5,HB20 Comfort Plus 1.0 Flex 12V Mec.,73898.0,4,exato,0.052667189910417064
57485469,https://www.icarros.com.br/comprar/sao-paulo-sp/hyundai/hb20/2025/d57485469,Hyundai,HB20,1.0 Comfort Plus manual,Hyundai HB20 HB20 1.0 Comfort Plus manual,2025,77890.0,31868.0,SP,São Paulo,Branco,manual,LC,False,False,1201120,1201120,https://img0.icarros.com/dbimg/imgadicionalanuncio/1/478535443_1.jpg,hb20,hyundai,2026-05-12T23:09:12.453959,015245-5,HB20 Comfort Plus 1.0 Flex 12V Mec.,73898.0,4,exato,0.05402040650626539
57485343,https://www.icarros.com.br/comprar/sao-paulo-sp/hyundai/hb20/2025/d57485343,Hyundai,HB20,1.0 Comfort Plus manual,Hyundai HB20 HB20 1.0 Comfort Plus manual,2025,78490.0,35675.0,SP,São Paulo,Cinza,manual,LC,False,False,1201120,1201120,https://img0.icarros.com/dbimg/imgadicionalanuncio/1/478534221_1.jpg,hb20,hyundai,2026-05-12T23:09:12.454167,015245-5,HB20 Comfort Plus 1.0 Flex 12V Mec.,73898.0,4,exato,0.062139706081355384
57491551,https://www.icarros.com.br/comprar/sao-paulo-sp/hyundai/hb20/2025/d57491551,Hyundai,HB20,1.0 Comfort Plus manual,Hyundai HB20 HB20 1.0 Comfort Plus manual,2025,78490.0,35324.0,SP,São Paulo,Prata,manual,LC,False,False,1201120,1201120,https://img1.icarros.com/dbimg/imgadicionalanuncio/1/478595481_1.jpg,hb20,hyundai,2026-05-12T23:09:12.454378,015245-5,HB20 Comfort Plus 1.0 Flex 12V Mec.,73898.0,4,exato,0.062139706081355384
57492000,https://www.icarros.com.br/comprar/sao-paulo-sp/hyundai/hb20/2025/d57492000,Hyundai,HB20,1.0 Comfort Plus automático,Hyundai HB20 HB20 1.0 Comfort Plus automático,2025,96190.0,42637.0,SP,São Paulo,Branco,automático,LC,False,False,1201120,1201120,https://img0.icarros.com/dbimg/imgadicionalanuncio/1/478599890_1.jpg,hb20,hyundai,2026-05-12T23:09:12.454591,015236-6,HB20 Comfort Plus 1.0 TB Flex 12V Aut.,91384.0,4,exato,0.052591263240829904
56639898,https://www.icarros.com.br/comprar/sao-paulo-sp/hyundai/hb20/2016/d56639898,Hyundai,HB20,1.6 Comfort Style manual,Hyundai HB20 HB20 1.6 Comfort Style manual,2016,51990.0,216000.0,SP,São Paulo,Branco,manual,PJ,False,False,37367,37367,https://img0.icarros.com/dbimg/imgadicionalanuncio/1/470862985_1.jpg,hb20,hyundai,2026-05-12T23:09:12.454998,015127-0,HB20 Comfort Style 1.0 TB Flex 12V Mec.,47312.0,3,exato,0.0988755495434562
56550834,https://www.icarros.com.br/comprar/sao-paulo-sp/hyundai/hb20/2025/d56550834,Hyundai,HB20,1.0 Sense Plus manual,Hyundai HB20 HB20 1.0 Sense Plus manual,2025,72990.0,54000.0,SP,São Paulo,Prata,manual,PJ,False,False,37367,37367,https://img0.icarros.com/dbimg/imgadicionalanuncio/1/469009027_1.jpg,hb20,hyundai,2026-05-12T23:09:12.455201,015234-0,HB20 Sense Plus 1.0 Flex 12V Mec.,68594.0,4,exato,0.06408723795084117
56671339,https://www.icarros.com.br/comprar/santos-sp/hyundai/hb20/2023/d56671339,Hyundai,HB20,1.0 T-GDI Platinum (Aut) automático,Hyundai HB20 HB20 1.0 T-GDI Platinum (Aut) automático,2023,87000.0,68647.0,SP,Santos,Preto,automático,PJ,False,False,433303,433303,https://img1.icarros.com/dbimg/imgadicionalanuncio/1/469977752_1.jpg,hb20,hyundai,2026-05-12T23:09:17.801954,015209-9,HB20 Platinum 1.0 TB Flex 12V Aut.,86922.0,3,exato,0.0008973562504314212
57497033,https://www.icarros.com.br/comprar/piracicaba-sp/hyundai/hb20/2024/d57497033,Hyundai,HB20,1.0 Comfort manual,Hyundai HB20 HB20 1.0 Comfort manual,2024,75990.0,10946.0,SP,Piracicaba,Branco,manual,PJ,False,False,976347,976347,https://img2.icarros.com/dbimg/imgadicionalanuncio/1/478651669_1.jpg,hb20,hyundai,2026-05-12T23:09:17.802550,015215-3,HB20 Comfort 1.0 Flex 12V Mec.,70005.0,3,exato,0.08549389329333619
56862524,https://www.icarros.com.br/comprar/sao-paulo-sp/hyundai/hb20/2025/d56862524,Hyundai,HB20,1.0 Comfort Plus automático,Hyundai HB20 HB20 1.0 Comfort Plus automático,2025,74700.0,32670.0,SP,São Paulo,Prata,automático,PJ,False,False,2219927,2219927,https://img2.icarros.com/dbimg/imgadicionalanuncio/1/472152856_1.jpg,hb20,hyundai,2026-05-12T23:09:22.113421,015236-6,HB20 Comfort Plus 1.0 TB Flex 12V Aut.,91384.0,4,exato,-0.18257025299833668
57492334,https://www.icarros.com.br/comprar/sao-jose-do-rio-preto-sp/hyundai/hb20/2025/d57492334,Hyundai,HB20,1.0 Sense Plus manual,Hyundai HB20 HB20 1.0 Sense Plus manual,2025,69990.0,59877.0,SP,São José do Rio Preto,Preto,manual,LC,False,False,2160552,2160552,https://img1.icarros.com/dbimg/imgadicionalanuncio/1/478603101_1.jpg,hb20,hyundai,2026-05-12T23:09:22.114032,015234-0,HB20 Sense Plus 1.0 Flex 12V Mec.,68594.0,4,exato,0.020351634253724816
56366995,https://www.icarros.com.br/comprar/sao-jose-do-rio-preto-sp/hyundai/hb20/2024/d56366995,Hyundai,HB20,1.0 Comfort Plus manual,Hyundai HB20 HB20 1.0 Comfort Plus manual,2024,69990.0,50408.0,SP,São José do Rio Preto,Prata,manual,LC,False,False,2160552,2160552,https://img1.icarros.com/dbimg/imgadicionalanuncio/1/466642912_1.jpg,hb20,hyundai,2026-05-12T23:09:22.114240,015245-5,HB20 Comfort Plus 1.0 Flex 12V Mec.,70035.0,4,exato,-0.000642535874919683
57316214,https://www.icarros.com.br/comprar/sao-jose-do-rio-preto-sp/hyundai/hb20/2025/d57316214,Hyundai,HB20,1.0 Comfort Plus manual,Hyundai HB20 HB20 1.0 Comfort Plus manual,2025,72690.0,55565.0,SP,São José do Rio Preto,Azul,manual,LC,False,False,2160552,2160552,https://img2.icarros.com/dbimg/imgadicionalanuncio/1/476829848_1.jpg,hb20,hyundai,2026-05-12T23:09:22.114446,015245-5,HB20 Comfort Plus 1.0 Flex 12V Mec.,73898.0,4,exato,-0.016346856477847845
56367024,https://www.icarros.com.br/comprar/sao-jose-do-rio-preto-sp/hyundai/hb20/2025/d56367024,Hyundai,HB20,1.0 Comfort Plus manual,Hyundai HB20 HB20 1.0 Comfort Plus manual,2025,73990.0,47311.0,SP,São José do Rio Preto,Branco,manual,LC,False,False,2160552,2160552,https://img0.icarros.com/dbimg/imgadicionalanuncio/1/466643197_1.jpg,hb20,hyundai,2026-05-12T23:09:22.114651,015245-5,HB20 Comfort Plus 1.0 Flex 12V Mec.,73898.0,4,exato,0.001244959268180465
57492316,https://www.icarros.com.br/comprar/sao-jose-do-rio-preto-sp/hyundai/hb20/2025/d57492316,Hyundai,HB20,1.0 Comfort Plus manual,Hyundai HB20 HB20 1.0 Comfort Plus manual,2025,74990.0,47120.0,SP,São José do Rio Preto,Branco,manual,LC,False,False,2160552,2160552,https://img1.icarros.com/dbimg/imgadicionalanuncio/1/478602970_1.jpg,hb20,hyundai,2026-05-12T23:09:22.114856,015245-5,HB20 Comfort Plus 1.0 Flex 12V Mec.,73898.0,4,exato,0.01477712522666378
57493435,https://www.icarros.com.br/comprar/sao-jose-do-rio-preto-sp/hyundai/hb20/2025/d57493435,Hyundai,HB20,1.0 Comfort Plus manual,Hyundai HB20 HB20 1.0 Comfort Plus manual,2025,74990.0,74406.0,SP,São José do Rio Preto,Branco,manual,LC,False,False,2160552,2160552,https://img1.icarros.com/dbimg/imgadicionalanuncio/1/478613933_1.jpg,hb20,hyundai,2026-05-12T23:09:22.115062,015245-5,HB20 Comfort Plus 1.0 Flex 12V Mec.,73898.0,4,exato,0.01477712522666378
57493555,https://www.icarros.com.br/comprar/sao-jose-do-rio-preto-sp/hyundai/hb20/2025/d57493555,Hyundai,HB20,1.0 Comfort Plus manual,Hyundai HB20 HB20 1.0 Comfort Plus manual,2025,74990.0,49761.0,SP,São José do Rio Preto,Cinza,manual,LC,False,False,2160552,2160552,https://img1.icarros.com/dbimg/imgadicionalanuncio/1/478615122_1.jpg,hb20,hyundai,2026-05-12T23:09:22.115267,015245-5,HB20 Comfort Plus 1.0 Flex 12V Mec.,73898.0,4,exato,0.01477712522666378
57489458,https://www.icarros.com.br/comprar/sao-jose-do-rio-preto-sp/hyundai/hb20/2024/d57489458,Hyundai,HB20,1.0 Limited Plus manual,Hyundai HB20 HB20 1.0 Limited Plus manual,2024,76190.0,70537.0,SP,São José do Rio Preto,Branco,manual,LC,False,False,2160552,2160552,https://img2.icarros.com/dbimg/imgadicionalanuncio/1/478574795_1.jpg,hb20,hyundai,2026-05-12T23:09:22.115471,015235-8,HB20 Limited Plus 1.0 Flex 12V Mec.,76785.0,4,exato,-0.007748909292179462
57493342,https://www.icarros.com.br/comprar/sao-jose-do-rio-preto-sp/hyundai/hb20/2025/d57493342,Hyundai,HB20,1.0 Comfort Plus manual,Hyundai HB20 HB20 1.0 Comfort Plus manual,2025,77590.0,53277.0,SP,São José do Rio Preto,Branco,manual,LC,False,False,2160552,2160552,https://img1.icarros.com/dbimg/imgadicionalanuncio/1/478613015_1.jpg,hb20,hyundai,2026-05-12T23:09:22.115675,015245-5,HB20 Comfort Plus 1.0 Flex 12V Mec.,73898.0,4,exato,0.0499607567187204
57492991,https://www.icarros.com.br/comprar/sao-jose-do-rio-preto-sp/hyundai/hb20/2025/d57492991,Hyundai,HB20,1.0 Comfort Plus manual,Hyundai HB20 HB20 1.0 Comfort Plus manual,2025,77790.0,50953.0,SP,São José do Rio Preto,Cinza,manual,LC,False,False,2160552,2160552,https://img1.icarros.com/dbimg/imgadicionalanuncio/1/478609529_1.jpg,hb20,hyundai,2026-05-12T23:09:22.115879,015245-5,HB20 Comfort Plus 1.0 Flex 12V Mec.,73898.0,4,exato,0.052667189910417064
57493030,https://www.icarros.com.br/comprar/sao-jose-do-rio-preto-sp/hyundai/hb20/2025/d57493030,Hyundai,HB20,1.0 Comfort Plus manual,Hyundai HB20 HB20 1.0 Comfort Plus manual,2025,78290.0,44981.0,SP,São José do Rio Preto,Branco,manual,LC,False,False,2160552,2160552,https://img1.icarros.com/dbimg/imgadicionalanuncio/1/478609900_1.jpg,hb20,hyundai,2026-05-12T23:09:22.116081,015245-5,HB20 Comfort Plus 1.0 Flex 12V Mec.,73898.0,4,exato,0.05943327288965872
57492961,https://www.icarros.com.br/comprar/sao-jose-do-rio-preto-sp/hyundai/hb20/2025/d57492961,Hyundai,HB20,1.0 Comfort Plus manual,Hyundai HB20 HB20 1.0 Comfort Plus manual,2025,78490.0,43371.0,SP,São José do Rio Preto,Cinza,manual,LC,False,False,2160552,2160552,https://img1.icarros.com/dbimg/imgadicionalanuncio/1/478609267_1.jpg,hb20,hyundai,2026-05-12T23:09:22.116285,015245-5,HB20 Comfort Plus 1.0 Flex 12V Mec.,73898.0,4,exato,0.062139706081355384
57493337,https://www.icarros.com.br/comprar/sao-jose-do-rio-preto-sp/hyundai/hb20/2025/d57493337,Hyundai,HB20,1.0 Comfort Plus manual,Hyundai HB20 HB20 1.0 Comfort Plus manual,2025,79290.0,33109.0,SP,São José do Rio Preto,Prata,manual,LC,False,False,2160552,2160552,https://img2.icarros.com/dbimg/imgadicionalanuncio/1/478612966_1.jpg,hb20,hyundai,2026-05-12T23:09:22.116492,015245-5,HB20 Comfort Plus 1.0 Flex 12V Mec.,73898.0,4,exato,0.07296543884814204
56511011,https://www.icarros.com.br/comprar/sao-jose-do-rio-preto-sp/hyundai/hb20/2024/d56511011,Hyundai,HB20,1.0 T-GDI Comfort Plus (Aut) automático,Hyundai HB20 HB20 1.0 T-GDI Comfort Plus (Aut) automático,2024,87090.0,50833.0,SP,São José do Rio Preto,Branco,automático,LC,False,False,2160552,2160552,https://img2.icarros.com/dbimg/imgadicionalanuncio/1/468177078_1.jpg,hb20,hyundai,2026-05-12T23:09:22.116705,015236-6,HB20 Comfort Plus 1.0 TB Flex 12V Aut.,85394.0,4,exato,0.01986088015551444
56367007,https://www.icarros.com.br/comprar/sao-jose-do-rio-preto-sp/hyundai/hb20/2024/d56367007,Hyundai,HB20,1.0 T-GDI Comfort Plus (Aut) automático,Hyundai HB20 HB20 1.0 T-GDI Comfort Plus (Aut) automático,2024,87490.0,46972.0,SP,São José do Rio Preto,Prata,automático,LC,False,False,2160552,2160552,https://img1.icarros.com/dbimg/imgadicionalanuncio/1/466643030_1.jpg,hb20,hyundai,2026-05-12T23:09:22.116912,015236-6,HB20 Comfort Plus 1.0 TB Flex 12V Aut.,85394.0,4,exato,0.024545050003513126
56367009,https://www.icarros.com.br/comprar/sao-jose-do-rio-preto-sp/hyundai/hb20/2024/d56367009,Hyundai,HB20,1.0 T-GDI Comfort Plus (Aut) automático,Hyundai HB20 HB20 1.0 T-GDI Comfort Plus (Aut) automático,2024,87690.0,51522.0,SP,São José do Rio Preto,Azul,automático,LC,False,False,2160552,2160552,https://img0.icarros.com/dbimg/imgadicionalanuncio/1/466643056_1.jpg,hb20,hyundai,2026-05-12T23:09:26.096919,015236-6,HB20 Comfort Plus 1.0 TB Flex 12V Aut.,85394.0,4,exato,0.026887134927512473
57493395,https://www.icarros.com.br/comprar/sao-jose-do-rio-preto-sp/hyundai/hb20/2025/d57493395,Hyundai,HB20,1.0 Comfort Plus automático,Hyundai HB20 HB20 1.0 Comfort Plus automático,2025,94990.0,47832.0,SP,São José do Rio Preto,Branco,automático,LC,False,False,2160552,2160552,https://img0.icarros.com/dbimg/imgadicionalanuncio/1/478613560_1.jpg,hb20,hyundai,2026-05-12T23:09:26.097148,015236-6,HB20 Comfort Plus 1.0 TB Flex 12V Aut.,91384.0,4,exato,0.039459861682570256
57097984,https://www.icarros.com.br/comprar/sorocaba-sp/hyundai/hb20/2022/d57097984,Hyundai,HB20,1.0 Evolution manual,Hyundai HB20 HB20 1.0 Evolution manual,2022,67900.0,89000.0,SP,Sorocaba,Prata,manual,PJ,False,False,2685405,2685405,https://img1.icarros.com/dbimg/imgadicionalanuncio/1/474614307_1.jpg,hb20,hyundai,2026-05-12T23:09:26.097772,015164-5,HB20 Evolution 1.0 Flex 12V Mec.,66268.0,3,exato,0.02462727108106477
56846514,https://www.icarros.com.br/comprar/guarulhos-sp/hyundai/hb20/2016/d56846514,Hyundai,HB20,1.0 Comfort manual,Hyundai HB20 HB20 1.0 Comfort manual,2016,53990.0,150000.0,SP,Guarulhos,Branco,manual,PJ,False,False,2670497,2670497,https://img0.icarros.com/dbimg/imgadicionalanuncio/1/471977440_1.jpg,hb20,hyundai,2026-05-12T23:09:26.098405,015127-0,HB20 Comfort Style 1.0 TB Flex 12V Mec.,47312.0,3,exato,0.1411481230977342
57162772,https://www.icarros.com.br/comprar/santo-andre-sp/hyundai/hb20/2017/d57162772,Hyundai,HB20,1.0 Comfort Style manual,Hyundai HB20 HB20 1.0 Comfort Style manual,2017,52900.0,90000.0,SP,Santo André,Prata,manual,PJ,False,False,2510363,2510363,https://img1.icarros.com/dbimg/imgadicionalanuncio/1/475270264_1.jpg,hb20,hyundai,2026-05-12T23:09:26.098807,015127-0,HB20 Comfort Style 1.0 TB Flex 12V Mec.,49286.0,4,exato,0.07332711114718175
56902924,https://www.icarros.com.br/comprar/campinas-sp/hyundai/hb20/2019/d56902924,Hyundai,HB20,1.0 Comfort Plus manual,Hyundai HB20 HB20 1.0 Comfort Plus manual,2019,54500.0,111000.0,SP,Campinas,Branco,manual,PJ,False,False,36501,36501,https://img1.icarros.com/dbimg/imgadicionalanuncio/1/472616371_1.jpg,hb20,hyundai,2026-05-12T23:09:30.273872,015126-2,HB20 Comfort Plus 1.0 TB Flex 12V Mec.,55592.0,4,exato,-0.019643114117139156
57242728,https://www.icarros.com.br/comprar/campinas-sp/hyundai/hb20/2025/d57242728,Hyundai,HB20,1.0 Comfort Plus manual,Hyundai HB20 HB20 1.0 Comfort Plus manual,2025,74900.0,23000.0,SP,Campinas,Preto,manual,PJ,False,False,36501,36501,https://img1.icarros.com/dbimg/imgadicionalanuncio/1/476088207_1.jpg,hb20,hyundai,2026-05-12T23:09:30.274135,015245-5,HB20 Comfort Plus 1.0 Flex 12V Mec.,73898.0,4,exato,0.013559230290400282
57172603,https://www.icarros.com.br/comprar/santa-barbara-d-oeste-sp/hyundai/hb20/2014/d57172603,Hyundai,HB20,1.0 Comfort manual,Hyundai HB20 HB20 1.0 Comfort manual,2014,48900.0,107400.0,SP,Santa Bárbara D\,Prata,manual,PJ,False,False,2676356,2676356,https://img1.icarros.com/dbimg/imgadicionalanuncio/1/475372717_1.jpg,hb20,hyundai,2026-05-12T23:09:30.277318,015109-2,HB20 Copa do Mundo 1.0 Flex 12V Mec.,41187.0,2,fuzzy,0.18726782722703766
56763307,https://www.icarros.com.br/comprar/santa-barbara-d-oeste-sp/hyundai/hb20/2020/d56763307,Hyundai,HB20,1.0 Sense manual,Hyundai HB20 HB20 1.0 Sense manual,2020,59900.0,71800.0,SP,Santa Bárbara D\,Branco,manual,PJ,False,False,2676356,2676356,https://img1.icarros.com/dbimg/imgadicionalanuncio/1/471009627_1.jpg,hb20,hyundai,2026-05-12T23:09:30.277529,015165-3,HB20 Sense 1.0 Flex 12V Mec.,54971.0,3,exato,0.08966545996980226
56836599,https://www.icarros.com.br/comprar/hortolandia-sp/hyundai/hb20/2025/d56836599,Hyundai,HB20,1.0 Sense Plus manual,Hyundai HB20 HB20 1.0 Sense Plus manual,2025,68990.0,22322.0,SP,Hortolândia,Azul,manual,PJ,False,False,1104164,1104164,https://img0.icarros.com/dbimg/imgadicionalanuncio/1/471865135_1.jpg,hb20,hyundai,2026-05-12T23:09:36.103198,015234-0,HB20 Sense Plus 1.0 Flex 12V Mec.,68594.0,4,exato,0.0057730996880193605
56849129,https://www.icarros.com.br/comprar/hortolandia-sp/hyundai/hb20/2024/d56849129,Hyundai,HB20,1.0 Comfort Plus manual,Hyundai HB20 HB20 1.0 Comfort Plus manual,2024,70990.0,21346.0,SP,Hortolândia,Branco,manual,PJ,False,False,1104164,1104164,https://img2.icarros.com/dbimg/imgadicionalanuncio/1/472005753_1.jpg,hb20,hyundai,2026-05-12T23:09:36.103436,015245-5,HB20 Comfort Plus 1.0 Flex 12V Mec.,70035.0,4,exato,0.013636039123295494
56836632,https://www.icarros.com.br/comprar/hortolandia-sp/hyundai/hb20/2025/d56836632,Hyundai,HB20,1.0 Comfort Plus manual,Hyundai HB20 HB20 1.0 Comfort Plus manual,2025,77990.0,23215.0,SP,Hortolândia,Cinza,manual,PJ,False,False,1104164,1104164,https://img0.icarros.com/dbimg/imgadicionalanuncio/1/471865576_1.jpg,hb20,hyundai,2026-05-12T23:09:36.103652,015245-5,HB20 Comfort Plus 1.0 Flex 12V Mec.,73898.0,4,exato,0.055373623102113724
56836626,https://www.icarros.com.br/comprar/hortolandia-sp/hyundai/hb20/2025/d56836626,Hyundai,HB20,1.0 Limited Plus manual,Hyundai HB20 HB20 1.0 Limited Plus manual,2025,79990.0,21345.0,SP,Hortolândia,Cinza,manual,PJ,False,False,1104164,1104164,https://img0.icarros.com/dbimg/imgadicionalanuncio/1/471865460_1.jpg,hb20,hyundai,2026-05-12T23:09:36.103860,015235-8,HB20 Limited Plus 1.0 Flex 12V Mec.,78785.0,4,exato,0.01529478961731294
57503618,https://www.icarros.com.br/comprar/cotia-sp/hyundai/hb20/2014/d57503618,Hyundai,HB20,1.6 Comfort Plus (Aut) automático,Hyundai HB20 HB20 1.6 Comfort Plus (Aut) automático,2014,53990.0,119000.0,SP,Cotia,Branco,automático,PJ,False,False,2782782,2782782,https://img2.icarros.com/dbimg/imgadicionalanuncio/1/478720681_1.jpg,hb20,hyundai,2026-05-12T23:09:36.104069,015090-8,HB20 C.Style/C.Plus 1.6 Flex 16V Aut.,48556.0,2,fuzzy,0.11191201911195321
57170505,https://www.icarros.com.br/comprar/indaiatuba-sp/hyundai/hb20/2024/d57170505,Hyundai,HB20,1.0 Comfort manual,Hyundai HB20 HB20 1.0 Comfort manual,2024,72990.0,42878.0,SP,Indaiatuba,Cinza,manual,PJ,False,False,2804387,2804387,https://img0.icarros.com/dbimg/imgadicionalanuncio/1/475526810_1.jpg,hb20,hyundai,2026-05-12T23:09:36.106133,015215-3,HB20 Comfort 1.0 Flex 12V Mec.,70005.0,3,exato,0.042639811442039856
56829520,https://www.icarros.com.br/comprar/atibaia-sp/hyundai/hb20/2021/d56829520,Hyundai,HB20,1.0 Evolution manual,Hyundai HB20 HB20 1.0 Evolution manual,2021,67900.0,81392.0,SP,Atibaia,Preto,manual,PJ,False,False,1579771,1579771,https://img1.icarros.com/dbimg/imgadicionalanuncio/1/471786642_1.jpg,hb20,hyundai,2026-05-12T23:09:36.106430,015164-5,HB20 Evolution 1.0 Flex 12V Mec.,64526.0,3,exato,0.052288999783033197
57462084,https://www.icarros.com.br/comprar/americana-sp/hyundai/hb20/2019/d57462084,Hyundai,HB20,1.0 Comfort manual,Hyundai HB20 HB20 1.0 Comfort manual,2019,55990.0,70290.0,SP,Americana,Branco,manual,PJ,False,False,2004896,2004896,https://img0.icarros.com/dbimg/imgadicionalanuncio/1/478300959_1.jpg,hb20,hyundai,2026-05-12T23:09:40.933921,015126-2,HB20 Comfort Plus 1.0 TB Flex 12V Mec.,55592.0,3,exato,0.00715930349690603
56503822,https://www.icarros.com.br/comprar/americana-sp/hyundai/hb20/2019/d56503822,Hyundai,HB20,1.0 Unique manual,Hyundai HB20 HB20 1.0 Unique manual,2019,56990.0,126076.0,SP,Americana,Prata,manual,PJ,False,False,2004896,2004896,https://img1.icarros.com/dbimg/imgadicionalanuncio/1/468094992_1.jpg,hb20,hyundai,2026-05-12T23:09:40.934134,015156-4,HB20 Unique 1.0 Flex 12V Mec.,53406.0,3,exato,0.06710856458075871
56424554,https://www.icarros.com.br/comprar/suzano-sp/hyundai/hb20/2025/d56424554,Hyundai,HB20,1.0 Comfort Plus manual,Hyundai HB20 HB20 1.0 Comfort Plus manual,2025,74500.0,43051.0,SP,Suzano,Branco,manual,PJ,False,False,1619447,1619447,https://img2.icarros.com/dbimg/imgadicionalanuncio/1/467237370_1.jpg,hb20,hyundai,2026-05-12T23:09:40.934374,015245-5,HB20 Comfort Plus 1.0 Flex 12V Mec.,73898.0,4,exato,0.008146363907006956
57340028,https://www.icarros.com.br/comprar/campinas-sp/hyundai/hb20/2019/d57340028,Hyundai,HB20,1.6 S Comfort Plus (Aut) automático,Hyundai HB20 HB20 1.6 S Comfort Plus (Aut) automático,2019,68890.0,120000.0,SP,Campinas,Prata,automático,PJ,False,False,197838,197838,https://img2.icarros.com/dbimg/imgadicionalanuncio/1/477066673_1.jpg,hb20,hyundai,2026-05-12T23:09:40.934615,015158-0,HB20 1 Million 1.6 Flex 16V Aut.,67995.0,2,fuzzy,0.013162732553864255
57105167,https://www.icarros.com.br/comprar/sorocaba-sp/hyundai/hb20/2014/d57105167,Hyundai,HB20,1.6 Comfort manual,Hyundai HB20 HB20 1.6 Comfort manual,2014,49900.0,157401.0,SP,Sorocaba,Prata,manual,PJ,False,False,2785911,2785911,https://img2.icarros.com/dbimg/imgadicionalanuncio/1/474688465_1.jpg,hb20,hyundai,2026-05-12T23:09:40.935498,015089-4,HB20 C./C.Plus/C.Style 1.6 Flex 16V Mec.,46174.0,2,fuzzy,0.08069476328669814
56839328,https://www.icarros.com.br/comprar/sorocaba-sp/hyundai/hb20/2016/d56839328,Hyundai,HB20,1.0 Comfort manual,Hyundai HB20 HB20 1.0 Comfort manual,2016,53900.0,116862.0,SP,Sorocaba,Branco,manual,PJ,False,False,2785911,2785911,https://img2.icarros.com/dbimg/imgadicionalanuncio/1/471896157_1.jpg,hb20,hyundai,2026-05-12T23:09:44.657030,015127-0,HB20 Comfort Style 1.0 TB Flex 12V Mec.,47312.0,3,exato,0.13924585728779168
56436006,https://www.icarros.com.br/comprar/sorocaba-sp/hyundai/hb20/2018/d56436006,Hyundai,HB20,1.0 Comfort Plus Turbo manual,Hyundai HB20 HB20 1.0 Comfort Plus Turbo manual,2018,54900.0,129000.0,SP,Sorocaba,Preto,manual,PJ,False,False,2785911,2785911,https://img0.icarros.com/dbimg/imgadicionalanuncio/1/467357700_1.jpg,hb20,hyundai,2026-05-12T23:09:44.657258,015126-2,HB20 Comfort Plus 1.0 TB Flex 12V Mec.,52115.0,5,exato,0.053439508778662576
56839310,https://www.icarros.com.br/comprar/sorocaba-sp/hyundai/hb20/2019/d56839310,Hyundai,HB20,1.0 Unique manual,Hyundai HB20 HB20 1.0 Unique manual,2019,59900.0,102954.0,SP,Sorocaba,Preto,manual,PJ,False,False,2785911,2785911,https://img2.icarros.com/dbimg/imgadicionalanuncio/1/471896006_1.jpg,hb20,hyundai,2026-05-12T23:09:44.657465,015156-4,HB20 Unique 1.0 Flex 12V Mec.,53406.0,3,exato,0.12159682432685466
56592004,https://www.icarros.com.br/comprar/sorocaba-sp/hyundai/hb20/2025/d56592004,Hyundai,HB20,1.0 Comfort Plus automático,Hyundai HB20 HB20 1.0 Comfort Plus automático,2025,76900.0,35648.0,SP,Sorocaba,Preto,automático,PJ,False,False,2785911,2785911,https://img1.icarros.com/dbimg/imgadicionalanuncio/1/469089056_1.jpg,hb20,hyundai,2026-05-12T23:09:44.657678,015236-6,HB20 Comfort Plus 1.0 TB Flex 12V Aut.,91384.0,4,exato,-0.158496016808194
56592251,https://www.icarros.com.br/comprar/sorocaba-sp/hyundai/hb20/2025/d56592251,Hyundai,HB20,1.0 Comfort Plus manual,Hyundai HB20 HB20 1.0 Comfort Plus manual,2025,76900.0,39900.0,SP,Sorocaba,Azul,manual,PJ,False,False,2785911,2785911,https://img2.icarros.com/dbimg/imgadicionalanuncio/1/469091469_1.jpg,hb20,hyundai,2026-05-12T23:09:44.657885,015245-5,HB20 Comfort Plus 1.0 Flex 12V Mec.,73898.0,4,exato,0.04062356220736691
56352283,https://www.icarros.com.br/comprar/atibaia-sp/hyundai/hb20/2025/d56352283,Hyundai,HB20,1.0 Comfort Plus manual,Hyundai HB20 HB20 1.0 Comfort Plus manual,2025,74900.0,72000.0,SP,Atibaia,Preto,manual,PJ,False,False,1143978,1143978,https://img1.icarros.com/dbimg/imgadicionalanuncio/1/466494981_1.jpg,hb20,hyundai,2026-05-12T23:09:44.658306,015245-5,HB20 Comfort Plus 1.0 Flex 12V Mec.,73898.0,4,exato,0.013559230290400282
56908773,https://www.icarros.com.br/comprar/sao-paulo-sp/hyundai/hb20/2019/d56908773,Hyundai,HB20,1.0 S Comfort Plus manual,Hyundai HB20 HB20 1.0 S Comfort Plus manual,2019,57480.0,49000.0,SP,São Paulo,Preto,manual,PF,False,True,2824487,2824487,https://img0.icarros.com/dbimg/imgadicionalanuncio/1/472668132_1.jpg,hb20,hyundai,2026-05-12T23:09:44.659117,015126-2,HB20 Comfort Plus 1.0 TB Flex 12V Mec.,55592.0,4,exato,0.033961721110951214
56916146,https://www.icarros.com.br/comprar/mirassol-sp/hyundai/hb20/2023/d56916146,Hyundai,HB20,1.0 Sense manual,Hyundai HB20 HB20 1.0 Sense manual,2023,63800.0,78707.0,SP,Mirassol,Cinza,manual,PJ,False,False,2824320,2824320,https://img2.icarros.com/dbimg/imgadicionalanuncio/1/472741560_1.jpg,hb20,hyundai,2026-05-12T23:09:44.659517,015165-3,HB20 Sense 1.0 Flex 12V Mec.,63214.0,3,exato,0.009270098395924953
56754892,https://www.icarros.com.br/comprar/itaquaquecetuba-sp/hyundai/hb20/2022/d56754892,Hyundai,HB20,1.0 Evolution manual,Hyundai HB20 HB20 1.0 Evolution manual,2022,65900.0,75000.0,SP,Itaquaquecetuba,Preto,manual,PJ,False,False,2822477,2822477,https://img1.icarros.com/dbimg/imgadicionalanuncio/1/470917873_1.jpg,hb20,hyundai,2026-05-12T23:09:44.659709,015164-5,HB20 Evolution 1.0 Flex 12V Mec.,66268.0,3,exato,-0.0055532081849459765
56764222,https://www.icarros.com.br/comprar/sao-bernardo-do-campo-sp/hyundai/hb20/2025/d56764222,Hyundai,HB20,1.0 Sense Plus manual,Hyundai HB20 HB20 1.0 Sense Plus manual,2025,69899.0,30000.0,SP,São Bernardo do Campo,Cinza,manual,PJ,False,False,2822039,2822039,https://img1.icarros.com/dbimg/imgadicionalanuncio/1/471017557_1.jpg,hb20,hyundai,2026-05-12T23:09:44.660109,015234-0,HB20 Sense Plus 1.0 Flex 12V Mec.,68594.0,4,exato,0.01902498760824562
57459005,https://www.icarros.com.br/comprar/atibaia-sp/hyundai/hb20/2024/d57459005,Hyundai,HB20,1.0 Comfort manual,Hyundai HB20 HB20 1.0 Comfort manual,2024,71900.0,53000.0,SP,Atibaia,Prata,manual,PJ,False,False,2819669,2819669,https://img2.icarros.com/dbimg/imgadicionalanuncio/1/478269749_1.jpg,hb20,hyundai,2026-05-12T23:09:44.660511,015215-3,HB20 Comfort 1.0 Flex 12V Mec.,70005.0,3,exato,0.027069495036068852
57485955,https://www.icarros.com.br/comprar/americana-sp/volkswagen/polo/2026/d57485955,Volkswagen,Polo,1.0 Track manual,Volkswagen Polo Polo 1.0 Track manual,2026,84090.0,43243.0,SP,Americana,Branco,manual,LC,False,False,1967053,1967053,https://img0.icarros.com/dbimg/imgadicionalanuncio/1/478540252_1.jpg,polo,volkswagen,2026-05-12T23:09:44.737120,005540-9,Polo Track 1.0 Flex 12V 5p,81509.0,2,fuzzy,0.03166521488424591
57484648,https://www.icarros.com.br/comprar/araras-sp/volkswagen/polo/2026/d57484648,Volkswagen,Polo,1.0 Track manual,Volkswagen Polo Polo 1.0 Track manual,2026,84490.0,36681.0,SP,Araras,Preto,manual,LC,False,False,2797833,2797833,https://img1.icarros.com/dbimg/imgadicionalanuncio/1/478527374_1.jpg,polo,volkswagen,2026-05-12T23:09:44.737551,005540-9,Polo Track 1.0 Flex 12V 5p,81509.0,2,fuzzy,0.03657264841919297
56767742,https://www.icarros.com.br/comprar/sao-paulo-sp/volkswagen/polo/2024/d56767742,Volkswagen,Polo,1.0 manual,Volkswagen Polo Polo 1.0 manual,2024,74590.0,51667.0,SP,São Paulo,Branco,manual,LC,False,False,2758878,2758878,https://img2.icarros.com/dbimg/imgadicionalanuncio/1/471054141_1.jpg,polo,volkswagen,2026-05-12T23:09:44.878622,,p25_filtrada (n=4),74215.0,1,fallback_p25,0.005052886882705653
56767554,https://www.icarros.com.br/comprar/sao-paulo-sp/volkswagen/polo/2024/d56767554,Volkswagen,Polo,1.0 manual,Volkswagen Polo Polo 1.0 manual,2024,75690.0,46065.0,SP,São Paulo,Branco,manual,LC,False,False,2758878,2758878,https://img0.icarros.com/dbimg/imgadicionalanuncio/1/471052272_1.jpg,polo,volkswagen,2026-05-12T23:09:44.878827,,p25_filtrada (n=4),74215.0,1,fallback_p25,0.0198746884053089
56767771,https://www.icarros.com.br/comprar/sao-paulo-sp/volkswagen/polo/2024/d56767771,Volkswagen,Polo,1.0 manual,Volkswagen Polo Polo 1.0 manual,2024,76690.0,49349.0,SP,São Paulo,Branco,manual,LC,False,False,2758878,2758878,https://img1.icarros.com/dbimg/imgadicionalanuncio/1/471054431_1.jpg,polo,volkswagen,2026-05-12T23:09:44.879124,,p25_filtrada (n=4),74215.0,1,fallback_p25,0.033349053425857304
57503797,https://www.icarros.com.br/comprar/sao-paulo-sp/volkswagen/polo/2026/d57503797,Volkswagen,Polo,1.0 Track manual,Volkswagen Polo Polo 1.0 Track manual,2026,82790.0,53718.0,SP,São Paulo,Prata,manual,LC,False,False,2758878,2758878,https://img1.icarros.com/dbimg/imgadicionalanuncio/1/478722554_1.jpg,polo,volkswagen,2026-05-12T23:09:44.879330,005540-9,Polo Track 1.0 Flex 12V 5p,81509.0,2,fuzzy,0.015716055895667963
57494698,https://www.icarros.com.br/comprar/sao-paulo-sp/volkswagen/polo/2026/d57494698,Volkswagen,Polo,1.0 Track manual,Volkswagen Polo Polo 1.0 Track manual,2026,83390.0,47504.0,SP,São Paulo,Cinza,manual,LC,False,False,2758878,2758878,https://img1.icarros.com/dbimg/imgadicionalanuncio/1/478626470_1.jpg,polo,volkswagen,2026-05-12T23:09:44.879535,005540-9,Polo Track 1.0 Flex 12V 5p,81509.0,2,fuzzy,0.023077206198088555
56767622,https://www.icarros.com.br/comprar/sao-paulo-sp/volkswagen/polo/2024/d56767622,Volkswagen,Polo,1.0 170 TSI Highline (Aut) automático,Volkswagen Polo Polo 1.0 170 TSI Highline (Aut) automático,2024,101590.0,32601.0,SP,São Paulo,Vermelho,automático,LC,False,False,2758878,2758878,https://img2.icarros.com/dbimg/imgadicionalanuncio/1/471052958_1.jpg,polo,volkswagen,2026-05-12T23:09:44.879740,005536-0,Polo Highline TSI 1.0 Flex 12V Aut.,97330.0,4,exato,0.04376862221308949
56765897,https://www.icarros.com.br/comprar/sao-jose-dos-campos-sp/volkswagen/polo/2021/d56765897,Volkswagen,Polo,1.0 200 TSI Comfortline (Aut) automático,Volkswagen Polo Polo 1.0 200 TSI Comfortline (Aut) automático,2021,81900.0,96072.0,SP,São José dos Campos,Prata,automático,PJ,False,False,2563102,2563102,https://img2.icarros.com/dbimg/imgadicionalanuncio/1/471033644_1.jpg,polo,volkswagen,2026-05-12T23:09:44.879946,005477-1,Polo Comfort. 200 TSI 1.0 Flex 12V Aut.,78903.0,3,exato,0.037983346640812134
56858085,https://www.icarros.com.br/comprar/mogi-guacu-sp/volkswagen/polo/2019/d56858085,Volkswagen,Polo,200 TSI Highline (Aut) (Flex) automático,Volkswagen Polo Polo 200 TSI Highline (Aut) (Flex) automático,2019,83900.0,80000.0,SP,Mogi Guaçu,Cinza,automático,PJ,False,False,2397437,2397437,https://img0.icarros.com/dbimg/imgadicionalanuncio/1/472104150_1.jpg,polo,volkswagen,2026-05-12T23:09:44.880151,005476-3,Polo Highline 200 TSI 1.0 Flex 12V Aut.,79651.0,3,exato,0.05334521851577507
56834594,https://www.icarros.com.br/comprar/americana-sp/volkswagen/polo/2022/d56834594,Volkswagen,Polo,1.0 200 TSI Highline (Aut) automático,Volkswagen Polo Polo 1.0 200 TSI Highline (Aut) automático,2022,88900.0,93100.0,SP,Americana,Branco,automático,PJ,False,False,2808155,2808155,https://img2.icarros.com/dbimg/imgadicionalanuncio/1/471844509_1.jpg,polo,volkswagen,2026-05-12T23:09:44.880352,005476-3,Polo Highline 200 TSI 1.0 Flex 12V Aut.,87357.0,4,exato,0.017663152351843583
56464754,https://www.icarros.com.br/comprar/campinas-sp/volkswagen/polo/2025/d56464754,Volkswagen,Polo,1.0 manual,Volkswagen Polo Polo 1.0 manual,2025,78000.0,51000.0,SP,Campinas,Branco,manual,PJ,False,False,1895950,1895950,https://img2.icarros.com/dbimg/imgadicionalanuncio/1/467654953_1.jpg,polo,volkswagen,2026-05-12T23:09:44.881147,,p25_filtrada (n=6),76197.0,1,fallback_p25,0.023662348911374465
57483184,https://www.icarros.com.br/comprar/jundiai-sp/volkswagen/polo/2024/d57483184,Volkswagen,Polo,1.0 manual,Volkswagen Polo Polo 1.0 manual,2024,75790.0,33575.0,SP,Jundiaí,Branco,manual,LC,False,False,1842344,1842344,https://img1.icarros.com/dbimg/imgadicionalanuncio/1/478512890_1.jpg,polo,volkswagen,2026-05-12T23:09:44.881351,,p25_filtrada (n=4),74215.0,1,fallback_p25,0.02122212490736374
57267547,https://www.icarros.com.br/comprar/jundiai-sp/volkswagen/polo/2024/d57267547,Volkswagen,Polo,1.0 manual,Volkswagen Polo Polo 1.0 manual,2024,78290.0,29599.0,SP,Jundiaí,Branco,manual,LC,False,False,1842344,1842344,https://img1.icarros.com/dbimg/imgadicionalanuncio/1/476336782_1.jpg,polo,volkswagen,2026-05-12T23:09:44.954880,,p25_filtrada (n=4),74215.0,1,fallback_p25,0.05490803745873476
56889977,https://www.icarros.com.br/comprar/jundiai-sp/volkswagen/polo/2024/d56889977,Volkswagen,Polo,1.0 automático,Volkswagen Polo Polo 1.0 automático,2024,92590.0,49828.0,SP,Jundiaí,Branco,automático,LC,False,False,1842344,1842344,https://img2.icarros.com/dbimg/imgadicionalanuncio/1/472466161_1.jpg,polo,volkswagen,2026-05-12T23:09:44.955098,005535-2,Polo Comfortline TSI 1.0 Flex 12V Aut.,88940.0,2,fuzzy,0.04103890263098718
56890021,https://www.icarros.com.br/comprar/jundiai-sp/volkswagen/polo/2024/d56890021,Volkswagen,Polo,1.0 automático,Volkswagen Polo Polo 1.0 automático,2024,93090.0,43389.0,SP,Jundiaí,Prata,automático,LC,False,False,1842344,1842344,https://img1.icarros.com/dbimg/imgadicionalanuncio/1/472466550_1.jpg,polo,volkswagen,2026-05-12T23:09:44.955304,005535-2,Polo Comfortline TSI 1.0 Flex 12V Aut.,88940.0,2,fuzzy,0.046660670114684055
56890061,https://www.icarros.com.br/comprar/jundiai-sp/volkswagen/polo/2025/d56890061,Volkswagen,Polo,1.0 170 TSI manual,Volkswagen Polo Polo 1.0 170 TSI manual,2025,99790.0,6705.0,SP,Jundiaí,Cinza,manual,LC,False,False,1842344,1842344,https://img2.icarros.com/dbimg/imgadicionalanuncio/1/472466918_1.jpg,polo,volkswagen,2026-05-12T23:09:44.955513,005534-4,Polo 1.0 TSI Flex 12V 5p,92345.0,2,fuzzy,0.08062158211056365
57485691,https://www.icarros.com.br/comprar/jundiai-sp/volkswagen/polo/2025/d57485691,Volkswagen,Polo,1.0 170 TSI Comfortline (Aut) automático,Volkswagen Polo Polo 1.0 170 TSI Comfortline (Aut) automático,2025,100890.0,38541.0,SP,Jundiaí,Prata,automático,LC,False,False,1842344,1842344,https://img0.icarros.com/dbimg/imgadicionalanuncio/1/478537606_1.jpg,polo,volkswagen,2026-05-12T23:09:44.955720,005535-2,Polo Comfortline TSI 1.0 Flex 12V Aut.,98515.0,4,exato,0.024108003857280617
57483294,https://www.icarros.com.br/comprar/jundiai-sp/volkswagen/polo/2025/d57483294,Volkswagen,Polo,1.0 170 TSI Highline (Aut) automático,Volkswagen Polo Polo 1.0 170 TSI Highline (Aut) automático,2025,105590.0,58142.0,SP,Jundiaí,Preto,automático,LC,False,False,1842344,1842344,https://img0.icarros.com/dbimg/imgadicionalanuncio/1/478513938_1.jpg,polo,volkswagen,2026-05-12T23:09:44.955928,005536-0,Polo Highline TSI 1.0 Flex 12V Aut.,106281.0,4,exato,-0.006501632464880835
55936050,https://www.icarros.com.br/comprar/americana-sp/volkswagen/polo/2024/d55936050,Volkswagen,Polo,1.0 170 TSI Highline (Aut) automático,Volkswagen Polo Polo 1.0 170 TSI Highline (Aut) automático,2024,99900.0,39900.0,SP,Americana,Branco,automático,PJ,False,False,2577111,2577111,https://img0.icarros.com/dbimg/imgadicionalanuncio/1/462103854_1.jpg,polo,volkswagen,2026-05-12T23:09:44.956745,005536-0,Polo Highline TSI 1.0 Flex 12V Aut.,97330.0,4,exato,0.026405013870338025
56984479,https://www.icarros.com.br/comprar/araraquara-sp/volkswagen/polo/2018/d56984479,Volkswagen,Polo,200 TSI Comfortline (Aut) (Flex) automático,Volkswagen Polo Polo 200 TSI Comfortline (Aut) (Flex) automático,2018,71990.0,136000.0,SP,Araraquara,Branco,automático,PJ,False,False,2314724,2314724,https://img1.icarros.com/dbimg/imgadicionalanuncio/1/473472590_1.jpg,polo,volkswagen,2026-05-12T23:09:44.956947,005477-1,Polo Comfort. 200 TSI 1.0 Flex 12V Aut.,70135.0,2,fuzzy,0.026448991231196976
56583801,https://www.icarros.com.br/comprar/araraquara-sp/volkswagen/polo/2024/d56583801,Volkswagen,Polo,1.0 170 TSI Highline (Aut) automático,Volkswagen Polo Polo 1.0 170 TSI Highline (Aut) automático,2024,99990.0,50000.0,SP,Araraquara,Cinza,automático,PJ,False,False,2314724,2314724,https://img0.icarros.com/dbimg/imgadicionalanuncio/1/469082449_1.jpg,polo,volkswagen,2026-05-12T23:09:44.957144,005536-0,Polo Highline TSI 1.0 Flex 12V Aut.,97330.0,4,exato,0.027329703072023013
56579186,https://www.icarros.com.br/comprar/osasco-sp/volkswagen/polo/2025/d56579186,Volkswagen,Polo,1.0 170 TSI Highline (Aut) automático,Volkswagen Polo Polo 1.0 170 TSI Highline (Aut) automático,2025,106990.0,34063.0,SP,Osasco,Cinza,automático,PJ,False,False,624438,624438,https://img2.icarros.com/dbimg/imgadicionalanuncio/1/468944682_1.jpg,polo,volkswagen,2026-05-12T23:09:45.034647,005536-0,Polo Highline TSI 1.0 Flex 12V Aut.,106281.0,4,exato,0.006670994815630263
56579182,https://www.icarros.com.br/comprar/osasco-sp/volkswagen/polo/2025/d56579182,Volkswagen,Polo,1.0 170 TSI Highline (Aut) automático,Volkswagen Polo Polo 1.0 170 TSI Highline (Aut) automático,2025,106990.0,40900.0,SP,Osasco,Branco,automático,PJ,False,False,624438,624438,https://img1.icarros.com/dbimg/imgadicionalanuncio/1/468944620_1.jpg,polo,volkswagen,2026-05-12T23:09:45.034849,005536-0,Polo Highline TSI 1.0 Flex 12V Aut.,106281.0,4,exato,0.006670994815630263
57516987,https://www.icarros.com.br/comprar/ribeirao-preto-sp/volkswagen/polo/2026/d57516987,Volkswagen,Polo,1.0 Track manual,Volkswagen Polo Polo 1.0 Track manual,2026,83290.0,51031.0,SP,Ribeirão Preto,Branco,manual,LC,False,False,2796993,2796993,https://img0.icarros.com/dbimg/imgadicionalanuncio/1/478859172_1.jpg,polo,volkswagen,2026-05-12T23:09:45.035050,005540-9,Polo Track 1.0 Flex 12V 5p,81509.0,2,fuzzy,0.02185034781435179
57492182,https://www.icarros.com.br/comprar/ribeirao-preto-sp/volkswagen/polo/2026/d57492182,Volkswagen,Polo,1.0 Track manual,Volkswagen Polo Polo 1.0 Track manual,2026,84190.0,40453.0,SP,Ribeirão Preto,Branco,manual,LC,False,False,2796993,2796993,https://img2.icarros.com/dbimg/imgadicionalanuncio/1/478601641_1.jpg,polo,volkswagen,2026-05-12T23:09:45.035252,005540-9,Polo Track 1.0 Flex 12V 5p,81509.0,2,fuzzy,0.03289207326798268
57478425,https://www.icarros.com.br/comprar/marilia-sp/volkswagen/polo/2026/d57478425,Volkswagen,Polo,1.0 Track manual,Volkswagen Polo Polo 1.0 Track manual,2026,83690.0,46184.0,SP,Marília,Branco,manual,LC,False,False,1574328,1574328,https://img0.icarros.com/dbimg/imgadicionalanuncio/1/478465480_1.jpg,polo,volkswagen,2026-05-12T23:09:45.035653,005540-9,Polo Track 1.0 Flex 12V 5p,81509.0,2,fuzzy,0.02675778134929885
57487295,https://www.icarros.com.br/comprar/marilia-sp/volkswagen/polo/2025/d57487295,Volkswagen,Polo,1.0 170 TSI Comfortline (Aut) automático,Volkswagen Polo Polo 1.0 170 TSI Comfortline (Aut) automático,2025,100690.0,45493.0,SP,Marília,Prata,automático,LC,False,False,1574328,1574328,https://img2.icarros.com/dbimg/imgadicionalanuncio/1/478553444_1.jpg,polo,volkswagen,2026-05-12T23:09:45.035856,005535-2,Polo Comfortline TSI 1.0 Flex 12V Aut.,98515.0,4,exato,0.022077856164035934
56703791,https://www.icarros.com.br/comprar/mogi-das-cruzes-sp/volkswagen/polo/2012/d56703791,Volkswagen,Polo,Hatch 1.6 VHT Total Flex manual,Volkswagen Polo Polo Hatch 1.6 VHT Total Flex manual,2012,42900.0,142000.0,SP,Mogi das Cruzes,Preto,manual,PJ,False,False,2428133,2428133,https://img2.icarros.com/dbimg/imgadicionalanuncio/1/470341590_1.jpg,polo,volkswagen,2026-05-12T23:09:45.036052,005288-4,Polo BLUEMOTION 1.6 Total Flex 8V 5p,38392.0,2,fuzzy,0.11742029589497813
56816732,https://www.icarros.com.br/comprar/sorocaba-sp/volkswagen/polo/2025/d56816732,Volkswagen,Polo,1.0 manual,Volkswagen Polo Polo 1.0 manual,2025,79990.0,66000.0,SP,Sorocaba,Branco,manual,PJ,False,False,2322245,2322245,https://img2.icarros.com/dbimg/imgadicionalanuncio/1/471637809_1.jpg,polo,volkswagen,2026-05-12T23:09:45.109575,,p25_filtrada (n=6),76197.0,1,fallback_p25,0.04977886268488261
57173523,https://www.icarros.com.br/comprar/valinhos-sp/volkswagen/polo/2009/d57173523,Volkswagen,Polo,Hatch. 1.6 8V (Flex) manual,Volkswagen Polo Polo Hatch. 1.6 8V (Flex) manual,2009,41990.0,166000.0,SP,Valinhos,Prata,manual,PJ,False,False,37592,37592,https://img0.icarros.com/dbimg/imgadicionalanuncio/1/475382109_1.jpg,polo,volkswagen,2026-05-12T23:09:45.110585,,p25_filtrada (n=7),34140.0,1,fallback_p25,0.22993555946104277
57486751,https://www.icarros.com.br/comprar/mogi-das-cruzes-sp/volkswagen/polo/2026/d57486751,Volkswagen,Polo,1.0 Track manual,Volkswagen Polo Polo 1.0 Track manual,2026,83190.0,44840.0,SP,Mogi das Cruzes,Branco,manual,LC,False,False,2562325,2562325,https://img1.icarros.com/dbimg/imgadicionalanuncio/1/478548164_1.jpg,polo,volkswagen,2026-05-12T23:09:45.112190,005540-9,Polo Track 1.0 Flex 12V 5p,81509.0,2,fuzzy,0.020623489430615025
57487468,https://www.icarros.com.br/comprar/mogi-das-cruzes-sp/volkswagen/polo/2026/d57487468,Volkswagen,Polo,1.0 Track manual,Volkswagen Polo Polo 1.0 Track manual,2026,84090.0,39053.0,SP,Mogi das Cruzes,Branco,manual,LC,False,False,2562325,2562325,https://img1.icarros.com/dbimg/imgadicionalanuncio/1/478555170_1.jpg,polo,volkswagen,2026-05-12T23:09:45.112394,005540-9,Polo Track 1.0 Flex 12V 5p,81509.0,2,fuzzy,0.03166521488424591
56613093,https://www.icarros.com.br/comprar/campinas-sp/volkswagen/polo/2019/d56613093,Volkswagen,Polo,1.0 (Flex) manual,Volkswagen Polo Polo 1.0 (Flex) manual,2019,82990.0,89000.0,SP,Campinas,Prata,manual,PJ,False,False,2034894,2034894,https://img0.icarros.com/dbimg/imgadicionalanuncio/1/469318767_1.jpg,polo,volkswagen,2026-05-12T23:09:45.112594,,p25_filtrada (n=2),62439.0,1,fallback_p25,0.32913723794423355
56650087,https://www.icarros.com.br/comprar/sao-jose-dos-campos-sp/volkswagen/polo/2024/d56650087,Volkswagen,Polo,1.0 170 TSI Comfortline (Aut) automático,Volkswagen Polo Polo 1.0 170 TSI Comfortline (Aut) automático,2024,89900.0,51600.0,SP,São José dos Campos,Cinza,automático,PJ,False,False,2433986,2433986,https://img1.icarros.com/dbimg/imgadicionalanuncio/1/471397762_1.jpg,polo,volkswagen,2026-05-12T23:09:45.187819,005535-2,Polo Comfortline TSI 1.0 Flex 12V Aut.,88940.0,4,exato,0.010793793568697998
57490286,https://www.icarros.com.br/comprar/americana-sp/volkswagen/polo/2026/d57490286,Volkswagen,Polo,1.0 Track manual,Volkswagen Polo Polo 1.0 Track manual,2026,83490.0,44700.0,SP,Americana,Branco,manual,LC,False,False,1967053,1967053,https://img2.icarros.com/dbimg/imgadicionalanuncio/1/478582895_1.jpg,polo,volkswagen,2026-05-12T23:09:45.188625,005540-9,Polo Track 1.0 Flex 12V 5p,81509.0,2,fuzzy,0.02430406458182532
57477416,https://www.icarros.com.br/comprar/americana-sp/volkswagen/polo/2026/d57477416,Volkswagen,Polo,1.0 Track manual,Volkswagen Polo Polo 1.0 Track manual,2026,84190.0,41866.0,SP,Americana,Cinza,manual,LC,False,False,1967053,1967053,https://img2.icarros.com/dbimg/imgadicionalanuncio/1/478455397_1.jpg,polo,volkswagen,2026-05-12T23:09:45.188831,005540-9,Polo Track 1.0 Flex 12V 5p,81509.0,2,fuzzy,0.03289207326798268
56305786,https://www.icarros.com.br/comprar/sao-jose-do-rio-preto-sp/volkswagen/polo/2024/d56305786,Volkswagen,Polo,1.0 manual,Volkswagen Polo Polo 1.0 manual,2024,69900.0,51000.0,SP,São José do Rio Preto,Cinza,manual,PJ,False,False,2325948,2325948,https://img1.icarros.com/dbimg/imgadicionalanuncio/1/466006221_1.jpg,polo,volkswagen,2026-05-12T23:09:45.189815,,p25_filtrada (n=4),74215.0,1,fallback_p25,-0.058141885063666375
57181501,https://www.icarros.com.br/comprar/hortolandia-sp/volkswagen/polo/2021/d57181501,Volkswagen,Polo,1.0 (Flex) manual,Volkswagen Polo Polo 1.0 (Flex) manual,2021,66900.0,108617.0,SP,Hortolândia,Preto,manual,PJ,False,False,2478797,2478797,https://img1.icarros.com/dbimg/imgadicionalanuncio/1/475467708_1.jpg,polo,volkswagen,2026-05-12T23:09:45.263306,,p25_filtrada (n=3),66786.0,1,fallback_p25,0.0017069445692210943
56913140,https://www.icarros.com.br/comprar/sao-paulo-sp/volkswagen/polo/2025/d56913140,Volkswagen,Polo,1.0 170 TSI Comfortline (Aut) automático,Volkswagen Polo Polo 1.0 170 TSI Comfortline (Aut) automático,2025,93569.0,38000.0,SP,São Paulo,Cinza,automático,PJ,False,False,2566993,2566993,https://img2.icarros.com/dbimg/imgadicionalanuncio/1/474701896_1.jpg,polo,volkswagen,2026-05-12T23:09:45.265745,005535-2,Polo Comfortline TSI 1.0 Flex 12V Aut.,98515.0,4,exato,-0.050205552453941024
56754066,https://www.icarros.com.br/comprar/sao-paulo-sp/volkswagen/polo/2025/d56754066,Volkswagen,Polo,1.0 170 TSI Comfortline (Aut) automático,Volkswagen Polo Polo 1.0 170 TSI Comfortline (Aut) automático,2025,93904.0,34000.0,SP,São Paulo,Cinza,automático,PJ,False,False,2566993,2566993,https://img0.icarros.com/dbimg/imgadicionalanuncio/1/477604332_1.jpg,polo,volkswagen,2026-05-12T23:09:45.265942,005535-2,Polo Comfortline TSI 1.0 Flex 12V Aut.,98515.0,4,exato,-0.04680505506775618
56753596,https://www.icarros.com.br/comprar/sao-paulo-sp/volkswagen/polo/2025/d56753596,Volkswagen,Polo,1.0 170 TSI Comfortline (Aut) automático,Volkswagen Polo Polo 1.0 170 TSI Comfortline (Aut) automático,2025,94337.0,31100.0,SP,São Paulo,Branco,automático,PJ,False,False,2566993,2566993,https://img1.icarros.com/dbimg/imgadicionalanuncio/1/473825427_1.jpg,polo,volkswagen,2026-05-12T23:09:45.266139,005535-2,Polo Comfortline TSI 1.0 Flex 12V Aut.,98515.0,4,exato,-0.04240978531188144
56783763,https://www.icarros.com.br/comprar/sao-paulo-sp/volkswagen/polo/2025/d56783763,Volkswagen,Polo,1.0 170 TSI Comfortline (Aut) automático,Volkswagen Polo Polo 1.0 170 TSI Comfortline (Aut) automático,2025,94532.0,32200.0,SP,São Paulo,Cinza,automático,PJ,False,False,2566993,2566993,https://img0.icarros.com/dbimg/imgadicionalanuncio/1/473825601_1.jpg,polo,volkswagen,2026-05-12T23:09:45.266336,005535-2,Polo Comfortline TSI 1.0 Flex 12V Aut.,98515.0,4,exato,-0.04043039131096787
56806708,https://www.icarros.com.br/comprar/sao-paulo-sp/volkswagen/polo/2025/d56806708,Volkswagen,Polo,1.0 automático,Volkswagen Polo Polo 1.0 automático,2025,94574.0,29000.0,SP,São Paulo,Cinza,automático,PJ,False,False,2566993,2566993,https://img1.icarros.com/dbimg/imgadicionalanuncio/1/474043870_1.jpg,polo,volkswagen,2026-05-12T23:09:45.266533,005535-2,Polo Comfortline TSI 1.0 Flex 12V Aut.,98515.0,2,fuzzy,-0.04000406029538649
56773507,https://www.icarros.com.br/comprar/sao-paulo-sp/volkswagen/polo/2025/d56773507,Volkswagen,Polo,1.0 170 TSI Comfortline (Aut) automático,Volkswagen Polo Polo 1.0 170 TSI Comfortline (Aut) automático,2025,94574.0,29800.0,SP,São Paulo,Cinza,automático,PJ,False,False,2566993,2566993,https://img1.icarros.com/dbimg/imgadicionalanuncio/1/473825498_1.jpg,polo,volkswagen,2026-05-12T23:09:45.266730,005535-2,Polo Comfortline TSI 1.0 Flex 12V Aut.,98515.0,4,exato,-0.04000406029538649
56754009,https://www.icarros.com.br/comprar/sao-paulo-sp/volkswagen/polo/2025/d56754009,Volkswagen,Polo,1.0 170 TSI Comfortline (Aut) automático,Volkswagen Polo Polo 1.0 170 TSI Comfortline (Aut) automático,2025,94900.0,30400.0,SP,São Paulo,Preto,automático,PJ,False,False,2566993,2566993,https://img0.icarros.com/dbimg/imgadicionalanuncio/1/472820430_1.jpg,polo,volkswagen,2026-05-12T23:09:45.266929,005535-2,Polo Comfortline TSI 1.0 Flex 12V Aut.,98515.0,4,exato,-0.03669491955539766
56720748,https://www.icarros.com.br/comprar/sao-paulo-sp/volkswagen/polo/2025/d56720748,Volkswagen,Polo,1.0 170 TSI Comfortline (Aut) automático,Volkswagen Polo Polo 1.0 170 TSI Comfortline (Aut) automático,2025,95549.0,26500.0,SP,São Paulo,Preto,automático,PJ,False,False,2566993,2566993,https://img0.icarros.com/dbimg/imgadicionalanuncio/1/473825528_1.jpg,polo,volkswagen,2026-05-12T23:09:45.267127,005535-2,Polo Comfortline TSI 1.0 Flex 12V Aut.,98515.0,4,exato,-0.030107090290818657
56856808,https://www.icarros.com.br/comprar/sao-paulo-sp/volkswagen/polo/2025/d56856808,Volkswagen,Polo,1.0 170 TSI Comfortline (Aut) automático,Volkswagen Polo Polo 1.0 170 TSI Comfortline (Aut) automático,2025,95589.0,24000.0,SP,São Paulo,Cinza,automático,PJ,False,False,2566993,2566993,https://img1.icarros.com/dbimg/imgadicionalanuncio/1/474043914_1.jpg,polo,volkswagen,2026-05-12T23:09:45.341537,005535-2,Polo Comfortline TSI 1.0 Flex 12V Aut.,98515.0,4,exato,-0.02970106075216972
56771251,https://www.icarros.com.br/comprar/sao-paulo-sp/volkswagen/polo/2025/d56771251,Volkswagen,Polo,1.0 170 TSI Comfortline (Aut) automático,Volkswagen Polo Polo 1.0 170 TSI Comfortline (Aut) automático,2025,95589.0,24000.0,SP,São Paulo,Branco,automático,PJ,False,False,2566993,2566993,https://img1.icarros.com/dbimg/imgadicionalanuncio/1/473825541_1.jpg,polo,volkswagen,2026-05-12T23:09:45.341755,005535-2,Polo Comfortline TSI 1.0 Flex 12V Aut.,98515.0,4,exato,-0.02970106075216972
57488652,https://www.icarros.com.br/comprar/sao-paulo-sp/volkswagen/polo/2023/d57488652,Volkswagen,Polo,1.0 manual,Volkswagen Polo Polo 1.0 manual,2023,75690.0,56297.0,SP,São Paulo,Prata,manual,LC,False,False,2562310,2562310,https://img0.icarros.com/dbimg/imgadicionalanuncio/1/478566866_1.jpg,polo,volkswagen,2026-05-12T23:09:45.342582,,p25_filtrada (n=5),69428.0,1,fallback_p25,0.09019415797660886
57488660,https://www.icarros.com.br/comprar/sao-paulo-sp/volkswagen/polo/2024/d57488660,Volkswagen,Polo,1.0 manual,Volkswagen Polo Polo 1.0 manual,2024,76490.0,32078.0,SP,São Paulo,Branco,manual,LC,False,False,2562310,2562310,https://img2.icarros.com/dbimg/imgadicionalanuncio/1/478566951_1.jpg,polo,volkswagen,2026-05-12T23:09:45.342789,,p25_filtrada (n=4),74215.0,1,fallback_p25,0.030654180421747626
57460634,https://www.icarros.com.br/comprar/americana-sp/volkswagen/polo/2009/d57460634,Volkswagen,Polo,Hatch. Sportline 1.6 8V (Flex) manual,Volkswagen Polo Polo Hatch. Sportline 1.6 8V (Flex) manual,2009,41990.0,145000.0,SP,Americana,Preto,manual,PJ,False,False,2502722,2502722,https://img2.icarros.com/dbimg/imgadicionalanuncio/1/478286227_1.jpg,polo,volkswagen,2026-05-12T23:09:45.343207,005249-3,Polo SPORTLINE 1.6 Mi Total Flex 8V 5p,35401.0,2,fuzzy,0.1861246857433406
56618065,https://www.icarros.com.br/comprar/sao-paulo-sp/volkswagen/polo/2021/d56618065,Volkswagen,Polo,1.0 200 TSI Comfortline (Aut) automático,Volkswagen Polo Polo 1.0 200 TSI Comfortline (Aut) automático,2021,79900.0,71000.0,SP,São Paulo,Branco,automático,PJ,False,False,1286732,1286732,https://img1.icarros.com/dbimg/imgadicionalanuncio/1/469370505_1.jpg,polo,volkswagen,2026-05-12T23:09:45.343407,005477-1,Polo Comfort. 200 TSI 1.0 Flex 12V Aut.,78903.0,3,exato,0.012635767968264832
57344145,https://www.icarros.com.br/comprar/campinas-sp/volkswagen/polo/2012/d57344145,Volkswagen,Polo,Hatch. Sportline 1.6 8V (Flex) manual,Volkswagen Polo Polo Hatch. Sportline 1.6 8V (Flex) manual,2012,34990.0,170000.0,SP,Campinas,Preto,manual,PJ,False,False,2808697,2808697,https://img0.icarros.com/dbimg/imgadicionalanuncio/1/477110115_1.jpg,polo,volkswagen,2026-05-12T23:09:45.343802,005249-3,Polo SPORTLINE 1.6 Mi Total Flex 8V 5p,40446.0,2,fuzzy,-0.13489591059684516
57391991,https://www.icarros.com.br/comprar/sao-paulo-sp/volkswagen/polo/2026/d57391991,Volkswagen,Polo,1.0 Track manual,Volkswagen Polo Polo 1.0 Track manual,2026,88900.0,2372.0,SP,São Paulo,Prata,manual,PJ,False,False,2217019,2217019,https://img2.icarros.com/dbimg/imgadicionalanuncio/1/477591438_1.jpg,polo,volkswagen,2026-05-12T23:09:45.418119,005540-9,Polo Track 1.0 Flex 12V 5p,81509.0,2,fuzzy,0.09067710314198432
56560318,https://www.icarros.com.br/comprar/sumare-sp/volkswagen/polo/2025/d56560318,Volkswagen,Polo,1.0 Robust manual,Volkswagen Polo Polo 1.0 Robust manual,2025,79900.0,51727.0,SP,Sumaré,Branco,manual,PJ,False,False,1118049,1118049,https://img1.icarros.com/dbimg/imgadicionalanuncio/1/468720790_1.jpg,polo,volkswagen,2026-05-12T23:09:45.418317,005550-6,Polo Robust 1.0 Flex 12V 5p,78066.0,2,fuzzy,0.023492941869699996
56827677,https://www.icarros.com.br/comprar/sorocaba-sp/volkswagen/polo/2021/d56827677,Volkswagen,Polo,1.0 200 TSI Comfortline (Aut) automático,Volkswagen Polo Polo 1.0 200 TSI Comfortline (Aut) automático,2021,79900.0,90000.0,SP,Sorocaba,Branco,automático,PJ,False,False,2785952,2785952,https://img0.icarros.com/dbimg/imgadicionalanuncio/1/471766140_1.jpg,polo,volkswagen,2026-05-12T23:09:45.419680,005477-1,Polo Comfort. 200 TSI 1.0 Flex 12V Aut.,78903.0,3,exato,0.012635767968264832
57181935,https://www.icarros.com.br/comprar/braganca-paulista-sp/volkswagen/polo/2025/d57181935,Volkswagen,Polo,1.0 170 TSI Comfortline (Aut) automático,Volkswagen Polo Polo 1.0 170 TSI Comfortline (Aut) automático,2025,102890.0,45000.0,SP,Bragança Paulista,Preto,automático,PJ,False,False,116888,116888,https://img0.icarros.com/dbimg/imgadicionalanuncio/1/475472102_1.jpg,polo,volkswagen,2026-05-12T23:09:45.494050,005535-2,Polo Comfortline TSI 1.0 Flex 12V Aut.,98515.0,4,exato,0.04440948078972745
56913539,https://www.icarros.com.br/comprar/osasco-sp/volkswagen/polo/2024/d56913539,Volkswagen,Polo,1.0 170 TSI Comfortline (Aut) manual,Volkswagen Polo Polo 1.0 170 TSI Comfortline (Aut) manual,2024,84900.0,70000.0,SP,Osasco,Preto,manual,PJ,False,False,2772855,2772855,https://img2.icarros.com/dbimg/imgadicionalanuncio/1/472711673_1.jpg,polo,volkswagen,2026-05-12T23:09:45.495513,005534-4,Polo 1.0 TSI Flex 12V 5p,79068.0,2,fuzzy,0.07375929579602368
56388000,https://www.icarros.com.br/comprar/sao-bernardo-do-campo-sp/volkswagen/polo/2022/d56388000,Volkswagen,Polo,1.0 200 TSI Highline (Aut) automático,Volkswagen Polo Polo 1.0 200 TSI Highline (Aut) automático,2022,87899.0,92225.0,SP,São Bernardo do Campo,Preto,automático,PJ,False,False,700061,700061,https://img0.icarros.com/dbimg/imgadicionalanuncio/1/466867681_1.jpg,polo,volkswagen,2026-05-12T23:09:45.495902,005476-3,Polo Highline 200 TSI 1.0 Flex 12V Aut.,87357.0,4,exato,0.006204425518275582
56032703,https://www.icarros.com.br/comprar/sorocaba-sp/volkswagen/polo/2025/d56032703,Volkswagen,Polo,1.0 170 TSI Comfortline (Aut) automático,Volkswagen Polo Polo 1.0 170 TSI Comfortline (Aut) automático,2025,102900.0,19000.0,SP,Sorocaba,Prata,automático,PJ,False,False,2278493,2278493,https://img2.icarros.com/dbimg/imgadicionalanuncio/1/463124786_1.jpg,polo,volkswagen,2026-05-12T23:09:45.496505,005535-2,Polo Comfortline TSI 1.0 Flex 12V Aut.,98515.0,4,exato,0.044510988174389685
57462241,https://www.icarros.com.br/comprar/sorocaba-sp/volkswagen/polo/2020/d57462241,Volkswagen,Polo,250 1.4 TSI GTS (Aut) automático,Volkswagen Polo Polo 250 1.4 TSI GTS (Aut) automático,2020,104900.0,87000.0,SP,Sorocaba,Prata,automático,PJ,False,False,2278493,2278493,https://img1.icarros.com/dbimg/imgadicionalanuncio/1/478302510_1.jpg,polo,volkswagen,2026-05-12T23:09:45.496705,005521-2,Polo GTS 1.4 TSI 16V Flex,101161.0,3,exato,0.03696088413519044
57303027,https://www.icarros.com.br/comprar/ribeirao-preto-sp/volkswagen/polo/2025/d57303027,Volkswagen,Polo,1.0 170 TSI Comfortline (Aut) automático,Volkswagen Polo Polo 1.0 170 TSI Comfortline (Aut) automático,2025,101900.0,44500.0,SP,Ribeirão Preto,Prata,automático,PJ,False,False,2659276,2659276,https://img0.icarros.com/dbimg/imgadicionalanuncio/1/476696050_1.jpg,polo,volkswagen,2026-05-12T23:09:45.497708,005535-2,Polo Comfortline TSI 1.0 Flex 12V Aut.,98515.0,4,exato,0.03436024970816627
56903234,https://www.icarros.com.br/comprar/campinas-sp/volkswagen/polo/2023/d56903234,Volkswagen,Polo,1.0 170 TSI Highline (Aut) automático,Volkswagen Polo Polo 1.0 170 TSI Highline (Aut) automático,2023,135490.0,37651.0,SP,Campinas,Preto,automático,PJ,False,False,2632999,2632999,/comum/ids/images/anuncio-sem-foto.png,polo,volkswagen,2026-05-12T23:09:45.570364,005536-0,Polo Highline TSI 1.0 Flex 12V Aut.,93468.0,4,exato,0.44958702443617066
56860287,https://www.icarros.com.br/comprar/jundiai-sp/volkswagen/polo/2019/d56860287,Volkswagen,Polo,200 TSI Highline (Aut) (Flex) automático,Volkswagen Polo Polo 200 TSI Highline (Aut) (Flex) automático,2019,86900.0,105100.0,SP,Jundiaí,Vermelho,automático,PJ,False,False,2774946,2774946,https://img0.icarros.com/dbimg/imgadicionalanuncio/1/472129260_1.jpg,polo,volkswagen,2026-05-12T23:09:45.570974,005476-3,Polo Highline 200 TSI 1.0 Flex 12V Aut.,79651.0,3,exato,0.09100952907057036
57449577,https://www.icarros.com.br/comprar/sorocaba-sp/volkswagen/polo/2021/d57449577,Volkswagen,Polo,1.0 (Flex) manual,Volkswagen Polo Polo 1.0 (Flex) manual,2021,70900.0,85000.0,SP,Sorocaba,Branco,manual,PJ,False,False,2519842,2519842,https://img0.icarros.com/dbimg/imgadicionalanuncio/1/478174357_1.jpg,polo,volkswagen,2026-05-12T23:09:45.571173,,p25_filtrada (n=3),66786.0,1,fallback_p25,0.06159973647171563
56736974,https://www.icarros.com.br/comprar/barueri-sp/volkswagen/polo/2021/d56736974,Volkswagen,Polo,1.4 250 TSI GTS (Aut) automático,Volkswagen Polo Polo 1.4 250 TSI GTS (Aut) automático,2021,109890.0,70000.0,SP,Barueri,Vermelho,automático,PJ,False,False,1994831,1994831,https://img2.icarros.com/dbimg/imgadicionalanuncio/1/470707711_1.jpg,polo,volkswagen,2026-05-12T23:09:45.571376,005521-2,Polo GTS 1.4 TSI 16V Flex,106000.0,3,exato,0.03669811320754717
56904396,https://www.icarros.com.br/comprar/vargem-grande-paulista-sp/volkswagen/polo/2024/d56904396,Volkswagen,Polo,1.0 170 TSI Highline (Aut) automático,Volkswagen Polo Polo 1.0 170 TSI Highline (Aut) automático,2024,98900.0,62747.0,SP,Vargem Grande Paulista,Prata,automático,PJ,False,False,802998,802998,https://img0.icarros.com/dbimg/imgadicionalanuncio/1/477052045_1.jpg,polo,volkswagen,2026-05-12T23:09:45.571579,005536-0,Polo Highline TSI 1.0 Flex 12V Aut.,97330.0,4,exato,0.016130689407171477
56848074,https://www.icarros.com.br/comprar/sumare-sp/volkswagen/polo/2024/d56848074,Volkswagen,Polo,1.0 170 TSI Comfortline (Aut) automático,Volkswagen Polo Polo 1.0 170 TSI Comfortline (Aut) automático,2024,87500.0,29457.0,SP,Sumaré,Preto,automático,PJ,False,False,176161,176161,https://img0.icarros.com/dbimg/imgadicionalanuncio/1/471995192_1.jpg,polo,volkswagen,2026-05-12T23:09:45.572180,005535-2,Polo Comfortline TSI 1.0 Flex 12V Aut.,88940.0,4,exato,-0.016190690353047
56674573,https://www.icarros.com.br/comprar/cosmopolis-sp/volkswagen/polo/2020/d56674573,Volkswagen,Polo,200 TSI Comfortline (Aut) (Flex) automático,Volkswagen Polo Polo 200 TSI Comfortline (Aut) (Flex) automático,2020,79900.0,156000.0,SP,Cosmópolis,Azul,automático,PJ,False,False,2694545,2694545,https://img1.icarros.com/dbimg/imgadicionalanuncio/1/470015997_1.jpg,polo,volkswagen,2026-05-12T23:09:45.572382,005477-1,Polo Comfort. 200 TSI 1.0 Flex 12V Aut.,75527.0,2,fuzzy,0.057899823904034316
57477410,https://www.icarros.com.br/comprar/piracicaba-sp/volkswagen/polo/2026/d57477410,Volkswagen,Polo,1.0 Track manual,Volkswagen Polo Polo 1.0 Track manual,2026,82490.0,58652.0,SP,Piracicaba,Branco,manual,LC,False,False,1234895,1234895,https://img2.icarros.com/dbimg/imgadicionalanuncio/1/478455318_1.jpg,polo,volkswagen,2026-05-12T23:09:45.716142,005540-9,Polo Track 1.0 Flex 12V 5p,81509.0,2,fuzzy,0.012035480744457667
56326583,https://www.icarros.com.br/comprar/piracicaba-sp/volkswagen/polo/2024/d56326583,Volkswagen,Polo,1.0 manual,Volkswagen Polo Polo 1.0 manual,2024,83390.0,58658.0,SP,Piracicaba,Branco,manual,LC,False,False,1234895,1234895,https://img2.icarros.com/dbimg/imgadicionalanuncio/1/466218931_1.jpg,polo,volkswagen,2026-05-12T23:09:45.716349,,p25_filtrada (n=4),74215.0,1,fallback_p25,0.12362729906353163
57515526,https://www.icarros.com.br/comprar/piracicaba-sp/volkswagen/polo/2026/d57515526,Volkswagen,Polo,1.0 Track manual,Volkswagen Polo Polo 1.0 Track manual,2026,84090.0,43266.0,SP,Piracicaba,Branco,manual,LC,False,False,1234895,1234895,https://img0.icarros.com/dbimg/imgadicionalanuncio/1/478843505_1.jpg,polo,volkswagen,2026-05-12T23:09:45.716559,005540-9,Polo Track 1.0 Flex 12V 5p,81509.0,2,fuzzy,0.03166521488424591
57490311,https://www.icarros.com.br/comprar/piracicaba-sp/volkswagen/polo/2026/d57490311,Volkswagen,Polo,1.0 Track manual,Volkswagen Polo Polo 1.0 Track manual,2026,84190.0,40894.0,SP,Piracicaba,Cinza,manual,LC,False,False,1234895,1234895,https://img0.icarros.com/dbimg/imgadicionalanuncio/1/478583197_1.jpg,polo,volkswagen,2026-05-12T23:09:45.716765,005540-9,Polo Track 1.0 Flex 12V 5p,81509.0,2,fuzzy,0.03289207326798268
57477492,https://www.icarros.com.br/comprar/piracicaba-sp/volkswagen/polo/2025/d57477492,Volkswagen,Polo,1.0 170 TSI Comfortline (Aut) automático,Volkswagen Polo Polo 1.0 170 TSI Comfortline (Aut) automático,2025,100690.0,51174.0,SP,Piracicaba,Prata,automático,LC,False,False,1234895,1234895,https://img0.icarros.com/dbimg/imgadicionalanuncio/1/478456125_1.jpg,polo,volkswagen,2026-05-12T23:09:45.716971,005535-2,Polo Comfortline TSI 1.0 Flex 12V Aut.,98515.0,4,exato,0.022077856164035934
57477464,https://www.icarros.com.br/comprar/piracicaba-sp/volkswagen/polo/2025/d57477464,Volkswagen,Polo,1.0 170 TSI Comfortline (Aut) automático,Volkswagen Polo Polo 1.0 170 TSI Comfortline (Aut) automático,2025,102890.0,35750.0,SP,Piracicaba,Preto,automático,LC,False,False,1234895,1234895,https://img2.icarros.com/dbimg/imgadicionalanuncio/1/478455848_1.jpg,polo,volkswagen,2026-05-12T23:09:45.717176,005535-2,Polo Comfortline TSI 1.0 Flex 12V Aut.,98515.0,4,exato,0.04440948078972745
56872869,https://www.icarros.com.br/comprar/campinas-sp/volkswagen/polo/2013/d56872869,Volkswagen,Polo,Hatch 1.6 VHT Total Flex manual,Volkswagen Polo Polo Hatch 1.6 VHT Total Flex manual,2013,47900.0,178067.0,SP,Campinas,Prata,manual,PJ,False,False,1338599,1338599,https://img0.icarros.com/dbimg/imgadicionalanuncio/1/472268619_1.jpg,polo,volkswagen,2026-05-12T23:09:45.718096,005288-4,Polo BLUEMOTION 1.6 Total Flex 8V 5p,40900.0,2,fuzzy,0.17114914425427874
57181589,https://www.icarros.com.br/comprar/campinas-sp/volkswagen/polo/2021/d57181589,Volkswagen,Polo,1.0 (Flex) manual,Volkswagen Polo Polo 1.0 (Flex) manual,2021,66900.0,108617.0,SP,Campinas,Preto,manual,PJ,False,False,1338599,1338599,https://img2.icarros.com/dbimg/imgadicionalanuncio/1/475468532_1.jpg,polo,volkswagen,2026-05-12T23:09:45.718297,,p25_filtrada (n=3),66786.0,1,fallback_p25,0.0017069445692210943
57246289,https://www.icarros.com.br/comprar/campinas-sp/volkswagen/polo/2024/d57246289,Volkswagen,Polo,1.0 170 TSI manual,Volkswagen Polo Polo 1.0 170 TSI manual,2024,79900.0,48001.0,SP,Campinas,Branco,manual,PJ,False,False,1338599,1338599,https://img1.icarros.com/dbimg/imgadicionalanuncio/1/476124940_1.jpg,polo,volkswagen,2026-05-12T23:09:45.791862,005534-4,Polo 1.0 TSI Flex 12V 5p,79068.0,2,fuzzy,0.010522588151970456
56565693,https://www.icarros.com.br/comprar/campinas-sp/volkswagen/polo/2025/d56565693,Volkswagen,Polo,1.0 170 TSI Highline (Aut) automático,Volkswagen Polo Polo 1.0 170 TSI Highline (Aut) automático,2025,106900.0,42190.0,SP,Campinas,Branco,automático,PJ,False,False,1338599,1338599,https://img0.icarros.com/dbimg/imgadicionalanuncio/1/468785394_1.jpg,polo,volkswagen,2026-05-12T23:09:45.792083,005536-0,Polo Highline TSI 1.0 Flex 12V Aut.,106281.0,4,exato,0.005824183061883121
56905836,https://www.icarros.com.br/comprar/louveira-sp/volkswagen/polo/2008/d56905836,Volkswagen,Polo,Hatch. Sportline 1.6 8V (Flex) manual,Volkswagen Polo Polo Hatch. Sportline 1.6 8V (Flex) manual,2008,36900.0,,SP,Louveira,Cinza,manual,PJ,False,False,2734196,2734196,https://img0.icarros.com/dbimg/imgadicionalanuncio/1/472635527_1.jpg,polo,volkswagen,2026-05-12T23:09:45.793301,005249-3,Polo SPORTLINE 1.6 Mi Total Flex 8V 5p,34521.0,2,fuzzy,0.06891457373772486
56880692,https://www.icarros.com.br/comprar/louveira-sp/volkswagen/polo/2019/d56880692,Volkswagen,Polo,1.6 MSI (Aut) (Flex) automático,Volkswagen Polo Polo 1.6 MSI (Aut) (Flex) automático,2019,75900.0,89000.0,SP,Louveira,Cinza,automático,PJ,False,False,2734196,2734196,https://img2.icarros.com/dbimg/imgadicionalanuncio/1/472359825_1.jpg,polo,volkswagen,2026-05-12T23:09:45.793506,005499-2,Polo 1.6 MSI Total Flex 16V 5p Aut.,66434.0,3,exato,0.14248728060932656
57340132,https://www.icarros.com.br/comprar/americana-sp/volkswagen/polo/2025/d57340132,Volkswagen,Polo,1.0 170 TSI Comfortline (Aut) automático,Volkswagen Polo Polo 1.0 170 TSI Comfortline (Aut) automático,2025,99800.0,42534.0,SP,Americana,Branco,automático,PJ,False,False,160352,160352,https://img1.icarros.com/dbimg/imgadicionalanuncio/1/477067905_1.jpg,polo,volkswagen,2026-05-12T23:09:45.793708,005535-2,Polo Comfortline TSI 1.0 Flex 12V Aut.,98515.0,4,exato,0.013043698929097092
57488642,https://www.icarros.com.br/comprar/sao-paulo-sp/volkswagen/polo/2023/d57488642,Volkswagen,Polo,1.0 manual,Volkswagen Polo Polo 1.0 manual,2023,75690.0,56297.0,SP,São Paulo,Prata,manual,LC,False,False,1201120,1201120,https://img2.icarros.com/dbimg/imgadicionalanuncio/1/478566787_1.jpg,polo,volkswagen,2026-05-12T23:09:45.793913,,p25_filtrada (n=5),69428.0,1,fallback_p25,0.09019415797660886
57485389,https://www.icarros.com.br/comprar/sao-paulo-sp/volkswagen/polo/2026/d57485389,Volkswagen,Polo,1.0 Track manual,Volkswagen Polo Polo 1.0 Track manual,2026,81190.0,67639.0,SP,São Paulo,Cinza,manual,LC,False,False,1201120,1201120,https://img1.icarros.com/dbimg/imgadicionalanuncio/1/478534663_1.jpg,polo,volkswagen,2026-05-12T23:09:45.794117,005540-9,Polo Track 1.0 Flex 12V 5p,81509.0,2,fuzzy,-0.003913678244120282
57491559,https://www.icarros.com.br/comprar/sao-paulo-sp/volkswagen/polo/2026/d57491559,Volkswagen,Polo,1.0 Track manual,Volkswagen Polo Polo 1.0 Track manual,2026,84190.0,36363.0,SP,São Paulo,Prata,manual,LC,False,False,1201120,1201120,https://img0.icarros.com/dbimg/imgadicionalanuncio/1/478595557_1.jpg,polo,volkswagen,2026-05-12T23:09:45.794321,005540-9,Polo Track 1.0 Flex 12V 5p,81509.0,2,fuzzy,0.03289207326798268
56871220,https://www.icarros.com.br/comprar/itapolis-sp/volkswagen/polo/2026/d56871220,Volkswagen,Polo,1.0 170 TSI Sense (Aut) automático,Volkswagen Polo Polo 1.0 170 TSI Sense (Aut) automático,2026,102900.0,8000.0,SP,Itápolis,Prata,automático,PJ,False,False,1166359,1166359,https://img1.icarros.com/dbimg/imgadicionalanuncio/1/472249551_1.jpg,polo,volkswagen,2026-05-12T23:09:45.794919,005513-1,Polo Sense TSI 1.0 Flex 12V Aut,97935.0,4,exato,0.050696890794914996
56260379,https://www.icarros.com.br/comprar/limeira-sp/volkswagen/polo/2020/d56260379,Volkswagen,Polo,1.0 (Flex) manual,Volkswagen Polo Polo 1.0 (Flex) manual,2020,65000.0,110000.0,SP,Limeira,Prata,manual,PJ,False,False,2683423,2683423,https://img2.icarros.com/dbimg/imgadicionalanuncio/1/465524634_1.jpg,polo,volkswagen,2026-05-12T23:09:45.795517,,p25_filtrada (n=3),64000.0,1,fallback_p25,0.015625
55884250,https://www.icarros.com.br/comprar/santos-sp/volkswagen/polo/2026/d55884250,Volkswagen,Polo,1.0 170 TSI Highline (Aut) automático,Volkswagen Polo Polo 1.0 170 TSI Highline (Aut) automático,2026,114400.0,1362.0,SP,Santos,Preto,automático,PJ,False,False,433303,433303,https://img1.icarros.com/dbimg/imgadicionalanuncio/1/461572844_1.jpg,polo,volkswagen,2026-05-12T23:09:45.795724,005536-0,Polo Highline TSI 1.0 Flex 12V Aut.,111559.0,4,exato,0.02546634516264936
57238665,https://www.icarros.com.br/comprar/jundiai-sp/volkswagen/polo/2026/d57238665,Volkswagen,Polo,1.0 170 TSI Sense (Aut) automático,Volkswagen Polo Polo 1.0 170 TSI Sense (Aut) automático,2026,98900.0,29900.0,SP,Jundiaí,Branco,automático,PJ,False,False,2301187,2301187,https://img0.icarros.com/dbimg/imgadicionalanuncio/1/476045756_1.jpg,polo,volkswagen,2026-05-12T23:09:45.870011,005513-1,Polo Sense TSI 1.0 Flex 12V Aut,97935.0,4,exato,0.009853474243120436
56685989,https://www.icarros.com.br/comprar/guarulhos-sp/volkswagen/polo/2025/d56685989,Volkswagen,Polo,1.0 170 TSI Comfortline (Aut) automático,Volkswagen Polo Polo 1.0 170 TSI Comfortline (Aut) automático,2025,104900.0,39000.0,SP,Guarulhos,Cinza,automático,PJ,False,False,2149357,2149357,https://img2.icarros.com/dbimg/imgadicionalanuncio/1/470143684_1.jpg,polo,volkswagen,2026-05-12T23:09:45.870897,005535-2,Polo Comfortline TSI 1.0 Flex 12V Aut.,98515.0,4,exato,0.06481246510683653
56826499,https://www.icarros.com.br/comprar/sao-paulo-sp/volkswagen/polo/2025/d56826499,Volkswagen,Polo,1.0 170 TSI Highline (Aut) automático,Volkswagen Polo Polo 1.0 170 TSI Highline (Aut) automático,2025,97900.0,40000.0,SP,São Paulo,Branco,automático,PJ,False,False,2322324,2322324,https://img1.icarros.com/dbimg/imgadicionalanuncio/1/471752666_1.jpg,polo,volkswagen,2026-05-12T23:09:45.871097,005536-0,Polo Highline TSI 1.0 Flex 12V Aut.,106281.0,4,exato,-0.07885699231283108
56657029,https://www.icarros.com.br/comprar/sao-jose-dos-campos-sp/volkswagen/polo/2024/d56657029,Volkswagen,Polo,1.0 170 TSI Highline (Aut) automático,Volkswagen Polo Polo 1.0 170 TSI Highline (Aut) automático,2024,99900.0,45811.0,SP,São José dos Campos,Preto,automático,PJ,False,False,117358,117358,https://img1.icarros.com/dbimg/imgadicionalanuncio/1/469807934_1.jpg,polo,volkswagen,2026-05-12T23:09:45.871503,005536-0,Polo Highline TSI 1.0 Flex 12V Aut.,97330.0,4,exato,0.026405013870338025
56557173,https://www.icarros.com.br/comprar/sao-jose-do-rio-preto-sp/volkswagen/polo/2024/d56557173,Volkswagen,Polo,1.0 manual,Volkswagen Polo Polo 1.0 manual,2024,71990.0,51427.0,SP,São José do Rio Preto,Branco,manual,LC,False,False,2160552,2160552,https://img0.icarros.com/dbimg/imgadicionalanuncio/1/468686200_1.jpg,polo,volkswagen,2026-05-12T23:09:45.871709,,p25_filtrada (n=4),74215.0,1,fallback_p25,-0.029980462170720205
57492973,https://www.icarros.com.br/comprar/sao-jose-do-rio-preto-sp/volkswagen/polo/2026/d57492973,Volkswagen,Polo,1.0 Track manual,Volkswagen Polo Polo 1.0 Track manual,2026,83090.0,53609.0,SP,São José do Rio Preto,Preto,manual,LC,False,False,2160552,2160552,https://img1.icarros.com/dbimg/imgadicionalanuncio/1/478609355_1.jpg,polo,volkswagen,2026-05-12T23:09:45.871916,005540-9,Polo Track 1.0 Flex 12V 5p,81509.0,2,fuzzy,0.01939663104687826
57513005,https://www.icarros.com.br/comprar/sao-jose-do-rio-preto-sp/volkswagen/polo/2026/d57513005,Volkswagen,Polo,1.0 Track manual,Volkswagen Polo Polo 1.0 Track manual,2026,83490.0,48081.0,SP,São José do Rio Preto,Prata,manual,LC,False,False,2160552,2160552,https://img2.icarros.com/dbimg/imgadicionalanuncio/1/478817049_1.jpg,polo,volkswagen,2026-05-12T23:09:45.872118,005540-9,Polo Track 1.0 Flex 12V 5p,81509.0,2,fuzzy,0.02430406458182532
57519511,https://www.icarros.com.br/comprar/sao-jose-do-rio-preto-sp/volkswagen/polo/2026/d57519511,Volkswagen,Polo,1.0 Track manual,Volkswagen Polo Polo 1.0 Track manual,2026,84090.0,42822.0,SP,São José do Rio Preto,Branco,manual,LC,False,False,2160552,2160552,https://img1.icarros.com/dbimg/imgadicionalanuncio/1/478885211_1.jpg,polo,volkswagen,2026-05-12T23:09:45.872324,005540-9,Polo Track 1.0 Flex 12V 5p,81509.0,2,fuzzy,0.03166521488424591
57493372,https://www.icarros.com.br/comprar/sao-jose-do-rio-preto-sp/volkswagen/polo/2026/d57493372,Volkswagen,Polo,1.0 Track manual,Volkswagen Polo Polo 1.0 Track manual,2026,84190.0,41783.0,SP,São José do Rio Preto,Preto,manual,LC,False,False,2160552,2160552,https://img1.icarros.com/dbimg/imgadicionalanuncio/1/478613323_1.jpg,polo,volkswagen,2026-05-12T23:09:45.872530,005540-9,Polo Track 1.0 Flex 12V 5p,81509.0,2,fuzzy,0.03289207326798268
57493326,https://www.icarros.com.br/comprar/sao-jose-do-rio-preto-sp/volkswagen/polo/2026/d57493326,Volkswagen,Polo,1.0 Track manual,Volkswagen Polo Polo 1.0 Track manual,2026,84190.0,40750.0,SP,São José do Rio Preto,Cinza,manual,LC,False,False,2160552,2160552,https://img0.icarros.com/dbimg/imgadicionalanuncio/1/478612874_1.jpg,polo,volkswagen,2026-05-12T23:09:45.872734,005540-9,Polo Track 1.0 Flex 12V 5p,81509.0,2,fuzzy,0.03289207326798268
57493335,https://www.icarros.com.br/comprar/sao-jose-do-rio-preto-sp/volkswagen/polo/2026/d57493335,Volkswagen,Polo,1.0 Track manual,Volkswagen Polo Polo 1.0 Track manual,2026,84490.0,37609.0,SP,São José do Rio Preto,Cinza,manual,LC,False,False,2160552,2160552,https://img0.icarros.com/dbimg/imgadicionalanuncio/1/478612948_1.jpg,polo,volkswagen,2026-05-12T23:09:45.872940,005540-9,Polo Track 1.0 Flex 12V 5p,81509.0,2,fuzzy,0.03657264841919297
57492314,https://www.icarros.com.br/comprar/sao-jose-do-rio-preto-sp/volkswagen/polo/2025/d57492314,Volkswagen,Polo,1.0 170 TSI Comfortline (Aut) automático,Volkswagen Polo Polo 1.0 170 TSI Comfortline (Aut) automático,2025,100690.0,45871.0,SP,São José do Rio Preto,Preto,automático,LC,False,False,2160552,2160552,https://img2.icarros.com/dbimg/imgadicionalanuncio/1/478602946_1.jpg,polo,volkswagen,2026-05-12T23:09:45.873146,005535-2,Polo Comfortline TSI 1.0 Flex 12V Aut.,98515.0,4,exato,0.022077856164035934
57492302,https://www.icarros.com.br/comprar/sao-jose-do-rio-preto-sp/volkswagen/polo/2025/d57492302,Volkswagen,Polo,1.0 170 TSI Comfortline (Aut) automático,Volkswagen Polo Polo 1.0 170 TSI Comfortline (Aut) automático,2025,100890.0,43059.0,SP,São José do Rio Preto,Preto,automático,LC,False,False,2160552,2160552,https://img2.icarros.com/dbimg/imgadicionalanuncio/1/478602813_1.jpg,polo,volkswagen,2026-05-12T23:09:45.873351,005535-2,Polo Comfortline TSI 1.0 Flex 12V Aut.,98515.0,4,exato,0.024108003857280617
56398303,https://www.icarros.com.br/comprar/sao-jose-do-rio-preto-sp/volkswagen/polo/2025/d56398303,Volkswagen,Polo,1.0 170 TSI Comfortline (Aut) automático,Volkswagen Polo Polo 1.0 170 TSI Comfortline (Aut) automático,2025,103490.0,22108.0,SP,São José do Rio Preto,Prata,automático,LC,False,False,2160552,2160552,https://img1.icarros.com/dbimg/imgadicionalanuncio/1/466974832_1.jpg,polo,volkswagen,2026-05-12T23:09:45.873557,005535-2,Polo Comfortline TSI 1.0 Flex 12V Aut.,98515.0,4,exato,0.050499923869461505
56090069,https://www.icarros.com.br/comprar/campinas-sp/volkswagen/polo/2025/d56090069,Volkswagen,Polo,1.0 170 TSI Highline (Aut) automático,Volkswagen Polo Polo 1.0 170 TSI Highline (Aut) automático,2025,106000.0,25000.0,SP,Campinas,Preto,automático,PJ,False,False,117413,117413,https://img2.icarros.com/dbimg/imgadicionalanuncio/1/469225894_1.jpg,polo,volkswagen,2026-05-12T23:09:45.951421,005536-0,Polo Highline TSI 1.0 Flex 12V Aut.,106281.0,4,exato,-0.002643934475588299
56840238,https://www.icarros.com.br/comprar/araraquara-sp/volkswagen/polo/2023/d56840238,Volkswagen,Polo,1.0 170 TSI Comfortline (Aut) manual,Volkswagen Polo Polo 1.0 170 TSI Comfortline (Aut) manual,2023,83900.0,107555.0,SP,Araraquara,Preto,manual,PJ,False,False,2371601,2371601,https://img0.icarros.com/dbimg/imgadicionalanuncio/1/471905500_1.jpg,polo,volkswagen,2026-05-12T23:09:46.024858,005534-4,Polo 1.0 TSI Flex 12V 5p,76985.0,2,fuzzy,0.08982269273235045
56836701,https://www.icarros.com.br/comprar/hortolandia-sp/volkswagen/polo/2025/d56836701,Volkswagen,Polo,1.0 manual,Volkswagen Polo Polo 1.0 manual,2025,76990.0,19344.0,SP,Hortolândia,Branco,manual,PJ,False,False,1104164,1104164,https://img0.icarros.com/dbimg/imgadicionalanuncio/1/471866330_1.jpg,polo,volkswagen,2026-05-12T23:09:46.025066,,p25_filtrada (n=6),76197.0,1,fallback_p25,0.010407233880598974
56836637,https://www.icarros.com.br/comprar/hortolandia-sp/volkswagen/polo/2025/d56836637,Volkswagen,Polo,1.0 manual,Volkswagen Polo Polo 1.0 manual,2025,77990.0,22771.0,SP,Hortolândia,Prata,manual,PJ,False,False,1104164,1104164,https://img2.icarros.com/dbimg/imgadicionalanuncio/1/471865623_1.jpg,polo,volkswagen,2026-05-12T23:09:46.025271,,p25_filtrada (n=6),76197.0,1,fallback_p25,0.023531110148693517
56786889,https://www.icarros.com.br/comprar/santa-barbara-d-oeste-sp/volkswagen/polo/2023/d56786889,Volkswagen,Polo,1.0 manual,Volkswagen Polo Polo 1.0 manual,2023,70900.0,92719.0,SP,Santa Bárbara D\,Prata,manual,PJ,False,False,2733306,2733306,https://img0.icarros.com/dbimg/imgadicionalanuncio/1/471274124_1.jpg,polo,volkswagen,2026-05-12T23:09:46.025473,,p25_filtrada (n=5),69428.0,1,fallback_p25,0.021201820591115975
56509820,https://www.icarros.com.br/comprar/sao-paulo-sp/volkswagen/polo/2007/d56509820,Volkswagen,Polo,Hatch. 1.6 8V (Flex) manual,Volkswagen Polo Polo Hatch. 1.6 8V (Flex) manual,2007,37900.0,217000.0,SP,São Paulo,Prata,manual,PJ,False,False,2403029,2403029,https://img2.icarros.com/dbimg/imgadicionalanuncio/1/468162709_1.jpg,polo,volkswagen,2026-05-12T23:09:46.025688,,p25_filtrada (n=6),29587.0,1,fallback_p25,0.2809679926994964
56818491,https://www.icarros.com.br/comprar/mogi-das-cruzes-sp/volkswagen/polo/2023/d56818491,Volkswagen,Polo,1.0 manual,Volkswagen Polo Polo 1.0 manual,2023,71990.0,58558.0,SP,Mogi das Cruzes,Preto,manual,PJ,False,False,2158403,2158403,https://img0.icarros.com/dbimg/imgadicionalanuncio/1/471658731_1.jpg,polo,volkswagen,2026-05-12T23:09:46.026088,,p25_filtrada (n=5),69428.0,1,fallback_p25,0.03690153828426571
57105488,https://www.icarros.com.br/comprar/itu-sp/volkswagen/polo/2020/d57105488,Volkswagen,Polo,1.0 (Flex) manual,Volkswagen Polo Polo 1.0 (Flex) manual,2020,62555.0,85000.0,SP,Itu,Branco,manual,PJ,False,False,35312,35312,https://img2.icarros.com/dbimg/imgadicionalanuncio/1/474691889_1.jpg,polo,volkswagen,2026-05-12T23:09:46.026289,,p25_filtrada (n=3),64000.0,1,fallback_p25,-0.022578125
56659676,https://www.icarros.com.br/comprar/sao-joao-da-boa-vista-sp/volkswagen/polo/2025/d56659676,Volkswagen,Polo,1.0 manual,Volkswagen Polo Polo 1.0 manual,2025,75990.0,42473.0,SP,São João da Boa Vista,Branco,manual,PJ,False,False,1908218,1908218,https://img2.icarros.com/dbimg/imgadicionalanuncio/1/469840579_1.jpg,polo,volkswagen,2026-05-12T23:09:46.026491,,p25_filtrada (n=6),76197.0,1,fallback_p25,-0.002716642387495571
56920059,https://www.icarros.com.br/comprar/americana-sp/volkswagen/polo/2025/d56920059,Volkswagen,Polo,1.0 170 TSI manual,Volkswagen Polo Polo 1.0 170 TSI manual,2025,94990.0,6675.0,SP,Americana,Cinza,manual,PJ,False,False,2004896,2004896,https://img0.icarros.com/dbimg/imgadicionalanuncio/1/472804558_1.jpg,polo,volkswagen,2026-05-12T23:09:46.101986,005534-4,Polo 1.0 TSI Flex 12V 5p,92345.0,2,fuzzy,0.028642590286425903
57224664,https://www.icarros.com.br/comprar/americana-sp/volkswagen/polo/2024/d57224664,Volkswagen,Polo,1.0 170 TSI Highline (Aut) automático,Volkswagen Polo Polo 1.0 170 TSI Highline (Aut) automático,2024,99990.0,74000.0,SP,Americana,Branco,automático,PJ,False,False,2004896,2004896,https://img0.icarros.com/dbimg/imgadicionalanuncio/1/475903287_1.jpg,polo,volkswagen,2026-05-12T23:09:46.102189,005536-0,Polo Highline TSI 1.0 Flex 12V Aut.,97330.0,4,exato,0.027329703072023013
57436991,https://www.icarros.com.br/comprar/louveira-sp/volkswagen/polo/2012/d57436991,Volkswagen,Polo,Hatch 1.6 VHT Total Flex manual,Volkswagen Polo Polo Hatch 1.6 VHT Total Flex manual,2012,44900.0,180000.0,SP,Louveira,Preto,manual,PJ,False,False,2822647,2822647,https://img2.icarros.com/dbimg/imgadicionalanuncio/1/478044626_1.jpg,polo,volkswagen,2026-05-12T23:09:46.102582,005288-4,Polo BLUEMOTION 1.6 Total Flex 8V 5p,38392.0,2,fuzzy,0.16951448218378828
56873957,https://www.icarros.com.br/comprar/carapicuiba-sp/volkswagen/polo/2014/d56873957,Volkswagen,Polo,Hatch. Sportline 1.6 8V (Flex) manual,Volkswagen Polo Polo Hatch. Sportline 1.6 8V (Flex) manual,2014,52900.0,81357.0,SP,Carapicuíba,Preto,manual,PJ,False,False,2821725,2821725,https://img2.icarros.com/dbimg/imgadicionalanuncio/1/472281004_1.jpg,polo,volkswagen,2026-05-12T23:09:46.102810,005249-3,Polo SPORTLINE 1.6 Mi Total Flex 8V 5p,44435.0,2,fuzzy,0.19050298188365028
56783950,https://www.icarros.com.br/comprar/atibaia-sp/volkswagen/polo/2024/d56783950,Volkswagen,Polo,1.0 manual,Volkswagen Polo Polo 1.0 manual,2024,73900.0,53951.0,SP,Atibaia,Branco,manual,PJ,False,False,2819669,2819669,https://img1.icarros.com/dbimg/imgadicionalanuncio/1/471241214_1.jpg,polo,volkswagen,2026-05-12T23:09:46.103209,,p25_filtrada (n=4),74215.0,1,fallback_p25,-0.004244424981472748
56839067,https://www.icarros.com.br/comprar/sao-paulo-sp/volkswagen/polo/2020/d56839067,Volkswagen,Polo,200 TSI Comfortline (Aut) (Flex) automático,Volkswagen Polo Polo 200 TSI Comfortline (Aut) (Flex) automático,2020,76887.0,84013.0,SP,São Paulo,Cinza,automático,PJ,False,False,2823300,2823300,https://img2.icarros.com/dbimg/imgadicionalanuncio/1/471916143_1.jpg,polo,volkswagen,2026-05-12T23:09:46.103615,005477-1,Polo Comfort. 200 TSI 1.0 Flex 12V Aut.,75527.0,2,fuzzy,0.018006805513260157
57518654,https://www.icarros.com.br/comprar/sao-paulo-sp/volkswagen/polo/2021/d57518654,Volkswagen,Polo,1.0 200 TSI Comfortline (Aut) automático,Volkswagen Polo Polo 1.0 200 TSI Comfortline (Aut) automático,2021,79900.0,79800.0,SP,São Paulo,Preto,automático,PJ,False,False,2825552,2825552,https://img2.icarros.com/dbimg/imgadicionalanuncio/1/478876509_1.jpg,polo,volkswagen,2026-05-12T23:09:46.103818,005477-1,Polo Comfort. 200 TSI 1.0 Flex 12V Aut.,78903.0,3,exato,0.012635767968264832
57019512,https://www.icarros.com.br/comprar/bauru-sp/volkswagen/polo/2020/d57019512,Volkswagen,Polo,200 TSI Highline (Aut) (Flex) automático,Volkswagen Polo Polo 200 TSI Highline (Aut) (Flex) automático,2020,81900.0,90000.0,SP,Bauru,Preto,automático,PJ,False,False,2824122,2824122,https://img0.icarros.com/dbimg/imgadicionalanuncio/1/473819265_1.jpg,polo,volkswagen,2026-05-12T23:09:46.104030,005476-3,Polo Highline 200 TSI 1.0 Flex 12V Aut.,81643.0,3,exato,0.003147851009884497
57107035,https://www.icarros.com.br/comprar/sao-jose-do-rio-preto-sp/volkswagen/polo/2026/d57107035,Volkswagen,Polo,1.0 Track manual,Volkswagen Polo Polo 1.0 Track manual,2026,84990.0,39000.0,SP,São José do Rio Preto,Cinza,manual,PJ,False,False,2819274,2819274,https://img1.icarros.com/dbimg/imgadicionalanuncio/1/474708125_1.jpg,polo,volkswagen,2026-05-12T23:09:46.104836,005540-9,Polo Track 1.0 Flex 12V 5p,81509.0,2,fuzzy,0.0427069403378768
57436635,https://www.icarros.com.br/comprar/louveira-sp/volkswagen/polo/2019/d57436635,Volkswagen,Polo,200 TSI Highline (Aut) (Flex) automático,Volkswagen Polo Polo 200 TSI Highline (Aut) (Flex) automático,2019,85900.0,110000.0,SP,Louveira,Preto,automático,PJ,False,False,2822647,2822647,https://img0.icarros.com/dbimg/imgadicionalanuncio/1/478040998_1.jpg,polo,volkswagen,2026-05-12T23:09:46.105230,005476-3,Polo Highline 200 TSI 1.0 Flex 12V Aut.,79651.0,3,exato,0.0784547588856386
56827531,https://www.icarros.com.br/comprar/campinas-sp/volkswagen/polo/2025/d56827531,Volkswagen,Polo,1.0 170 TSI automático,Volkswagen Polo Polo 1.0 170 TSI automático,2025,97990.0,14300.0,SP,Campinas,Branco,automático,PJ,False,False,2823359,2823359,https://img1.icarros.com/dbimg/imgadicionalanuncio/1/471764468_1.jpg,polo,volkswagen,2026-05-12T23:09:46.177869,005535-2,Polo Comfortline TSI 1.0 Flex 12V Aut.,98515.0,3,exato,-0.005329137694767294
56790326,https://www.icarros.com.br/comprar/osasco-sp/volkswagen/polo/2019/d56790326,Volkswagen,Polo,200 TSI Highline (Aut) (Flex) automático,Volkswagen Polo Polo 200 TSI Highline (Aut) (Flex) automático,2019,112900.0,98300.0,SP,Osasco,Branco,automático,PJ,False,False,2822804,2822804,https://img2.icarros.com/dbimg/imgadicionalanuncio/1/471321741_1.jpg,polo,volkswagen,2026-05-12T23:09:46.178093,005476-3,Polo Highline 200 TSI 1.0 Flex 12V Aut.,79651.0,3,exato,0.41743355387879627
57182674,https://www.icarros.com.br/comprar/sao-paulo-sp/volkswagen/polo/2025/d57182674,Volkswagen,Polo,1.0 170 TSI Comfortline (Aut) automático,Volkswagen Polo Polo 1.0 170 TSI Comfortline (Aut) automático,2025,96990.0,41795.0,SP,São Paulo,Branco,automático,PJ,False,False,2383391,2383391,https://img1.icarros.com/dbimg/imgadicionalanuncio/1/475479668_1.jpg,polo,volkswagen,2026-05-12T23:09:46.178301,005535-2,Polo Comfortline TSI 1.0 Flex 12V Aut.,98515.0,4,exato,-0.015479876160990712
57182664,https://www.icarros.com.br/comprar/sao-paulo-sp/volkswagen/polo/2024/d57182664,Volkswagen,Polo,1.0 170 TSI Highline (Aut) automático,Volkswagen Polo Polo 1.0 170 TSI Highline (Aut) automático,2024,97990.0,29400.0,SP,São Paulo,Vermelho,automático,PJ,False,False,2383391,2383391,https://img0.icarros.com/dbimg/imgadicionalanuncio/1/475479563_1.jpg,polo,volkswagen,2026-05-12T23:09:46.178506,005536-0,Polo Highline TSI 1.0 Flex 12V Aut.,97330.0,4,exato,0.006781054145689921
56299962,https://www.icarros.com.br/comprar/sao-jose-dos-campos-sp/volkswagen/polo/2025/d56299962,Volkswagen,Polo,1.0 manual,Volkswagen Polo Polo 1.0 manual,2025,78900.0,49000.0,SP,São José dos Campos,Prata,manual,PJ,False,False,1944339,1944339,https://img0.icarros.com/dbimg/imgadicionalanuncio/1/474582436_1.jpg,polo,volkswagen,2026-05-12T23:09:46.178708,,p25_filtrada (n=6),76197.0,1,fallback_p25,0.03547383755265955
56005612,https://www.icarros.com.br/comprar/sao-paulo-sp/volkswagen/polo/2023/d56005612,Volkswagen,Polo,1.0 170 TSI Highline (Aut) automático,Volkswagen Polo Polo 1.0 170 TSI Highline (Aut) automático,2023,93990.0,60000.0,SP,São Paulo,Branco,automático,PJ,False,False,2410779,2410779,https://img1.icarros.com/dbimg/imgadicionalanuncio/1/462840435_1.jpg,polo,volkswagen,2026-05-12T23:09:46.179321,005536-0,Polo Highline TSI 1.0 Flex 12V Aut.,93468.0,4,exato,0.0055847990756194635
57117400,https://www.icarros.com.br/comprar/bauru-sp/volkswagen/polo/2024/d57117400,Volkswagen,Polo,1.0 170 TSI manual,Volkswagen Polo Polo 1.0 170 TSI manual,2024,80990.0,11.0,SP,Bauru,Prata,manual,PJ,False,False,2337776,2337776,https://img1.icarros.com/dbimg/imgadicionalanuncio/1/474814812_1.jpg,polo,volkswagen,2026-05-12T23:09:46.181749,005534-4,Polo 1.0 TSI Flex 12V 5p,79068.0,2,fuzzy,0.024308190418374058
56756702,https://www.icarros.com.br/comprar/mogi-das-cruzes-sp/volkswagen/polo/2024/d56756702,Volkswagen,Polo,1.0 170 TSI Highline (Aut) automático,Volkswagen Polo Polo 1.0 170 TSI Highline (Aut) automático,2024,101997.0,9000.0,SP,Mogi das Cruzes,Preto,automático,PJ,False,False,1130850,1130850,https://img2.icarros.com/dbimg/imgadicionalanuncio/1/470939041_1.jpg,polo,volkswagen,2026-05-12T23:09:46.255403,005536-0,Polo Highline TSI 1.0 Flex 12V Aut.,97330.0,4,exato,0.047950272269598276
56883868,https://www.icarros.com.br/comprar/sao-paulo-sp/volkswagen/polo/2024/d56883868,Volkswagen,Polo,1.0 manual,Volkswagen Polo Polo 1.0 manual,2024,74990.0,36368.0,SP,São Paulo,Prata,manual,PJ,False,False,37571,37571,https://img1.icarros.com/dbimg/imgadicionalanuncio/1/472396703_1.jpg,polo,volkswagen,2026-05-12T23:09:46.256043,,p25_filtrada (n=4),74215.0,1,fallback_p25,0.010442632890925015
56882352,https://www.icarros.com.br/comprar/sao-paulo-sp/volkswagen/polo/2019/d56882352,Volkswagen,Polo,200 TSI Highline (Aut) (Flex) automático,Volkswagen Polo Polo 200 TSI Highline (Aut) (Flex) automático,2019,92900.0,74269.0,SP,São Paulo,Azul,automático,PJ,False,False,2444012,2444012,https://img0.icarros.com/dbimg/imgadicionalanuncio/1/472653781_1.jpg,polo,volkswagen,2026-05-12T23:09:46.256248,005476-3,Polo Highline 200 TSI 1.0 Flex 12V Aut.,79651.0,3,exato,0.16633815018016096
56379609,https://www.icarros.com.br/comprar/santo-andre-sp/volkswagen/polo/2024/d56379609,Volkswagen,Polo,1.0 manual,Volkswagen Polo Polo 1.0 manual,2024,73990.0,44450.0,SP,Santo André,Branco,manual,LC,False,False,876867,876867,https://img0.icarros.com/dbimg/imgadicionalanuncio/1/466780283_1.jpg,polo,volkswagen,2026-05-12T23:09:46.256453,,p25_filtrada (n=4),74215.0,1,fallback_p25,-0.0030317321296233915
56379610,https://www.icarros.com.br/comprar/santo-andre-sp/volkswagen/polo/2024/d56379610,Volkswagen,Polo,1.0 manual,Volkswagen Polo Polo 1.0 manual,2024,76090.0,36850.0,SP,Santo André,Branco,manual,LC,False,False,876867,876867,https://img1.icarros.com/dbimg/imgadicionalanuncio/1/466780293_1.jpg,polo,volkswagen,2026-05-12T23:09:46.256657,,p25_filtrada (n=4),74215.0,1,fallback_p25,0.025264434413528263
57491531,https://www.icarros.com.br/comprar/santo-andre-sp/volkswagen/polo/2026/d57491531,Volkswagen,Polo,1.0 Track manual,Volkswagen Polo Polo 1.0 Track manual,2026,83190.0,48232.0,SP,Santo André,Branco,manual,LC,False,False,876867,876867,https://img2.icarros.com/dbimg/imgadicionalanuncio/1/478595273_1.jpg,polo,volkswagen,2026-05-12T23:09:46.256862,005540-9,Polo Track 1.0 Flex 12V 5p,81509.0,2,fuzzy,0.020623489430615025
57511754,https://www.icarros.com.br/comprar/santo-andre-sp/volkswagen/polo/2026/d57511754,Volkswagen,Polo,1.0 Track manual,Volkswagen Polo Polo 1.0 Track manual,2026,83590.0,44403.0,SP,Santo André,Branco,manual,LC,False,False,876867,876867,https://img2.icarros.com/dbimg/imgadicionalanuncio/1/478804379_1.jpg,polo,volkswagen,2026-05-12T23:09:46.257066,005540-9,Polo Track 1.0 Flex 12V 5p,81509.0,2,fuzzy,0.025530922965562086
57491465,https://www.icarros.com.br/comprar/santo-andre-sp/volkswagen/polo/2026/d57491465,Volkswagen,Polo,1.0 Track manual,Volkswagen Polo Polo 1.0 Track manual,2026,83890.0,40298.0,SP,Santo André,Cinza,manual,LC,False,False,876867,876867,https://img2.icarros.com/dbimg/imgadicionalanuncio/1/478594602_1.jpg,polo,volkswagen,2026-05-12T23:09:46.257270,005540-9,Polo Track 1.0 Flex 12V 5p,81509.0,2,fuzzy,0.029211498116772382
57494470,https://www.icarros.com.br/comprar/santo-andre-sp/volkswagen/polo/2026/d57494470,Volkswagen,Polo,1.0 Track manual,Volkswagen Polo Polo 1.0 Track manual,2026,83890.0,41388.0,SP,Santo André,Cinza,manual,LC,False,False,876867,876867,https://img1.icarros.com/dbimg/imgadicionalanuncio/1/478624199_1.jpg,polo,volkswagen,2026-05-12T23:09:46.257473,005540-9,Polo Track 1.0 Flex 12V 5p,81509.0,2,fuzzy,0.029211498116772382
57491480,https://www.icarros.com.br/comprar/santo-andre-sp/volkswagen/polo/2026/d57491480,Volkswagen,Polo,1.0 Track manual,Volkswagen Polo Polo 1.0 Track manual,2026,84790.0,31718.0,SP,Santo André,Branco,manual,LC,False,False,876867,876867,https://img2.icarros.com/dbimg/imgadicionalanuncio/1/478594768_1.jpg,polo,volkswagen,2026-05-12T23:09:46.257675,005540-9,Polo Track 1.0 Flex 12V 5p,81509.0,2,fuzzy,0.04025322357040327
57494527,https://www.icarros.com.br/comprar/santo-andre-sp/volkswagen/polo/2026/d57494527,Volkswagen,Polo,1.0 Track manual,Volkswagen Polo Polo 1.0 Track manual,2026,84790.0,30103.0,SP,Santo André,Preto,manual,LC,False,False,876867,876867,https://img1.icarros.com/dbimg/imgadicionalanuncio/1/478624737_1.jpg,polo,volkswagen,2026-05-12T23:09:46.257877,005540-9,Polo Track 1.0 Flex 12V 5p,81509.0,2,fuzzy,0.04025322357040327
57491576,https://www.icarros.com.br/comprar/santo-andre-sp/volkswagen/polo/2026/d57491576,Volkswagen,Polo,1.0 Track manual,Volkswagen Polo Polo 1.0 Track manual,2026,84890.0,28403.0,SP,Santo André,Branco,manual,LC,False,False,876867,876867,https://img2.icarros.com/dbimg/imgadicionalanuncio/1/478595681_1.jpg,polo,volkswagen,2026-05-12T23:09:46.258078,005540-9,Polo Track 1.0 Flex 12V 5p,81509.0,2,fuzzy,0.04148008195414003
57198218,https://www.icarros.com.br/comprar/santo-andre-sp/volkswagen/polo/2025/d57198218,Volkswagen,Polo,1.0 170 TSI Comfortline (Aut) automático,Volkswagen Polo Polo 1.0 170 TSI Comfortline (Aut) automático,2025,99990.0,39650.0,SP,Santo André,Branco,automático,LC,False,False,876867,876867,https://img2.icarros.com/dbimg/imgadicionalanuncio/1/475635044_1.jpg,polo,volkswagen,2026-05-12T23:09:46.258282,005535-2,Polo Comfortline TSI 1.0 Flex 12V Aut.,98515.0,4,exato,0.01497233923767954
56614347,https://www.icarros.com.br/comprar/campinas-sp/volkswagen/polo/2024/d56614347,Volkswagen,Polo,1.0 170 TSI Comfortline (Aut) automático,Volkswagen Polo Polo 1.0 170 TSI Comfortline (Aut) automático,2024,86990.0,70000.0,SP,Campinas,Prata,automático,PJ,False,False,1306527,1306527,https://img0.icarros.com/dbimg/imgadicionalanuncio/1/469333753_1.jpg,polo,volkswagen,2026-05-12T23:09:46.332897,005535-2,Polo Comfortline TSI 1.0 Flex 12V Aut.,88940.0,4,exato,-0.02192489318641781
56727493,https://www.icarros.com.br/comprar/sao-paulo-sp/volkswagen/polo/2023/d56727493,Volkswagen,Polo,1.0 170 TSI manual,Volkswagen Polo Polo 1.0 170 TSI manual,2023,74500.0,38000.0,SP,São Paulo,Branco,manual,PJ,False,False,2810962,2810962,https://img1.icarros.com/dbimg/imgadicionalanuncio/1/470755308_1.jpg,polo,volkswagen,2026-05-12T23:09:46.333097,005534-4,Polo 1.0 TSI Flex 12V 5p,76985.0,2,fuzzy,-0.03227901539260895
56881004,https://www.icarros.com.br/comprar/santo-andre-sp/volkswagen/polo/2024/d56881004,Volkswagen,Polo,1.0 manual,Volkswagen Polo Polo 1.0 manual,2024,72900.0,51000.0,SP,Santo André,Branco,manual,PJ,False,False,2153960,2153960,https://img2.icarros.com/dbimg/imgadicionalanuncio/1/472363619_1.jpg,polo,volkswagen,2026-05-12T23:09:46.333321,,p25_filtrada (n=4),74215.0,1,fallback_p25,-0.017718790002021156
56809059,https://www.icarros.com.br/comprar/americana-sp/volkswagen/polo/2024/d56809059,Volkswagen,Polo,1.0 manual,Volkswagen Polo Polo 1.0 manual,2024,72990.0,70000.0,SP,Americana,Preto,manual,PJ,False,False,2673244,2673244,https://img0.icarros.com/dbimg/imgadicionalanuncio/1/471547432_1.jpg,polo,volkswagen,2026-05-12T23:09:46.335115,,p25_filtrada (n=4),74215.0,1,fallback_p25,-0.0165060971501718
56749934,https://www.icarros.com.br/comprar/campinas-sp/volkswagen/polo/2023/d56749934,Volkswagen,Polo,1.0 170 TSI manual,Volkswagen Polo Polo 1.0 170 TSI manual,2023,77000.0,97000.0,SP,Campinas,Branco,manual,PJ,False,False,2060199,2060199,https://img2.icarros.com/dbimg/imgadicionalanuncio/1/470856863_1.jpg,polo,volkswagen,2026-05-12T23:09:46.335311,005534-4,Polo 1.0 TSI Flex 12V 5p,76985.0,2,fuzzy,0.0001948431512632331
56820144,https://www.icarros.com.br/comprar/campinas-sp/volkswagen/polo/2023/d56820144,Volkswagen,Polo,1.0 170 TSI Highline (Aut) automático,Volkswagen Polo Polo 1.0 170 TSI Highline (Aut) automático,2023,89980.0,82000.0,SP,Campinas,Preto,automático,PJ,False,False,2060199,2060199,https://img0.icarros.com/dbimg/imgadicionalanuncio/1/471678036_1.jpg,polo,volkswagen,2026-05-12T23:09:46.409075,005536-0,Polo Highline TSI 1.0 Flex 12V Aut.,93468.0,4,exato,-0.037317584627894036
56577655,https://www.icarros.com.br/comprar/lencois-paulista-sp/volkswagen/polo/2020/d56577655,Volkswagen,Polo,1.0 (Flex) manual,Volkswagen Polo Polo 1.0 (Flex) manual,2020,66900.0,99500.0,SP,Lençóis Paulista,Branco,manual,PJ,False,False,372830,372830,https://img1.icarros.com/dbimg/imgadicionalanuncio/1/468926245_1.jpg,polo,volkswagen,2026-05-12T23:09:46.409700,,p25_filtrada (n=3),64000.0,1,fallback_p25,0.0453125
57168219,https://www.icarros.com.br/comprar/americana-sp/volkswagen/polo/2020/d57168219,Volkswagen,Polo,200 TSI Highline (Aut) (Flex) automático,Volkswagen Polo Polo 200 TSI Highline (Aut) (Flex) automático,2020,81900.0,106399.0,SP,Americana,Branco,automático,PJ,False,False,976076,976076,https://img0.icarros.com/dbimg/imgadicionalanuncio/1/475326469_1.jpg,polo,volkswagen,2026-05-12T23:09:46.409905,005476-3,Polo Highline 200 TSI 1.0 Flex 12V Aut.,81643.0,3,exato,0.003147851009884497
56125570,https://www.icarros.com.br/comprar/sao-paulo-sp/volkswagen/polo/2026/d56125570,Volkswagen,Polo,1.0 170 TSI Sense (Aut) automático,Volkswagen Polo Polo 1.0 170 TSI Sense (Aut) automático,2026,99000.0,3000.0,SP,São Paulo,Cinza,automático,PJ,False,False,2547246,2547246,https://img1.icarros.com/dbimg/imgadicionalanuncio/1/464110231_1.jpg,polo,volkswagen,2026-05-12T23:09:46.411119,005513-1,Polo Sense TSI 1.0 Flex 12V Aut,97935.0,4,exato,0.0108745596569153
56837646,https://www.icarros.com.br/comprar/campinas-sp/volkswagen/polo/2024/d56837646,Volkswagen,Polo,1.0 manual,Volkswagen Polo Polo 1.0 manual,2024,73990.0,41973.0,SP,Campinas,Branco,manual,LC,False,False,2267107,2267107,https://img0.icarros.com/dbimg/imgadicionalanuncio/1/471877564_1.jpg,polo,volkswagen,2026-05-12T23:09:46.411706,,p25_filtrada (n=4),74215.0,1,fallback_p25,-0.0030317321296233915
57494643,https://www.icarros.com.br/comprar/campinas-sp/volkswagen/polo/2026/d57494643,Volkswagen,Polo,1.0 Track manual,Volkswagen Polo Polo 1.0 Track manual,2026,79990.0,79965.0,SP,Campinas,Preto,manual,LC,False,False,2267107,2267107,https://img0.icarros.com/dbimg/imgadicionalanuncio/1/478625900_1.jpg,polo,volkswagen,2026-05-12T23:09:46.411909,005540-9,Polo Track 1.0 Flex 12V 5p,81509.0,2,fuzzy,-0.018635978848961465
57494006,https://www.icarros.com.br/comprar/campinas-sp/volkswagen/polo/2026/d57494006,Volkswagen,Polo,1.0 Track manual,Volkswagen Polo Polo 1.0 Track manual,2026,82890.0,55067.0,SP,Campinas,Branco,manual,LC,False,False,2267107,2267107,https://img2.icarros.com/dbimg/imgadicionalanuncio/1/478619601_1.jpg,polo,volkswagen,2026-05-12T23:09:46.412111,005540-9,Polo Track 1.0 Flex 12V 5p,81509.0,2,fuzzy,0.01694291427940473
57480059,https://www.icarros.com.br/comprar/campinas-sp/volkswagen/polo/2026/d57480059,Volkswagen,Polo,1.0 Track manual,Volkswagen Polo Polo 1.0 Track manual,2026,83690.0,47898.0,SP,Campinas,Branco,manual,LC,False,False,2267107,2267107,https://img2.icarros.com/dbimg/imgadicionalanuncio/1/478481770_1.jpg,polo,volkswagen,2026-05-12T23:09:46.412315,005540-9,Polo Track 1.0 Flex 12V 5p,81509.0,2,fuzzy,0.02675778134929885
57494034,https://www.icarros.com.br/comprar/campinas-sp/volkswagen/polo/2026/d57494034,Volkswagen,Polo,1.0 Track manual,Volkswagen Polo Polo 1.0 Track manual,2026,83890.0,45709.0,SP,Campinas,Branco,manual,LC,False,False,2267107,2267107,https://img0.icarros.com/dbimg/imgadicionalanuncio/1/478619899_1.jpg,polo,volkswagen,2026-05-12T23:09:46.412519,005540-9,Polo Track 1.0 Flex 12V 5p,81509.0,2,fuzzy,0.029211498116772382
57480157,https://www.icarros.com.br/comprar/campinas-sp/volkswagen/polo/2026/d57480157,Volkswagen,Polo,1.0 Track manual,Volkswagen Polo Polo 1.0 Track manual,2026,84090.0,42771.0,SP,Campinas,Branco,manual,LC,False,False,2267107,2267107,https://img1.icarros.com/dbimg/imgadicionalanuncio/1/478482724_1.jpg,polo,volkswagen,2026-05-12T23:09:46.412724,005540-9,Polo Track 1.0 Flex 12V 5p,81509.0,2,fuzzy,0.03166521488424591
57480112,https://www.icarros.com.br/comprar/campinas-sp/volkswagen/polo/2026/d57480112,Volkswagen,Polo,1.0 Track manual,Volkswagen Polo Polo 1.0 Track manual,2026,84490.0,37074.0,SP,Campinas,Cinza,manual,LC,False,False,2267107,2267107,https://img1.icarros.com/dbimg/imgadicionalanuncio/1/478482282_1.jpg,polo,volkswagen,2026-05-12T23:09:46.412928,005540-9,Polo Track 1.0 Flex 12V 5p,81509.0,2,fuzzy,0.03657264841919297
57480057,https://www.icarros.com.br/comprar/campinas-sp/volkswagen/polo/2026/d57480057,Volkswagen,Polo,1.0 Track manual,Volkswagen Polo Polo 1.0 Track manual,2026,85090.0,31708.0,SP,Campinas,Branco,manual,LC,False,False,2267107,2267107,https://img0.icarros.com/dbimg/imgadicionalanuncio/1/478481750_1.jpg,polo,volkswagen,2026-05-12T23:09:46.552705,005540-9,Polo Track 1.0 Flex 12V 5p,81509.0,2,fuzzy,0.043933798721613564
57480605,https://www.icarros.com.br/comprar/campinas-sp/volkswagen/polo/2026/d57480605,Volkswagen,Polo,1.0 Track manual,Volkswagen Polo Polo 1.0 Track manual,2026,85790.0,27946.0,SP,Campinas,Prata,manual,LC,False,False,2267107,2267107,https://img2.icarros.com/dbimg/imgadicionalanuncio/1/478487213_1.jpg,polo,volkswagen,2026-05-12T23:09:46.552928,005540-9,Polo Track 1.0 Flex 12V 5p,81509.0,2,fuzzy,0.05252180740777092
57482281,https://www.icarros.com.br/comprar/campinas-sp/volkswagen/polo/2024/d57482281,Volkswagen,Polo,1.0 170 TSI Highline (Aut) automático,Volkswagen Polo Polo 1.0 170 TSI Highline (Aut) automático,2024,108490.0,22754.0,SP,Campinas,Branco,automático,LC,False,False,2267107,2267107,https://img1.icarros.com/dbimg/imgadicionalanuncio/1/478503911_1.jpg,polo,volkswagen,2026-05-12T23:09:46.553138,005536-0,Polo Highline TSI 1.0 Flex 12V Aut.,97330.0,4,exato,0.11466146100893866
57299993,https://www.icarros.com.br/comprar/franca-sp/volkswagen/polo/2024/d57299993,Volkswagen,Polo,1.0 170 TSI Sense (Aut) automático,Volkswagen Polo Polo 1.0 170 TSI Sense (Aut) automático,2024,88900.0,95000.0,SP,Franca,Prata,automático,PJ,False,False,2260568,2260568,https://img2.icarros.com/dbimg/imgadicionalanuncio/1/476669105_1.jpg,polo,volkswagen,2026-05-12T23:09:46.553342,005513-1,Polo Sense TSI 1.0 Flex 12V Aut,85857.0,4,exato,0.03544265464667994
56897064,https://www.icarros.com.br/comprar/sao-carlos-sp/volkswagen/polo/2024/d56897064,Volkswagen,Polo,1.4 250 TSI GTS (Aut) automático,Volkswagen Polo Polo 1.4 250 TSI GTS (Aut) automático,2024,126900.0,54669.0,SP,São Carlos,Preto,automático,PJ,False,False,2785703,2785703,https://img0.icarros.com/dbimg/imgadicionalanuncio/1/472551272_1.jpg,polo,volkswagen,2026-05-12T23:09:46.553552,005521-2,Polo GTS 1.4 TSI 16V Flex,125697.0,3,exato,0.009570634144012984
56718603,https://www.icarros.com.br/comprar/jundiai-sp/volkswagen/polo/2020/d56718603,Volkswagen,Polo,200 TSI Comfortline (Aut) (Flex) automático,Volkswagen Polo Polo 200 TSI Comfortline (Aut) (Flex) automático,2020,83490.0,64000.0,SP,Jundiaí,Branco,automático,PJ,False,False,1648183,1648183,https://img0.icarros.com/dbimg/imgadicionalanuncio/1/470499650_1.jpg,polo,volkswagen,2026-05-12T23:09:46.554748,005477-1,Polo Comfort. 200 TSI 1.0 Flex 12V Aut.,75527.0,2,fuzzy,0.10543249433977253
56726680,https://www.icarros.com.br/comprar/jundiai-sp/volkswagen/polo/2024/d56726680,Volkswagen,Polo,1.0 170 TSI Highline (Aut) automático,Volkswagen Polo Polo 1.0 170 TSI Highline (Aut) automático,2024,104490.0,16500.0,SP,Jundiaí,Prata,automático,PJ,False,False,1648183,1648183,https://img1.icarros.com/dbimg/imgadicionalanuncio/1/470591754_1.jpg,polo,volkswagen,2026-05-12T23:09:46.554945,005536-0,Polo Highline TSI 1.0 Flex 12V Aut.,97330.0,4,exato,0.07356416315627247
57180671,https://www.icarros.com.br/comprar/jundiai-sp/volkswagen/polo/2014/d57180671,Volkswagen,Polo,Hatch 1.6 VHT Total Flex manual,Volkswagen Polo Polo Hatch 1.6 VHT Total Flex manual,2014,45900.0,144000.0,SP,Jundiaí,Preto,manual,PJ,False,False,172359,172359,https://img2.icarros.com/dbimg/imgadicionalanuncio/1/475458690_1.jpg,polo,volkswagen,2026-05-12T23:09:46.555141,005288-4,Polo BLUEMOTION 1.6 Total Flex 8V 5p,43806.0,2,fuzzy,0.047801671003972056
56348759,https://www.icarros.com.br/comprar/diadema-sp/volkswagen/polo/2024/d56348759,Volkswagen,Polo,1.0 170 TSI Highline (Aut) automático,Volkswagen Polo Polo 1.0 170 TSI Highline (Aut) automático,2024,97990.0,51646.0,SP,Diadema,Branco,automático,PJ,False,False,1139508,1139508,https://img2.icarros.com/dbimg/imgadicionalanuncio/1/466454075_1.jpg,polo,volkswagen,2026-05-12T23:09:46.555540,005536-0,Polo Highline TSI 1.0 Flex 12V Aut.,97330.0,4,exato,0.006781054145689921
56896716,https://www.icarros.com.br/comprar/sao-paulo-sp/volkswagen/polo/2025/d56896716,Volkswagen,Polo,1.0 170 TSI Comfortline (Aut) automático,Volkswagen Polo Polo 1.0 170 TSI Comfortline (Aut) automático,2025,96990.0,41795.0,SP,São Paulo,Branco,automático,PJ,False,False,1252795,1252795,https://img0.icarros.com/dbimg/imgadicionalanuncio/1/472546507_1.jpg,polo,volkswagen,2026-05-12T23:09:46.555740,005535-2,Polo Comfortline TSI 1.0 Flex 12V Aut.,98515.0,4,exato,-0.015479876160990712
56894179,https://www.icarros.com.br/comprar/sao-paulo-sp/volkswagen/polo/2024/d56894179,Volkswagen,Polo,1.0 170 TSI Highline (Aut) automático,Volkswagen Polo Polo 1.0 170 TSI Highline (Aut) automático,2024,96990.0,30906.0,SP,São Paulo,Vermelho,automático,PJ,False,False,1252795,1252795,https://img1.icarros.com/dbimg/imgadicionalanuncio/1/472515331_1.jpg,polo,volkswagen,2026-05-12T23:09:46.555942,005536-0,Polo Highline TSI 1.0 Flex 12V Aut.,97330.0,4,exato,-0.003493270317476626
56857603,https://www.icarros.com.br/comprar/limeira-sp/volkswagen/polo/2025/d56857603,Volkswagen,Polo,1.0 manual,Volkswagen Polo Polo 1.0 manual,2025,94990.0,6675.0,SP,Limeira,Cinza,manual,PJ,False,False,2004909,2004909,https://img1.icarros.com/dbimg/imgadicionalanuncio/1/472804282_1.jpg,polo,volkswagen,2026-05-12T23:09:46.628551,,p25_filtrada (n=6),76197.0,1,fallback_p25,0.24663700670630076
57224722,https://www.icarros.com.br/comprar/limeira-sp/volkswagen/polo/2024/d57224722,Volkswagen,Polo,1.0 170 TSI Highline (Aut) automático,Volkswagen Polo Polo 1.0 170 TSI Highline (Aut) automático,2024,99990.0,74000.0,SP,Limeira,Branco,automático,PJ,False,False,2004909,2004909,https://img1.icarros.com/dbimg/imgadicionalanuncio/1/475903974_1.jpg,polo,volkswagen,2026-05-12T23:09:46.628756,005536-0,Polo Highline TSI 1.0 Flex 12V Aut.,97330.0,4,exato,0.027329703072023013
56856915,https://www.icarros.com.br/comprar/araraquara-sp/volkswagen/polo/2021/d56856915,Volkswagen,Polo,1.0 200 TSI Comfortline (Aut) automático,Volkswagen Polo Polo 1.0 200 TSI Comfortline (Aut) automático,2021,82900.0,60000.0,SP,Araraquara,Preto,automático,PJ,False,False,2312962,2312962,https://img0.icarros.com/dbimg/imgadicionalanuncio/1/472090002_1.jpg,polo,volkswagen,2026-05-12T23:09:46.631170,005477-1,Polo Comfort. 200 TSI 1.0 Flex 12V Aut.,78903.0,3,exato,0.050657135977085786
56551448,https://www.icarros.com.br/comprar/campinas-sp/volkswagen/polo/2021/d56551448,Volkswagen,Polo,1.0 200 TSI Comfortline (Aut) automático,Volkswagen Polo Polo 1.0 200 TSI Comfortline (Aut) automático,2021,81990.0,108000.0,SP,Campinas,Branco,automático,PJ,False,False,1228665,1228665,https://img2.icarros.com/dbimg/imgadicionalanuncio/1/468616721_1.jpg,polo,volkswagen,2026-05-12T23:09:46.631370,005477-1,Polo Comfort. 200 TSI 1.0 Flex 12V Aut.,78903.0,3,exato,0.03912398768107676
56702601,https://www.icarros.com.br/comprar/sao-jose-do-rio-preto-sp/volkswagen/polo/2024/d56702601,Volkswagen,Polo,1.0 manual,Volkswagen Polo Polo 1.0 manual,2024,69900.0,43400.0,SP,São José do Rio Preto,Branco,manual,PJ,False,False,2500508,2500508,https://img0.icarros.com/dbimg/imgadicionalanuncio/1/470328626_1.jpg,polo,volkswagen,2026-05-12T23:09:46.704519,,p25_filtrada (n=4),74215.0,1,fallback_p25,-0.058141885063666375
56771928,https://www.icarros.com.br/comprar/sao-paulo-sp/volkswagen/polo/2018/d56771928,Volkswagen,Polo,200 TSI Highline (Aut) (Flex) automático,Volkswagen Polo Polo 200 TSI Highline (Aut) (Flex) automático,2018,73900.0,122000.0,SP,São Paulo,Prata,automático,PJ,False,False,1852868,1852868,https://img0.icarros.com/dbimg/imgadicionalanuncio/1/471103129_1.jpg,polo,volkswagen,2026-05-12T23:09:46.704724,005476-3,Polo Highline 200 TSI 1.0 Flex 12V Aut.,76489.0,3,exato,-0.033848004288198306
57457851,https://www.icarros.com.br/comprar/porto-ferreira-sp/volkswagen/polo/2019/d57457851,Volkswagen,Polo,200 TSI Highline (Aut) (Flex) automático,Volkswagen Polo Polo 200 TSI Highline (Aut) (Flex) automático,2019,83000.0,11111.0,SP,Porto Ferreira,Prata,automático,PJ,False,False,2676433,2676433,https://img0.icarros.com/dbimg/imgadicionalanuncio/1/478257712_1.jpg,polo,volkswagen,2026-05-12T23:09:46.705117,005476-3,Polo Highline 200 TSI 1.0 Flex 12V Aut.,79651.0,3,exato,0.04204592534933648
57224710,https://www.icarros.com.br/comprar/piracicaba-sp/volkswagen/polo/2024/d57224710,Volkswagen,Polo,1.0 170 TSI Highline (Aut) automático,Volkswagen Polo Polo 1.0 170 TSI Highline (Aut) automático,2024,99990.0,74000.0,SP,Piracicaba,Branco,automático,PJ,False,False,2004905,2004905,https://img1.icarros.com/dbimg/imgadicionalanuncio/1/475903816_1.jpg,polo,volkswagen,2026-05-12T23:09:46.706494,005536-0,Polo Highline TSI 1.0 Flex 12V Aut.,97330.0,4,exato,0.027329703072023013
57020669,https://www.icarros.com.br/comprar/sao-paulo-sp/volkswagen/polo/2025/d57020669,Volkswagen,Polo,1.0 170 TSI Comfortline (Aut) automático,Volkswagen Polo Polo 1.0 170 TSI Comfortline (Aut) automático,2025,103990.0,19350.0,SP,São Paulo,Preto,automático,LC,False,False,2562320,2562320,https://img2.icarros.com/dbimg/imgadicionalanuncio/1/473835622_1.jpg,polo,volkswagen,2026-05-12T23:09:46.706899,005535-2,Polo Comfortline TSI 1.0 Flex 12V Aut.,98515.0,4,exato,0.05557529310257321
57224649,https://www.icarros.com.br/comprar/indaiatuba-sp/volkswagen/polo/2024/d57224649,Volkswagen,Polo,1.0 170 TSI Highline (Aut) automático,Volkswagen Polo Polo 1.0 170 TSI Highline (Aut) automático,2024,99990.0,74000.0,SP,Indaiatuba,Branco,automático,PJ,False,False,2148458,2148458,https://img0.icarros.com/dbimg/imgadicionalanuncio/1/475903174_1.jpg,polo,volkswagen,2026-05-12T23:09:46.781828,005536-0,Polo Highline TSI 1.0 Flex 12V Aut.,97330.0,4,exato,0.027329703072023013
56920065,https://www.icarros.com.br/comprar/campinas-sp/volkswagen/polo/2025/d56920065,Volkswagen,Polo,1.0 170 TSI manual,Volkswagen Polo Polo 1.0 170 TSI manual,2025,94990.0,6675.0,SP,Campinas,Cinza,manual,PJ,False,False,1929693,1929693,https://img0.icarros.com/dbimg/imgadicionalanuncio/1/472802775_1.jpg,polo,volkswagen,2026-05-12T23:09:46.782033,005534-4,Polo 1.0 TSI Flex 12V 5p,92345.0,2,fuzzy,0.028642590286425903
57224522,https://www.icarros.com.br/comprar/campinas-sp/volkswagen/polo/2024/d57224522,Volkswagen,Polo,1.0 170 TSI Highline (Aut) automático,Volkswagen Polo Polo 1.0 170 TSI Highline (Aut) automático,2024,99990.0,74000.0,SP,Campinas,Branco,automático,PJ,False,False,1929693,1929693,https://img2.icarros.com/dbimg/imgadicionalanuncio/1/475901894_1.jpg,polo,volkswagen,2026-05-12T23:09:46.782237,005536-0,Polo Highline TSI 1.0 Flex 12V Aut.,97330.0,4,exato,0.027329703072023013
56737971,https://www.icarros.com.br/comprar/piracicaba-sp/volkswagen/polo/2024/d56737971,Volkswagen,Polo,1.0 170 TSI manual,Volkswagen Polo Polo 1.0 170 TSI manual,2024,77900.0,66000.0,SP,Piracicaba,Vermelho,manual,PJ,False,False,2747415,2747415,https://img0.icarros.com/dbimg/imgadicionalanuncio/1/470720043_1.jpg,polo,volkswagen,2026-05-12T23:09:46.782846,005534-4,Polo 1.0 TSI Flex 12V 5p,79068.0,2,fuzzy,-0.014772094905650832
56633947,https://www.icarros.com.br/comprar/mogi-guacu-sp/volkswagen/polo/2008/d56633947,Volkswagen,Polo,Hatch. Sportline 1.6 8V (Flex) manual,Volkswagen Polo Polo Hatch. Sportline 1.6 8V (Flex) manual,2008,37790.0,164000.0,SP,Mogi Guaçu,Preto,manual,PJ,False,False,2303344,2303344,https://img1.icarros.com/dbimg/imgadicionalanuncio/1/469552342_1.jpg,polo,volkswagen,2026-05-12T23:09:46.783051,005249-3,Polo SPORTLINE 1.6 Mi Total Flex 8V 5p,34521.0,2,fuzzy,0.09469598215578923
57490609,https://www.icarros.com.br/comprar/sao-paulo-sp/volkswagen/polo/2025/d57490609,Volkswagen,Polo,1.0 170 TSI Comfortline (Aut) automático,Volkswagen Polo Polo 1.0 170 TSI Comfortline (Aut) automático,2025,100290.0,45519.0,SP,São Paulo,Branco,automático,LC,False,False,1195217,1195217,https://img1.icarros.com/dbimg/imgadicionalanuncio/1/478586122_1.jpg,polo,volkswagen,2026-05-12T23:09:46.783459,005535-2,Polo Comfortline TSI 1.0 Flex 12V Aut.,98515.0,4,exato,0.018017560777546567
57488040,https://www.icarros.com.br/comprar/sao-paulo-sp/volkswagen/polo/2024/d57488040,Volkswagen,Polo,1.0 170 TSI Highline (Aut) automático,Volkswagen Polo Polo 1.0 170 TSI Highline (Aut) automático,2024,108690.0,28800.0,SP,São Paulo,Preto,automático,LC,False,False,1195217,1195217,https://img0.icarros.com/dbimg/imgadicionalanuncio/1/478560810_1.jpg,polo,volkswagen,2026-05-12T23:09:46.783664,005536-0,Polo Highline TSI 1.0 Flex 12V Aut.,97330.0,4,exato,0.11671632590157197
57507987,https://www.icarros.com.br/comprar/sao-paulo-sp/volkswagen/polo/2025/d57507987,Volkswagen,Polo,1.0 170 TSI Highline (Aut) automático,Volkswagen Polo Polo 1.0 170 TSI Highline (Aut) automático,2025,111990.0,33231.0,SP,São Paulo,Cinza,automático,LC,False,False,1195217,1195217,https://img0.icarros.com/dbimg/imgadicionalanuncio/1/478765587_1.jpg,polo,volkswagen,2026-05-12T23:09:46.783871,005536-0,Polo Highline TSI 1.0 Flex 12V Aut.,106281.0,4,exato,0.05371609224602704
57341367,https://www.icarros.com.br/comprar/sao-jose-do-rio-preto-sp/volkswagen/polo/2020/d57341367,Volkswagen,Polo,1.6 MSI (Flex) manual,Volkswagen Polo Polo 1.6 MSI (Flex) manual,2020,67900.0,93826.0,SP,São José do Rio Preto,Branco,manual,PJ,False,False,399754,399754,https://img0.icarros.com/dbimg/imgadicionalanuncio/1/477084007_1.jpg,polo,volkswagen,2026-05-12T23:09:46.859113,005478-0,Polo 1.6 MSI Flex 16V 5p,65618.0,2,fuzzy,0.03477704288457435
56849706,https://www.icarros.com.br/comprar/caraguatatuba-sp/volkswagen/polo/2018/d56849706,Volkswagen,Polo,200 TSI Comfortline (Aut) (Flex) automático,Volkswagen Polo Polo 200 TSI Comfortline (Aut) (Flex) automático,2018,66900.0,133232.0,SP,Caraguatatuba,Branco,automático,PJ,False,False,2379700,2379700,https://img0.icarros.com/dbimg/imgadicionalanuncio/1/472010742_1.jpg,polo,volkswagen,2026-05-12T23:09:46.859521,005477-1,Polo Comfort. 200 TSI 1.0 Flex 12V Aut.,70135.0,2,fuzzy,-0.04612532972125187
56504918,https://www.icarros.com.br/comprar/caraguatatuba-sp/volkswagen/polo/2023/d56504918,Volkswagen,Polo,1.0 170 TSI Highline (Aut) automático,Volkswagen Polo Polo 1.0 170 TSI Highline (Aut) automático,2023,99900.0,29291.0,SP,Caraguatatuba,Vermelho,automático,PJ,False,False,2379700,2379700,https://img2.icarros.com/dbimg/imgadicionalanuncio/1/468109190_1.jpg,polo,volkswagen,2026-05-12T23:09:46.859719,005536-0,Polo Highline TSI 1.0 Flex 12V Aut.,93468.0,4,exato,0.0688149955064835
57489233,https://www.icarros.com.br/comprar/sao-paulo-sp/volkswagen/polo/2025/d57489233,Volkswagen,Polo,1.0 170 TSI Highline (Aut) automático,Volkswagen Polo Polo 1.0 170 TSI Highline (Aut) automático,2025,113090.0,19925.0,SP,São Paulo,Branco,automático,LC,False,False,2786863,2786863,https://img2.icarros.com/dbimg/imgadicionalanuncio/1/478572577_1.jpg,polo,volkswagen,2026-05-12T23:09:46.860532,005536-0,Polo Highline TSI 1.0 Flex 12V Aut.,106281.0,4,exato,0.06406601368071434
56812746,https://www.icarros.com.br/comprar/campinas-sp/volkswagen/polo/2024/d56812746,Volkswagen,Polo,1.0 170 TSI Comfortline (Aut) automático,Volkswagen Polo Polo 1.0 170 TSI Comfortline (Aut) automático,2024,87900.0,31772.0,SP,Campinas,Cinza,automático,PJ,False,False,34361,34361,https://img0.icarros.com/dbimg/imgadicionalanuncio/1/474556527_1.jpg,polo,volkswagen,2026-05-12T23:09:46.935031,005535-2,Polo Comfortline TSI 1.0 Flex 12V Aut.,88940.0,4,exato,-0.011693276366089498
56721085,https://www.icarros.com.br/comprar/campinas-sp/volkswagen/polo/2024/d56721085,Volkswagen,Polo,1.0 170 TSI Comfortline (Aut) automático,Volkswagen Polo Polo 1.0 170 TSI Comfortline (Aut) automático,2024,89900.0,41980.0,SP,Campinas,Cinza,automático,PJ,False,False,34361,34361,https://img1.icarros.com/dbimg/imgadicionalanuncio/1/474548629_1.jpg,polo,volkswagen,2026-05-12T23:09:46.935232,005535-2,Polo Comfortline TSI 1.0 Flex 12V Aut.,88940.0,4,exato,0.010793793568697998
56089940,https://www.icarros.com.br/comprar/campinas-sp/volkswagen/polo/2025/d56089940,Volkswagen,Polo,1.0 170 TSI Comfortline (Aut) automático,Volkswagen Polo Polo 1.0 170 TSI Comfortline (Aut) automático,2025,103900.0,10119.0,SP,Campinas,Preto,automático,PJ,False,False,34361,34361,https://img2.icarros.com/dbimg/imgadicionalanuncio/1/474528771_1.jpg,polo,volkswagen,2026-05-12T23:09:46.935431,005535-2,Polo Comfortline TSI 1.0 Flex 12V Aut.,98515.0,4,exato,0.054661726640613105
56596556,https://www.icarros.com.br/comprar/campinas-sp/volkswagen/polo/2025/d56596556,Volkswagen,Polo,1.0 170 TSI Highline (Aut) automático,Volkswagen Polo Polo 1.0 170 TSI Highline (Aut) automático,2025,104890.0,38775.0,SP,Campinas,Cinza,automático,PJ,False,False,34361,34361,https://img2.icarros.com/dbimg/imgadicionalanuncio/1/474539469_1.jpg,polo,volkswagen,2026-05-12T23:09:46.935630,005536-0,Polo Highline TSI 1.0 Flex 12V Aut.,106281.0,4,exato,-0.013087946105136384
57279391,https://www.icarros.com.br/comprar/campinas-sp/volkswagen/polo/2025/d57279391,Volkswagen,Polo,1.0 170 TSI Comfortline (Aut) automático,Volkswagen Polo Polo 1.0 170 TSI Comfortline (Aut) automático,2025,98890.0,27000.0,SP,Campinas,Branco,automático,PJ,False,False,46792,46792,https://img1.icarros.com/dbimg/imgadicionalanuncio/1/476454325_1.jpg,polo,volkswagen,2026-05-12T23:09:46.936030,005535-2,Polo Comfortline TSI 1.0 Flex 12V Aut.,98515.0,4,exato,0.003806526924833782
57114554,https://www.icarros.com.br/comprar/batatais-sp/volkswagen/polo/2020/d57114554,Volkswagen,Polo,200 TSI Highline (Aut) (Flex) automático,Volkswagen Polo Polo 200 TSI Highline (Aut) (Flex) automático,2020,83900.0,123562.0,SP,Batatais,Azul,automático,PJ,False,False,2103668,2103668,https://img2.icarros.com/dbimg/imgadicionalanuncio/1/474785201_1.jpg,polo,volkswagen,2026-05-12T23:09:46.936225,005476-3,Polo Highline 200 TSI 1.0 Flex 12V Aut.,81643.0,3,exato,0.027644746028440897
57484651,https://www.icarros.com.br/comprar/sao-paulo-sp/volkswagen/polo/2023/d57484651,Volkswagen,Polo,1.0 manual,Volkswagen Polo Polo 1.0 manual,2023,74890.0,64062.0,SP,São Paulo,Prata,manual,LC,False,False,1195207,1195207,https://img1.icarros.com/dbimg/imgadicionalanuncio/1/478527391_1.jpg,polo,volkswagen,2026-05-12T23:09:46.936429,,p25_filtrada (n=5),69428.0,1,fallback_p25,0.07867142939448062
57484886,https://www.icarros.com.br/comprar/sao-paulo-sp/volkswagen/polo/2023/d57484886,Volkswagen,Polo,1.0 manual,Volkswagen Polo Polo 1.0 manual,2023,75990.0,53311.0,SP,São Paulo,Prata,manual,LC,False,False,1195207,1195207,https://img2.icarros.com/dbimg/imgadicionalanuncio/1/478529699_1.jpg,polo,volkswagen,2026-05-12T23:09:46.936633,,p25_filtrada (n=5),69428.0,1,fallback_p25,0.09451518119490696
57483015,https://www.icarros.com.br/comprar/sao-paulo-sp/volkswagen/polo/2023/d57483015,Volkswagen,Polo,1.0 manual,Volkswagen Polo Polo 1.0 manual,2023,79690.0,21570.0,SP,São Paulo,Prata,manual,LC,False,False,1195207,1195207,https://img0.icarros.com/dbimg/imgadicionalanuncio/1/478511211_1.jpg,polo,volkswagen,2026-05-12T23:09:46.936836,,p25_filtrada (n=5),69428.0,1,fallback_p25,0.1478078008872501
57486458,https://www.icarros.com.br/comprar/sao-paulo-sp/volkswagen/polo/2026/d57486458,Volkswagen,Polo,1.0 Track manual,Volkswagen Polo Polo 1.0 Track manual,2026,83390.0,46055.0,SP,São Paulo,Branco,manual,LC,False,False,1195207,1195207,https://img2.icarros.com/dbimg/imgadicionalanuncio/1/478545303_1.jpg,polo,volkswagen,2026-05-12T23:09:46.937042,005540-9,Polo Track 1.0 Flex 12V 5p,81509.0,2,fuzzy,0.023077206198088555
57484928,https://www.icarros.com.br/comprar/sao-paulo-sp/volkswagen/polo/2026/d57484928,Volkswagen,Polo,1.0 Track manual,Volkswagen Polo Polo 1.0 Track manual,2026,83790.0,43886.0,SP,São Paulo,Preto,manual,LC,False,False,1195207,1195207,https://img2.icarros.com/dbimg/imgadicionalanuncio/1/478530094_1.jpg,polo,volkswagen,2026-05-12T23:09:46.937248,005540-9,Polo Track 1.0 Flex 12V 5p,81509.0,2,fuzzy,0.027984639733035617
57484941,https://www.icarros.com.br/comprar/sao-paulo-sp/volkswagen/polo/2026/d57484941,Volkswagen,Polo,1.0 Track manual,Volkswagen Polo Polo 1.0 Track manual,2026,83890.0,41195.0,SP,São Paulo,Branco,manual,LC,False,False,1195207,1195207,https://img0.icarros.com/dbimg/imgadicionalanuncio/1/478530265_1.jpg,polo,volkswagen,2026-05-12T23:09:46.937450,005540-9,Polo Track 1.0 Flex 12V 5p,81509.0,2,fuzzy,0.029211498116772382
57521798,https://www.icarros.com.br/comprar/sao-paulo-sp/volkswagen/polo/2026/d57521798,Volkswagen,Polo,1.0 Track manual,Volkswagen Polo Polo 1.0 Track manual,2026,84190.0,37963.0,SP,São Paulo,Preto,manual,LC,False,False,1195207,1195207,https://img2.icarros.com/dbimg/imgadicionalanuncio/1/478909463_1.jpg,polo,volkswagen,2026-05-12T23:09:46.937652,005540-9,Polo Track 1.0 Flex 12V 5p,81509.0,2,fuzzy,0.03289207326798268
57486423,https://www.icarros.com.br/comprar/sao-paulo-sp/volkswagen/polo/2026/d57486423,Volkswagen,Polo,1.0 Track manual,Volkswagen Polo Polo 1.0 Track manual,2026,87190.0,27351.0,SP,São Paulo,Branco,manual,LC,False,False,1195207,1195207,https://img0.icarros.com/dbimg/imgadicionalanuncio/1/478544961_1.jpg,polo,volkswagen,2026-05-12T23:09:46.937853,005540-9,Polo Track 1.0 Flex 12V 5p,81509.0,2,fuzzy,0.06969782478008564
57518301,https://www.icarros.com.br/comprar/sao-paulo-sp/volkswagen/polo/2025/d57518301,Volkswagen,Polo,1.0 170 TSI Comfortline (Aut) automático,Volkswagen Polo Polo 1.0 170 TSI Comfortline (Aut) automático,2025,98690.0,59902.0,SP,São Paulo,Preto,automático,LC,False,False,1195207,1195207,https://img0.icarros.com/dbimg/imgadicionalanuncio/1/478872695_1.jpg,polo,volkswagen,2026-05-12T23:09:46.938057,005535-2,Polo Comfortline TSI 1.0 Flex 12V Aut.,98515.0,4,exato,0.0017763792315890982
57490650,https://www.icarros.com.br/comprar/ribeirao-preto-sp/volkswagen/polo/2026/d57490650,Volkswagen,Polo,1.0 Track manual,Volkswagen Polo Polo 1.0 Track manual,2026,83690.0,47769.0,SP,Ribeirão Preto,Branco,manual,LC,False,False,2166522,2166522,https://img0.icarros.com/dbimg/imgadicionalanuncio/1/478586522_1.jpg,polo,volkswagen,2026-05-12T23:09:46.938255,005540-9,Polo Track 1.0 Flex 12V 5p,81509.0,2,fuzzy,0.02675778134929885
57490994,https://www.icarros.com.br/comprar/ribeirao-preto-sp/volkswagen/polo/2026/d57490994,Volkswagen,Polo,1.0 Track manual,Volkswagen Polo Polo 1.0 Track manual,2026,84190.0,40647.0,SP,Ribeirão Preto,Branco,manual,LC,False,False,2166522,2166522,https://img2.icarros.com/dbimg/imgadicionalanuncio/1/478589939_1.jpg,polo,volkswagen,2026-05-12T23:09:47.011606,005540-9,Polo Track 1.0 Flex 12V 5p,81509.0,2,fuzzy,0.03289207326798268
57512193,https://www.icarros.com.br/comprar/sao-paulo-sp/volkswagen/polo/2024/d57512193,Volkswagen,Polo,1.0 manual,Volkswagen Polo Polo 1.0 manual,2024,75890.0,37550.0,SP,São Paulo,Branco,manual,LC,False,False,876303,876303,https://img0.icarros.com/dbimg/imgadicionalanuncio/1/478808822_1.jpg,polo,volkswagen,2026-05-12T23:09:47.011825,,p25_filtrada (n=4),74215.0,1,fallback_p25,0.02256956140941858
57501095,https://www.icarros.com.br/comprar/sao-paulo-sp/volkswagen/polo/2026/d57501095,Volkswagen,Polo,1.0 Track manual,Volkswagen Polo Polo 1.0 Track manual,2026,86190.0,23669.0,SP,São Paulo,Preto,manual,LC,False,False,876303,876303,https://img2.icarros.com/dbimg/imgadicionalanuncio/1/478694272_1.jpg,polo,volkswagen,2026-05-12T23:09:47.012031,005540-9,Polo Track 1.0 Flex 12V 5p,81509.0,2,fuzzy,0.05742924094271798
57489728,https://www.icarros.com.br/comprar/sao-paulo-sp/volkswagen/polo/2024/d57489728,Volkswagen,Polo,1.0 automático,Volkswagen Polo Polo 1.0 automático,2024,93490.0,41163.0,SP,São Paulo,Preto,automático,LC,False,False,876303,876303,https://img2.icarros.com/dbimg/imgadicionalanuncio/1/478577401_1.jpg,polo,volkswagen,2026-05-12T23:09:47.012235,005535-2,Polo Comfortline TSI 1.0 Flex 12V Aut.,88940.0,2,fuzzy,0.051158084101641556
57486640,https://www.icarros.com.br/comprar/sao-paulo-sp/volkswagen/polo/2025/d57486640,Volkswagen,Polo,1.0 170 TSI Comfortline (Aut) automático,Volkswagen Polo Polo 1.0 170 TSI Comfortline (Aut) automático,2025,100490.0,42220.0,SP,São Paulo,Preto,automático,LC,False,False,876303,876303,https://img1.icarros.com/dbimg/imgadicionalanuncio/1/478547067_1.jpg,polo,volkswagen,2026-05-12T23:09:47.012440,005535-2,Polo Comfortline TSI 1.0 Flex 12V Aut.,98515.0,4,exato,0.02004770847079125
57490645,https://www.icarros.com.br/comprar/sao-carlos-sp/volkswagen/polo/2026/d57490645,Volkswagen,Polo,1.0 Track manual,Volkswagen Polo Polo 1.0 Track manual,2026,86290.0,26876.0,SP,São Carlos,Cinza,manual,LC,False,False,2656216,2656216,https://img1.icarros.com/dbimg/imgadicionalanuncio/1/478586471_1.jpg,polo,volkswagen,2026-05-12T23:09:47.013041,005540-9,Polo Track 1.0 Flex 12V 5p,81509.0,2,fuzzy,0.05865609932645475
57484577,https://www.icarros.com.br/comprar/indaiatuba-sp/volkswagen/polo/2026/d57484577,Volkswagen,Polo,1.0 Track manual,Volkswagen Polo Polo 1.0 Track manual,2026,83790.0,43240.0,SP,Indaiatuba,Branco,manual,LC,False,False,2101611,2101611,https://img2.icarros.com/dbimg/imgadicionalanuncio/1/478526679_1.jpg,polo,volkswagen,2026-05-12T23:09:47.013241,005540-9,Polo Track 1.0 Flex 12V 5p,81509.0,2,fuzzy,0.027984639733035617
57484731,https://www.icarros.com.br/comprar/indaiatuba-sp/volkswagen/polo/2026/d57484731,Volkswagen,Polo,1.0 Track manual,Volkswagen Polo Polo 1.0 Track manual,2026,84190.0,36175.0,SP,Indaiatuba,Branco,manual,LC,False,False,2101611,2101611,https://img0.icarros.com/dbimg/imgadicionalanuncio/1/478528191_1.jpg,polo,volkswagen,2026-05-12T23:09:47.013443,005540-9,Polo Track 1.0 Flex 12V 5p,81509.0,2,fuzzy,0.03289207326798268
56790659,https://www.icarros.com.br/comprar/indaiatuba-sp/volkswagen/polo/2024/d56790659,Volkswagen,Polo,1.0 170 TSI Highline (Aut) automático,Volkswagen Polo Polo 1.0 170 TSI Highline (Aut) automático,2024,95290.0,52720.0,SP,Indaiatuba,Branco,automático,LC,False,False,2101611,2101611,https://img2.icarros.com/dbimg/imgadicionalanuncio/1/471326600_1.jpg,polo,volkswagen,2026-05-12T23:09:47.013642,005536-0,Polo Highline TSI 1.0 Flex 12V Aut.,97330.0,4,exato,-0.020959621904859754
57482981,https://www.icarros.com.br/comprar/indaiatuba-sp/volkswagen/polo/2024/d57482981,Volkswagen,Polo,1.0 170 TSI Highline (Aut) automático,Volkswagen Polo Polo 1.0 170 TSI Highline (Aut) automático,2024,109290.0,22963.0,SP,Indaiatuba,Cinza,automático,LC,False,False,2101611,2101611,https://img2.icarros.com/dbimg/imgadicionalanuncio/1/478510842_1.jpg,polo,volkswagen,2026-05-12T23:09:47.013845,005536-0,Polo Highline TSI 1.0 Flex 12V Aut.,97330.0,4,exato,0.1228809205794719
56738102,https://www.icarros.com.br/comprar/sao-paulo-sp/volkswagen/polo/2024/d56738102,Volkswagen,Polo,1.0 manual,Volkswagen Polo Polo 1.0 manual,2024,82190.0,41425.0,SP,São Paulo,Prata,manual,LC,False,False,1974338,1974338,https://img2.icarros.com/dbimg/imgadicionalanuncio/1/470721416_1.jpg,polo,volkswagen,2026-05-12T23:09:47.014047,,p25_filtrada (n=4),74215.0,1,fallback_p25,0.10745806103887354
57480442,https://www.icarros.com.br/comprar/sao-paulo-sp/volkswagen/polo/2026/d57480442,Volkswagen,Polo,1.0 Track manual,Volkswagen Polo Polo 1.0 Track manual,2026,83390.0,46870.0,SP,São Paulo,Cinza,manual,LC,False,False,1974338,1974338,https://img1.icarros.com/dbimg/imgadicionalanuncio/1/478485518_1.jpg,polo,volkswagen,2026-05-12T23:09:47.014248,005540-9,Polo Track 1.0 Flex 12V 5p,81509.0,2,fuzzy,0.023077206198088555
57486565,https://www.icarros.com.br/comprar/sao-paulo-sp/volkswagen/polo/2026/d57486565,Volkswagen,Polo,1.0 Track manual,Volkswagen Polo Polo 1.0 Track manual,2026,84190.0,37342.0,SP,São Paulo,Branco,manual,LC,False,False,1974338,1974338,https://img1.icarros.com/dbimg/imgadicionalanuncio/1/478546327_1.jpg,polo,volkswagen,2026-05-12T23:09:47.014450,005540-9,Polo Track 1.0 Flex 12V 5p,81509.0,2,fuzzy,0.03289207326798268
57493477,https://www.icarros.com.br/comprar/sao-paulo-sp/volkswagen/polo/2026/d57493477,Volkswagen,Polo,1.0 Track manual,Volkswagen Polo Polo 1.0 Track manual,2026,84590.0,33535.0,SP,São Paulo,Branco,manual,LC,False,False,1974338,1974338,https://img1.icarros.com/dbimg/imgadicionalanuncio/1/478614338_1.jpg,polo,volkswagen,2026-05-12T23:09:47.014650,005540-9,Polo Track 1.0 Flex 12V 5p,81509.0,2,fuzzy,0.03779950680292974
57481412,https://www.icarros.com.br/comprar/sao-paulo-sp/volkswagen/polo/2026/d57481412,Volkswagen,Polo,1.0 Track manual,Volkswagen Polo Polo 1.0 Track manual,2026,87190.0,33586.0,SP,São Paulo,Branco,manual,LC,False,False,1974338,1974338,https://img2.icarros.com/dbimg/imgadicionalanuncio/1/478495232_1.jpg,polo,volkswagen,2026-05-12T23:09:47.014853,005540-9,Polo Track 1.0 Flex 12V 5p,81509.0,2,fuzzy,0.06969782478008564
57481777,https://www.icarros.com.br/comprar/sao-paulo-sp/volkswagen/polo/2025/d57481777,Volkswagen,Polo,1.0 170 TSI Comfortline (Aut) automático,Volkswagen Polo Polo 1.0 170 TSI Comfortline (Aut) automático,2025,103390.0,23370.0,SP,São Paulo,Vermelho,automático,LC,False,False,1974338,1974338,https://img1.icarros.com/dbimg/imgadicionalanuncio/1/478498912_1.jpg,polo,volkswagen,2026-05-12T23:09:47.015055,005535-2,Polo Comfortline TSI 1.0 Flex 12V Aut.,98515.0,4,exato,0.049484850022839165
57481770,https://www.icarros.com.br/comprar/sao-paulo-sp/volkswagen/polo/2025/d57481770,Volkswagen,Polo,1.0 170 TSI Comfortline (Aut) automático,Volkswagen Polo Polo 1.0 170 TSI Comfortline (Aut) automático,2025,104890.0,5513.0,SP,São Paulo,Cinza,automático,LC,False,False,1974338,1974338,https://img0.icarros.com/dbimg/imgadicionalanuncio/1/478498856_1.jpg,polo,volkswagen,2026-05-12T23:09:47.015258,005535-2,Polo Comfortline TSI 1.0 Flex 12V Aut.,98515.0,4,exato,0.06471095772217429
57483033,https://www.icarros.com.br/comprar/sao-paulo-sp/volkswagen/polo/2024/d57483033,Volkswagen,Polo,1.0 170 TSI Highline (Aut) automático,Volkswagen Polo Polo 1.0 170 TSI Highline (Aut) automático,2024,109390.0,24349.0,SP,São Paulo,Preto,automático,LC,False,False,1974338,1974338,https://img0.icarros.com/dbimg/imgadicionalanuncio/1/478511303_1.jpg,polo,volkswagen,2026-05-12T23:09:47.015460,005536-0,Polo Highline TSI 1.0 Flex 12V Aut.,97330.0,4,exato,0.12390835302578855
57481789,https://www.icarros.com.br/comprar/sao-paulo-sp/volkswagen/polo/2025/d57481789,Volkswagen,Polo,1.0 170 TSI Highline (Aut) automático,Volkswagen Polo Polo 1.0 170 TSI Highline (Aut) automático,2025,111890.0,28263.0,SP,São Paulo,Cinza,automático,LC,False,False,1974338,1974338,https://img1.icarros.com/dbimg/imgadicionalanuncio/1/478499019_1.jpg,polo,volkswagen,2026-05-12T23:09:47.088257,005536-0,Polo Highline TSI 1.0 Flex 12V Aut.,106281.0,4,exato,0.0527751902974191
57517555,https://www.icarros.com.br/comprar/barueri-sp/volkswagen/polo/2026/d57517555,Volkswagen,Polo,1.0 Track manual,Volkswagen Polo Polo 1.0 Track manual,2026,82390.0,56346.0,SP,Barueri,Branco,manual,LC,False,False,2656224,2656224,https://img1.icarros.com/dbimg/imgadicionalanuncio/1/478865255_1.jpg,polo,volkswagen,2026-05-12T23:09:47.088884,005540-9,Polo Track 1.0 Flex 12V 5p,81509.0,2,fuzzy,0.010808622360720901
57490822,https://www.icarros.com.br/comprar/barueri-sp/volkswagen/polo/2026/d57490822,Volkswagen,Polo,1.0 Track manual,Volkswagen Polo Polo 1.0 Track manual,2026,83390.0,47708.0,SP,Barueri,Preto,manual,LC,False,False,2656224,2656224,https://img1.icarros.com/dbimg/imgadicionalanuncio/1/478588245_1.jpg,polo,volkswagen,2026-05-12T23:09:47.089087,005540-9,Polo Track 1.0 Flex 12V 5p,81509.0,2,fuzzy,0.023077206198088555
57488011,https://www.icarros.com.br/comprar/barueri-sp/volkswagen/polo/2026/d57488011,Volkswagen,Polo,1.0 Track manual,Volkswagen Polo Polo 1.0 Track manual,2026,83590.0,44246.0,SP,Barueri,Branco,manual,LC,False,False,2656224,2656224,https://img1.icarros.com/dbimg/imgadicionalanuncio/1/478560535_1.jpg,polo,volkswagen,2026-05-12T23:09:47.089287,005540-9,Polo Track 1.0 Flex 12V 5p,81509.0,2,fuzzy,0.025530922965562086
57490838,https://www.icarros.com.br/comprar/barueri-sp/volkswagen/polo/2026/d57490838,Volkswagen,Polo,1.0 Track manual,Volkswagen Polo Polo 1.0 Track manual,2026,84190.0,36240.0,SP,Barueri,Branco,manual,LC,False,False,2656224,2656224,https://img2.icarros.com/dbimg/imgadicionalanuncio/1/478588360_1.jpg,polo,volkswagen,2026-05-12T23:09:47.089487,005540-9,Polo Track 1.0 Flex 12V 5p,81509.0,2,fuzzy,0.03289207326798268
57484572,https://www.icarros.com.br/comprar/barueri-sp/volkswagen/polo/2024/d57484572,Volkswagen,Polo,1.0 170 TSI Highline (Aut) automático,Volkswagen Polo Polo 1.0 170 TSI Highline (Aut) automático,2024,108890.0,24247.0,SP,Barueri,Cinza,automático,LC,False,False,2656224,2656224,https://img0.icarros.com/dbimg/imgadicionalanuncio/1/478526593_1.jpg,polo,volkswagen,2026-05-12T23:09:47.089688,005536-0,Polo Highline TSI 1.0 Flex 12V Aut.,97330.0,4,exato,0.11877119079420528
56786465,https://www.icarros.com.br/comprar/campinas-sp/volkswagen/polo/2024/d56786465,Volkswagen,Polo,1.0 manual,Volkswagen Polo Polo 1.0 manual,2024,73990.0,43657.0,SP,Campinas,Branco,manual,LC,False,False,21846,21846,https://img2.icarros.com/dbimg/imgadicionalanuncio/1/471268732_1.jpg,polo,volkswagen,2026-05-12T23:09:47.089891,,p25_filtrada (n=4),74215.0,1,fallback_p25,-0.0030317321296233915
57494640,https://www.icarros.com.br/comprar/campinas-sp/volkswagen/polo/2026/d57494640,Volkswagen,Polo,1.0 Track manual,Volkswagen Polo Polo 1.0 Track manual,2026,79990.0,79965.0,SP,Campinas,Preto,manual,LC,False,False,21846,21846,https://img0.icarros.com/dbimg/imgadicionalanuncio/1/478625841_1.jpg,polo,volkswagen,2026-05-12T23:09:47.090092,005540-9,Polo Track 1.0 Flex 12V 5p,81509.0,2,fuzzy,-0.018635978848961465
57494002,https://www.icarros.com.br/comprar/campinas-sp/volkswagen/polo/2026/d57494002,Volkswagen,Polo,1.0 Track manual,Volkswagen Polo Polo 1.0 Track manual,2026,82890.0,55067.0,SP,Campinas,Branco,manual,LC,False,False,21846,21846,https://img1.icarros.com/dbimg/imgadicionalanuncio/1/478619545_1.jpg,polo,volkswagen,2026-05-12T23:09:47.090295,005540-9,Polo Track 1.0 Flex 12V 5p,81509.0,2,fuzzy,0.01694291427940473
57494674,https://www.icarros.com.br/comprar/campinas-sp/volkswagen/polo/2026/d57494674,Volkswagen,Polo,1.0 Track manual,Volkswagen Polo Polo 1.0 Track manual,2026,83490.0,49078.0,SP,Campinas,Branco,manual,LC,False,False,21846,21846,https://img1.icarros.com/dbimg/imgadicionalanuncio/1/478626230_1.jpg,polo,volkswagen,2026-05-12T23:09:47.090498,005540-9,Polo Track 1.0 Flex 12V 5p,81509.0,2,fuzzy,0.02430406458182532
57494625,https://www.icarros.com.br/comprar/campinas-sp/volkswagen/polo/2026/d57494625,Volkswagen,Polo,1.0 Track manual,Volkswagen Polo Polo 1.0 Track manual,2026,85290.0,28025.0,SP,Campinas,Branco,manual,LC,False,False,21846,21846,https://img0.icarros.com/dbimg/imgadicionalanuncio/1/478625736_1.jpg,polo,volkswagen,2026-05-12T23:09:47.090702,005540-9,Polo Track 1.0 Flex 12V 5p,81509.0,2,fuzzy,0.046387515489087094
57480608,https://www.icarros.com.br/comprar/campinas-sp/volkswagen/polo/2026/d57480608,Volkswagen,Polo,1.0 Track manual,Volkswagen Polo Polo 1.0 Track manual,2026,85790.0,27946.0,SP,Campinas,Prata,manual,LC,False,False,21846,21846,https://img2.icarros.com/dbimg/imgadicionalanuncio/1/478487233_1.jpg,polo,volkswagen,2026-05-12T23:09:47.090903,005540-9,Polo Track 1.0 Flex 12V 5p,81509.0,2,fuzzy,0.05252180740777092
57482540,https://www.icarros.com.br/comprar/guarulhos-sp/volkswagen/polo/2024/d57482540,Volkswagen,Polo,1.0 manual,Volkswagen Polo Polo 1.0 manual,2024,74890.0,50276.0,SP,Guarulhos,Branco,manual,LC,False,False,900477,900477,https://img2.icarros.com/dbimg/imgadicionalanuncio/1/478506518_1.jpg,polo,volkswagen,2026-05-12T23:09:47.166448,,p25_filtrada (n=4),74215.0,1,fallback_p25,0.009095196388870174
56524639,https://www.icarros.com.br/comprar/maua-sp/volkswagen/polo/2024/d56524639,Volkswagen,Polo,1.0 170 TSI Highline (Aut) automático,Volkswagen Polo Polo 1.0 170 TSI Highline (Aut) automático,2024,95900.0,39980.0,SP,Mauá,Cinza,automático,PJ,False,False,2410843,2410843,https://img1.icarros.com/dbimg/imgadicionalanuncio/1/468325986_1.jpg,polo,volkswagen,2026-05-12T23:09:47.167465,005536-0,Polo Highline TSI 1.0 Flex 12V Aut.,97330.0,4,exato,-0.014692283982328162
56627709,https://www.icarros.com.br/comprar/mogi-das-cruzes-sp/volkswagen/polo/2024/d56627709,Volkswagen,Polo,1.0 170 TSI Highline (Aut) automático,Volkswagen Polo Polo 1.0 170 TSI Highline (Aut) automático,2024,97990.0,67876.0,SP,Mogi das Cruzes,Prata,automático,PJ,False,False,2641308,2641308,https://img0.icarros.com/dbimg/imgadicionalanuncio/1/471100278_1.jpg,polo,volkswagen,2026-05-12T23:09:47.167663,005536-0,Polo Highline TSI 1.0 Flex 12V Aut.,97330.0,4,exato,0.006781054145689921
57517554,https://www.icarros.com.br/comprar/osasco-sp/volkswagen/polo/2026/d57517554,Volkswagen,Polo,1.0 Track manual,Volkswagen Polo Polo 1.0 Track manual,2026,82390.0,56346.0,SP,Osasco,Branco,manual,LC,False,False,1132459,1132459,https://img0.icarros.com/dbimg/imgadicionalanuncio/1/478865254_1.jpg,polo,volkswagen,2026-05-12T23:09:47.167865,005540-9,Polo Track 1.0 Flex 12V 5p,81509.0,2,fuzzy,0.010808622360720901
57490828,https://www.icarros.com.br/comprar/osasco-sp/volkswagen/polo/2026/d57490828,Volkswagen,Polo,1.0 Track manual,Volkswagen Polo Polo 1.0 Track manual,2026,83390.0,47708.0,SP,Osasco,Preto,manual,LC,False,False,1132459,1132459,https://img1.icarros.com/dbimg/imgadicionalanuncio/1/478588295_1.jpg,polo,volkswagen,2026-05-12T23:09:47.168069,005540-9,Polo Track 1.0 Flex 12V 5p,81509.0,2,fuzzy,0.023077206198088555
57488003,https://www.icarros.com.br/comprar/osasco-sp/volkswagen/polo/2026/d57488003,Volkswagen,Polo,1.0 Track manual,Volkswagen Polo Polo 1.0 Track manual,2026,83590.0,44246.0,SP,Osasco,Branco,manual,LC,False,False,1132459,1132459,https://img2.icarros.com/dbimg/imgadicionalanuncio/1/478560489_1.jpg,polo,volkswagen,2026-05-12T23:09:47.168271,005540-9,Polo Track 1.0 Flex 12V 5p,81509.0,2,fuzzy,0.025530922965562086
57490839,https://www.icarros.com.br/comprar/osasco-sp/volkswagen/polo/2026/d57490839,Volkswagen,Polo,1.0 Track manual,Volkswagen Polo Polo 1.0 Track manual,2026,84190.0,36240.0,SP,Osasco,Branco,manual,LC,False,False,1132459,1132459,https://img0.icarros.com/dbimg/imgadicionalanuncio/1/478588397_1.jpg,polo,volkswagen,2026-05-12T23:09:47.168475,005540-9,Polo Track 1.0 Flex 12V 5p,81509.0,2,fuzzy,0.03289207326798268
57484567,https://www.icarros.com.br/comprar/osasco-sp/volkswagen/polo/2024/d57484567,Volkswagen,Polo,1.0 170 TSI Highline (Aut) automático,Volkswagen Polo Polo 1.0 170 TSI Highline (Aut) automático,2024,108890.0,24247.0,SP,Osasco,Cinza,automático,LC,False,False,1132459,1132459,https://img1.icarros.com/dbimg/imgadicionalanuncio/1/478526543_1.jpg,polo,volkswagen,2026-05-12T23:09:47.168679,005536-0,Polo Highline TSI 1.0 Flex 12V Aut.,97330.0,4,exato,0.11877119079420528
56564177,https://www.icarros.com.br/comprar/piracicaba-sp/volkswagen/polo/2014/d56564177,Volkswagen,Polo,Hatch. Sportline 1.6 8V I-Motion (Flex) (Aut) manual,Volkswagen Polo Polo Hatch. Sportline 1.6 8V I-Motion (Flex) (Aut) manual,2014,44800.0,155000.0,SP,Piracicaba,Prata,manual,PJ,False,False,34639,34639,https://img2.icarros.com/dbimg/imgadicionalanuncio/1/468766691_1.jpg,polo,volkswagen,2026-05-12T23:09:47.168877,005295-7,Polo SPORTLINE I MOTION 1.6 T.Flex 5p,47397.0,3,exato,-0.054792497415448234
57103416,https://www.icarros.com.br/comprar/santo-andre-sp/volkswagen/polo/2010/d57103416,Volkswagen,Polo,Hatch. 1.6 8V (Flex) manual,Volkswagen Polo Polo Hatch. 1.6 8V (Flex) manual,2010,41990.0,117442.0,SP,Santo André,Preto,manual,PJ,False,False,2126821,2126821,https://img0.icarros.com/dbimg/imgadicionalanuncio/1/474670210_1.jpg,polo,volkswagen,2026-05-12T23:09:47.305874,,p25_filtrada (n=12),35314.0,1,fallback_p25,0.189046836948519
56504914,https://www.icarros.com.br/comprar/sao-jose-dos-campos-sp/volkswagen/polo/2023/d56504914,Volkswagen,Polo,1.0 170 TSI Highline (Aut) automático,Volkswagen Polo Polo 1.0 170 TSI Highline (Aut) automático,2023,99900.0,29291.0,SP,São José dos Campos,Vermelho,automático,PJ,False,False,1614453,1614453,https://img1.icarros.com/dbimg/imgadicionalanuncio/1/468109160_1.jpg,polo,volkswagen,2026-05-12T23:09:47.306094,005536-0,Polo Highline TSI 1.0 Flex 12V Aut.,93468.0,4,exato,0.0688149955064835
56900208,https://www.icarros.com.br/comprar/sao-paulo-sp/volkswagen/polo/2025/d56900208,Volkswagen,Polo,1.0 170 TSI Comfortline (Aut) automático,Volkswagen Polo Polo 1.0 170 TSI Comfortline (Aut) automático,2025,95990.0,43300.0,SP,São Paulo,Prata,automático,PJ,False,False,31712,31712,https://img0.icarros.com/dbimg/imgadicionalanuncio/1/472587085_1.jpg,polo,volkswagen,2026-05-12T23:09:47.306303,005535-2,Polo Comfortline TSI 1.0 Flex 12V Aut.,98515.0,4,exato,-0.02563061462721413
56529689,https://www.icarros.com.br/comprar/sao-paulo-sp/volkswagen/polo/2024/d56529689,Volkswagen,Polo,1.0 manual,Volkswagen Polo Polo 1.0 manual,2024,69390.0,30149.0,SP,São Paulo,Branco,manual,LC,False,False,2758876,2758876,https://img2.icarros.com/dbimg/imgadicionalanuncio/1/468380003_1.jpg,polo,volkswagen,2026-05-12T23:09:47.306916,,p25_filtrada (n=4),74215.0,1,fallback_p25,-0.06501381122414607
56529678,https://www.icarros.com.br/comprar/sao-paulo-sp/volkswagen/polo/2024/d56529678,Volkswagen,Polo,1.0 manual,Volkswagen Polo Polo 1.0 manual,2024,78490.0,48165.0,SP,São Paulo,Branco,manual,LC,False,False,2758876,2758876,https://img0.icarros.com/dbimg/imgadicionalanuncio/1/468379886_1.jpg,polo,volkswagen,2026-05-12T23:09:47.307124,,p25_filtrada (n=4),74215.0,1,fallback_p25,0.05760291046284444
57495124,https://www.icarros.com.br/comprar/sao-paulo-sp/volkswagen/polo/2026/d57495124,Volkswagen,Polo,1.0 Track manual,Volkswagen Polo Polo 1.0 Track manual,2026,83890.0,40980.0,SP,São Paulo,Prata,manual,LC,False,False,2758876,2758876,https://img1.icarros.com/dbimg/imgadicionalanuncio/1/478630648_1.jpg,polo,volkswagen,2026-05-12T23:09:47.307329,005540-9,Polo Track 1.0 Flex 12V 5p,81509.0,2,fuzzy,0.029211498116772382
56610307,https://www.icarros.com.br/comprar/sao-paulo-sp/volkswagen/polo/2024/d56610307,Volkswagen,Polo,1.0 manual,Volkswagen Polo Polo 1.0 manual,2024,71390.0,62965.0,SP,São Paulo,Branco,manual,LC,False,False,971521,971521,https://img1.icarros.com/dbimg/imgadicionalanuncio/1/469288739_1.jpg,polo,volkswagen,2026-05-12T23:09:47.307533,,p25_filtrada (n=4),74215.0,1,fallback_p25,-0.03806508118304925
57507991,https://www.icarros.com.br/comprar/sao-paulo-sp/volkswagen/polo/2025/d57507991,Volkswagen,Polo,1.0 170 TSI Highline (Aut) automático,Volkswagen Polo Polo 1.0 170 TSI Highline (Aut) automático,2025,111990.0,33231.0,SP,São Paulo,Cinza,automático,LC,False,False,971521,971521,https://img1.icarros.com/dbimg/imgadicionalanuncio/1/478765657_1.jpg,polo,volkswagen,2026-05-12T23:09:47.307736,005536-0,Polo Highline TSI 1.0 Flex 12V Aut.,106281.0,4,exato,0.05371609224602704
56900522,https://www.icarros.com.br/comprar/ribeirao-preto-sp/volkswagen/polo/2025/d56900522,Volkswagen,Polo,1.0 170 TSI Highline (Aut) automático,Volkswagen Polo Polo 1.0 170 TSI Highline (Aut) automático,2025,104999.0,50000.0,SP,Ribeirão Preto,Cinza,automático,PJ,False,False,50026,50026,https://img2.icarros.com/dbimg/imgadicionalanuncio/1/472839746_1.jpg,polo,volkswagen,2026-05-12T23:09:47.308140,005536-0,Polo Highline TSI 1.0 Flex 12V Aut.,106281.0,4,exato,-0.012062362981153735
55572587,https://www.icarros.com.br/comprar/jundiai-sp/volkswagen/polo/2019/d55572587,Volkswagen,Polo,200 TSI Comfortline (Aut) (Flex) automático,Volkswagen Polo Polo 200 TSI Comfortline (Aut) (Flex) automático,2019,78900.0,101000.0,SP,Jundiaí,Preto,automático,PJ,False,False,138967,138967,https://img2.icarros.com/dbimg/imgadicionalanuncio/1/458442197_1.jpg,polo,volkswagen,2026-05-12T23:09:47.308338,005477-1,Polo Comfort. 200 TSI 1.0 Flex 12V Aut.,71889.0,2,fuzzy,0.09752535158369152
57038964,https://www.icarros.com.br/comprar/jundiai-sp/volkswagen/polo/2020/d57038964,Volkswagen,Polo,200 TSI Highline (Aut) (Flex) automático,Volkswagen Polo Polo 200 TSI Highline (Aut) (Flex) automático,2020,88900.0,96000.0,SP,Jundiaí,Cinza,automático,PJ,False,False,138967,138967,https://img0.icarros.com/dbimg/imgadicionalanuncio/1/474017494_1.jpg,polo,volkswagen,2026-05-12T23:09:47.308539,005476-3,Polo Highline 200 TSI 1.0 Flex 12V Aut.,81643.0,3,exato,0.0888869835748319
56896434,https://www.icarros.com.br/comprar/presidente-prudente-sp/volkswagen/polo/2024/d56896434,Volkswagen,Polo,1.0 manual,Volkswagen Polo Polo 1.0 manual,2024,73990.0,43623.0,SP,Presidente Prudente,Cinza,manual,PJ,False,False,138370,138370,https://img0.icarros.com/dbimg/imgadicionalanuncio/1/472542612_1.jpg,polo,volkswagen,2026-05-12T23:09:47.308733,,p25_filtrada (n=4),74215.0,1,fallback_p25,-0.0030317321296233915
57490973,https://www.icarros.com.br/comprar/franca-sp/volkswagen/polo/2026/d57490973,Volkswagen,Polo,1.0 Track manual,Volkswagen Polo Polo 1.0 Track manual,2026,82890.0,54986.0,SP,Franca,Branco,manual,LC,False,False,2728710,2728710,https://img2.icarros.com/dbimg/imgadicionalanuncio/1/478589741_1.jpg,polo,volkswagen,2026-05-12T23:09:47.309135,005540-9,Polo Track 1.0 Flex 12V 5p,81509.0,2,fuzzy,0.01694291427940473
57490898,https://www.icarros.com.br/comprar/franca-sp/volkswagen/polo/2026/d57490898,Volkswagen,Polo,1.0 Track manual,Volkswagen Polo Polo 1.0 Track manual,2026,83490.0,49642.0,SP,Franca,Preto,manual,LC,False,False,2728710,2728710,https://img2.icarros.com/dbimg/imgadicionalanuncio/1/478588989_1.jpg,polo,volkswagen,2026-05-12T23:09:47.309338,005540-9,Polo Track 1.0 Flex 12V 5p,81509.0,2,fuzzy,0.02430406458182532
57490652,https://www.icarros.com.br/comprar/franca-sp/volkswagen/polo/2026/d57490652,Volkswagen,Polo,1.0 Track manual,Volkswagen Polo Polo 1.0 Track manual,2026,83690.0,47769.0,SP,Franca,Branco,manual,LC,False,False,2728710,2728710,https://img2.icarros.com/dbimg/imgadicionalanuncio/1/478586558_1.jpg,polo,volkswagen,2026-05-12T23:09:47.309537,005540-9,Polo Track 1.0 Flex 12V 5p,81509.0,2,fuzzy,0.02675778134929885
57520395,https://www.icarros.com.br/comprar/franca-sp/volkswagen/polo/2026/d57520395,Volkswagen,Polo,1.0 Track manual,Volkswagen Polo Polo 1.0 Track manual,2026,84090.0,43060.0,SP,Franca,Preto,manual,LC,False,False,2728710,2728710,https://img0.icarros.com/dbimg/imgadicionalanuncio/1/478894605_1.jpg,polo,volkswagen,2026-05-12T23:09:47.309735,005540-9,Polo Track 1.0 Flex 12V 5p,81509.0,2,fuzzy,0.03166521488424591
57490998,https://www.icarros.com.br/comprar/franca-sp/volkswagen/polo/2026/d57490998,Volkswagen,Polo,1.0 Track manual,Volkswagen Polo Polo 1.0 Track manual,2026,84190.0,40647.0,SP,Franca,Branco,manual,LC,False,False,2728710,2728710,https://img0.icarros.com/dbimg/imgadicionalanuncio/1/478589978_1.jpg,polo,volkswagen,2026-05-12T23:09:47.382823,005540-9,Polo Track 1.0 Flex 12V 5p,81509.0,2,fuzzy,0.03289207326798268
57520447,https://www.icarros.com.br/comprar/franca-sp/volkswagen/polo/2026/d57520447,Volkswagen,Polo,1.0 Track manual,Volkswagen Polo Polo 1.0 Track manual,2026,84190.0,41164.0,SP,Franca,Preto,manual,LC,False,False,2728710,2728710,https://img1.icarros.com/dbimg/imgadicionalanuncio/1/478895242_1.jpg,polo,volkswagen,2026-05-12T23:09:47.383042,005540-9,Polo Track 1.0 Flex 12V 5p,81509.0,2,fuzzy,0.03289207326798268
57488757,https://www.icarros.com.br/comprar/franca-sp/volkswagen/polo/2024/d57488757,Volkswagen,Polo,1.0 automático,Volkswagen Polo Polo 1.0 automático,2024,98590.0,19372.0,SP,Franca,Preto,automático,LC,False,False,2728710,2728710,https://img0.icarros.com/dbimg/imgadicionalanuncio/1/478567912_1.jpg,polo,volkswagen,2026-05-12T23:09:47.383251,005535-2,Polo Comfortline TSI 1.0 Flex 12V Aut.,88940.0,2,fuzzy,0.10850011243534967
56435829,https://www.icarros.com.br/comprar/campinas-sp/volkswagen/polo/2025/d56435829,Volkswagen,Polo,1.0 170 TSI Comfortline (Aut) automático,Volkswagen Polo Polo 1.0 170 TSI Comfortline (Aut) automático,2025,101990.0,36300.0,SP,Campinas,Cinza,automático,PJ,False,False,47411,47411,https://img0.icarros.com/dbimg/imgadicionalanuncio/1/467356042_1.jpg,polo,volkswagen,2026-05-12T23:09:47.383858,005535-2,Polo Comfortline TSI 1.0 Flex 12V Aut.,98515.0,4,exato,0.03527381617012638
56900389,https://www.icarros.com.br/comprar/guarulhos-sp/volkswagen/polo/2025/d56900389,Volkswagen,Polo,1.0 manual,Volkswagen Polo Polo 1.0 manual,2025,75900.0,30000.0,SP,Guarulhos,Branco,manual,PJ,False,False,271885,271885,https://img1.icarros.com/dbimg/imgadicionalanuncio/1/472589432_1.jpg,polo,volkswagen,2026-05-12T23:09:47.384062,,p25_filtrada (n=6),76197.0,1,fallback_p25,-0.0038977912516240795
56556748,https://www.icarros.com.br/comprar/guarulhos-sp/volkswagen/polo/2024/d56556748,Volkswagen,Polo,1.0 170 TSI manual,Volkswagen Polo Polo 1.0 170 TSI manual,2024,79900.0,44000.0,SP,Guarulhos,Preto,manual,PJ,False,False,271885,271885,https://img1.icarros.com/dbimg/imgadicionalanuncio/1/468680718_1.jpg,polo,volkswagen,2026-05-12T23:09:47.384264,005534-4,Polo 1.0 TSI Flex 12V 5p,79068.0,2,fuzzy,0.010522588151970456
56290445,https://www.icarros.com.br/comprar/jundiai-sp/volkswagen/polo/2025/d56290445,Volkswagen,Polo,1.0 170 TSI Comfortline (Aut) automático,Volkswagen Polo Polo 1.0 170 TSI Comfortline (Aut) automático,2025,99990.0,16500.0,SP,Jundiaí,Preto,automático,PJ,False,False,46798,46798,https://img2.icarros.com/dbimg/imgadicionalanuncio/1/465834182_1.jpg,polo,volkswagen,2026-05-12T23:09:47.384669,005535-2,Polo Comfortline TSI 1.0 Flex 12V Aut.,98515.0,4,exato,0.01497233923767954
57486049,https://www.icarros.com.br/comprar/limeira-sp/volkswagen/polo/2023/d57486049,Volkswagen,Polo,1.0 manual,Volkswagen Polo Polo 1.0 manual,2023,76890.0,42455.0,SP,Limeira,Prata,manual,LC,False,False,2267101,2267101,https://img1.icarros.com/dbimg/imgadicionalanuncio/1/478541219_1.jpg,polo,volkswagen,2026-05-12T23:09:47.385283,,p25_filtrada (n=5),69428.0,1,fallback_p25,0.10747825084980123
57485951,https://www.icarros.com.br/comprar/limeira-sp/volkswagen/polo/2026/d57485951,Volkswagen,Polo,1.0 Track manual,Volkswagen Polo Polo 1.0 Track manual,2026,84090.0,43243.0,SP,Limeira,Branco,manual,LC,False,False,2267101,2267101,https://img2.icarros.com/dbimg/imgadicionalanuncio/1/478540238_1.jpg,polo,volkswagen,2026-05-12T23:09:47.385486,005540-9,Polo Track 1.0 Flex 12V 5p,81509.0,2,fuzzy,0.03166521488424591
57515522,https://www.icarros.com.br/comprar/limeira-sp/volkswagen/polo/2026/d57515522,Volkswagen,Polo,1.0 Track manual,Volkswagen Polo Polo 1.0 Track manual,2026,84090.0,43266.0,SP,Limeira,Branco,manual,LC,False,False,2267101,2267101,https://img2.icarros.com/dbimg/imgadicionalanuncio/1/478843469_1.jpg,polo,volkswagen,2026-05-12T23:09:47.385687,005540-9,Polo Track 1.0 Flex 12V 5p,81509.0,2,fuzzy,0.03166521488424591
57477488,https://www.icarros.com.br/comprar/limeira-sp/volkswagen/polo/2025/d57477488,Volkswagen,Polo,1.0 170 TSI Comfortline (Aut) automático,Volkswagen Polo Polo 1.0 170 TSI Comfortline (Aut) automático,2025,100690.0,51174.0,SP,Limeira,Prata,automático,LC,False,False,2267101,2267101,https://img2.icarros.com/dbimg/imgadicionalanuncio/1/478456097_1.jpg,polo,volkswagen,2026-05-12T23:09:47.385889,005535-2,Polo Comfortline TSI 1.0 Flex 12V Aut.,98515.0,4,exato,0.022077856164035934
57477461,https://www.icarros.com.br/comprar/limeira-sp/volkswagen/polo/2025/d57477461,Volkswagen,Polo,1.0 170 TSI Comfortline (Aut) automático,Volkswagen Polo Polo 1.0 170 TSI Comfortline (Aut) automático,2025,102890.0,35750.0,SP,Limeira,Preto,automático,LC,False,False,2267101,2267101,https://img2.icarros.com/dbimg/imgadicionalanuncio/1/478455823_1.jpg,polo,volkswagen,2026-05-12T23:09:47.386092,005535-2,Polo Comfortline TSI 1.0 Flex 12V Aut.,98515.0,4,exato,0.04440948078972745
57486168,https://www.icarros.com.br/comprar/limeira-sp/volkswagen/polo/2024/d57486168,Volkswagen,Polo,1.0 170 TSI Highline (Aut) automático,Volkswagen Polo Polo 1.0 170 TSI Highline (Aut) automático,2024,113090.0,15845.0,SP,Limeira,Prata,automático,LC,False,False,2267101,2267101,https://img0.icarros.com/dbimg/imgadicionalanuncio/1/478542424_1.jpg,polo,volkswagen,2026-05-12T23:09:47.386294,005536-0,Polo Highline TSI 1.0 Flex 12V Aut.,97330.0,4,exato,0.16192335353950477
56891093,https://www.icarros.com.br/comprar/maua-sp/volkswagen/polo/2024/d56891093,Volkswagen,Polo,1.0 manual,Volkswagen Polo Polo 1.0 manual,2024,73990.0,44450.0,SP,Mauá,Branco,manual,LC,False,False,2571465,2571465,https://img2.icarros.com/dbimg/imgadicionalanuncio/1/472478807_1.jpg,polo,volkswagen,2026-05-12T23:09:47.460944,,p25_filtrada (n=4),74215.0,1,fallback_p25,-0.0030317321296233915
56347529,https://www.icarros.com.br/comprar/maua-sp/volkswagen/polo/2024/d56347529,Volkswagen,Polo,1.0 manual,Volkswagen Polo Polo 1.0 manual,2024,82990.0,45810.0,SP,Mauá,Branco,manual,LC,False,False,2571465,2571465,https://img2.icarros.com/dbimg/imgadicionalanuncio/1/466439491_1.jpg,polo,volkswagen,2026-05-12T23:09:47.461169,,p25_filtrada (n=4),74215.0,1,fallback_p25,0.11823755305531226
57491507,https://www.icarros.com.br/comprar/maua-sp/volkswagen/polo/2026/d57491507,Volkswagen,Polo,1.0 Track manual,Volkswagen Polo Polo 1.0 Track manual,2026,83190.0,48232.0,SP,Mauá,Branco,manual,LC,False,False,2571465,2571465,https://img2.icarros.com/dbimg/imgadicionalanuncio/1/478595040_1.jpg,polo,volkswagen,2026-05-12T23:09:47.461382,005540-9,Polo Track 1.0 Flex 12V 5p,81509.0,2,fuzzy,0.020623489430615025
57511749,https://www.icarros.com.br/comprar/maua-sp/volkswagen/polo/2026/d57511749,Volkswagen,Polo,1.0 Track manual,Volkswagen Polo Polo 1.0 Track manual,2026,83590.0,44403.0,SP,Mauá,Branco,manual,LC,False,False,2571465,2571465,https://img0.icarros.com/dbimg/imgadicionalanuncio/1/478804316_1.jpg,polo,volkswagen,2026-05-12T23:09:47.461591,005540-9,Polo Track 1.0 Flex 12V 5p,81509.0,2,fuzzy,0.025530922965562086
57494481,https://www.icarros.com.br/comprar/maua-sp/volkswagen/polo/2026/d57494481,Volkswagen,Polo,1.0 Track manual,Volkswagen Polo Polo 1.0 Track manual,2026,83890.0,41388.0,SP,Mauá,Cinza,manual,LC,False,False,2571465,2571465,https://img0.icarros.com/dbimg/imgadicionalanuncio/1/478624299_1.jpg,polo,volkswagen,2026-05-12T23:09:47.461803,005540-9,Polo Track 1.0 Flex 12V 5p,81509.0,2,fuzzy,0.029211498116772382
57494536,https://www.icarros.com.br/comprar/maua-sp/volkswagen/polo/2026/d57494536,Volkswagen,Polo,1.0 Track manual,Volkswagen Polo Polo 1.0 Track manual,2026,84790.0,30103.0,SP,Mauá,Preto,manual,LC,False,False,2571465,2571465,https://img1.icarros.com/dbimg/imgadicionalanuncio/1/478624826_1.jpg,polo,volkswagen,2026-05-12T23:09:47.462015,005540-9,Polo Track 1.0 Flex 12V 5p,81509.0,2,fuzzy,0.04025322357040327
57380582,https://www.icarros.com.br/comprar/maua-sp/volkswagen/polo/2025/d57380582,Volkswagen,Polo,1.0 170 TSI Comfortline (Aut) automático,Volkswagen Polo Polo 1.0 170 TSI Comfortline (Aut) automático,2025,99990.0,39650.0,SP,Mauá,Branco,automático,LC,False,False,2571465,2571465,https://img2.icarros.com/dbimg/imgadicionalanuncio/1/477477133_1.jpg,polo,volkswagen,2026-05-12T23:09:47.462225,005535-2,Polo Comfortline TSI 1.0 Flex 12V Aut.,98515.0,4,exato,0.01497233923767954
57380522,https://www.icarros.com.br/comprar/maua-sp/volkswagen/polo/2025/d57380522,Volkswagen,Polo,1.0 170 TSI Comfortline (Aut) automático,Volkswagen Polo Polo 1.0 170 TSI Comfortline (Aut) automático,2025,101290.0,43850.0,SP,Mauá,Branco,automático,LC,False,False,2571465,2571465,https://img2.icarros.com/dbimg/imgadicionalanuncio/1/477476545_1.jpg,polo,volkswagen,2026-05-12T23:09:47.462435,005535-2,Polo Comfortline TSI 1.0 Flex 12V Aut.,98515.0,4,exato,0.028168299243769984
57484655,https://www.icarros.com.br/comprar/sao-paulo-sp/volkswagen/polo/2023/d57484655,Volkswagen,Polo,1.0 manual,Volkswagen Polo Polo 1.0 manual,2023,74890.0,64062.0,SP,São Paulo,Prata,manual,LC,False,False,2571463,2571463,https://img2.icarros.com/dbimg/imgadicionalanuncio/1/478527407_1.jpg,polo,volkswagen,2026-05-12T23:09:47.462645,,p25_filtrada (n=5),69428.0,1,fallback_p25,0.07867142939448062
57521799,https://www.icarros.com.br/comprar/sao-paulo-sp/volkswagen/polo/2026/d57521799,Volkswagen,Polo,1.0 Track manual,Volkswagen Polo Polo 1.0 Track manual,2026,84190.0,37963.0,SP,São Paulo,Preto,manual,LC,False,False,2571463,2571463,https://img0.icarros.com/dbimg/imgadicionalanuncio/1/478909472_1.jpg,polo,volkswagen,2026-05-12T23:09:47.462852,005540-9,Polo Track 1.0 Flex 12V 5p,81509.0,2,fuzzy,0.03289207326798268
57484975,https://www.icarros.com.br/comprar/sao-paulo-sp/volkswagen/polo/2026/d57484975,Volkswagen,Polo,1.0 Track manual,Volkswagen Polo Polo 1.0 Track manual,2026,84590.0,33995.0,SP,São Paulo,Branco,manual,LC,False,False,2571463,2571463,https://img1.icarros.com/dbimg/imgadicionalanuncio/1/478530578_1.jpg,polo,volkswagen,2026-05-12T23:09:47.463056,005540-9,Polo Track 1.0 Flex 12V 5p,81509.0,2,fuzzy,0.03779950680292974
57518305,https://www.icarros.com.br/comprar/sao-paulo-sp/volkswagen/polo/2025/d57518305,Volkswagen,Polo,1.0 170 TSI Comfortline (Aut) automático,Volkswagen Polo Polo 1.0 170 TSI Comfortline (Aut) automático,2025,98690.0,59902.0,SP,São Paulo,Preto,automático,LC,False,False,2571463,2571463,https://img1.icarros.com/dbimg/imgadicionalanuncio/1/478872721_1.jpg,polo,volkswagen,2026-05-12T23:09:47.463264,005535-2,Polo Comfortline TSI 1.0 Flex 12V Aut.,98515.0,4,exato,0.0017763792315890982
57022021,https://www.icarros.com.br/comprar/sao-paulo-sp/volkswagen/polo/2024/d57022021,Volkswagen,Polo,1.0 170 TSI Highline (Aut) automático,Volkswagen Polo Polo 1.0 170 TSI Highline (Aut) automático,2024,99190.0,42917.0,SP,São Paulo,Cinza,automático,LC,False,False,2571463,2571463,https://img1.icarros.com/dbimg/imgadicionalanuncio/1/473848896_1.jpg,polo,volkswagen,2026-05-12T23:09:47.463467,005536-0,Polo Highline TSI 1.0 Flex 12V Aut.,97330.0,4,exato,0.019110243501489776
57512192,https://www.icarros.com.br/comprar/sao-paulo-sp/volkswagen/polo/2024/d57512192,Volkswagen,Polo,1.0 manual,Volkswagen Polo Polo 1.0 manual,2024,75890.0,37550.0,SP,São Paulo,Branco,manual,LC,False,False,1195542,1195542,https://img2.icarros.com/dbimg/imgadicionalanuncio/1/478808821_1.jpg,polo,volkswagen,2026-05-12T23:09:47.615016,,p25_filtrada (n=4),74215.0,1,fallback_p25,0.02256956140941858
56789904,https://www.icarros.com.br/comprar/sao-paulo-sp/volkswagen/polo/2024/d56789904,Volkswagen,Polo,1.0 170 TSI manual,Volkswagen Polo Polo 1.0 170 TSI manual,2024,76890.0,51294.0,SP,São Paulo,Prata,manual,LC,False,False,1195542,1195542,https://img0.icarros.com/dbimg/imgadicionalanuncio/1/471314505_1.jpg,polo,volkswagen,2026-05-12T23:09:47.615221,005534-4,Polo 1.0 TSI Flex 12V 5p,79068.0,2,fuzzy,-0.027545909849749584
57493108,https://www.icarros.com.br/comprar/sao-paulo-sp/volkswagen/polo/2026/d57493108,Volkswagen,Polo,1.0 Track manual,Volkswagen Polo Polo 1.0 Track manual,2026,84090.0,38982.0,SP,São Paulo,Branco,manual,LC,False,False,1195542,1195542,https://img1.icarros.com/dbimg/imgadicionalanuncio/1/478610708_1.jpg,polo,volkswagen,2026-05-12T23:09:47.615425,005540-9,Polo Track 1.0 Flex 12V 5p,81509.0,2,fuzzy,0.03166521488424591
57486644,https://www.icarros.com.br/comprar/sao-paulo-sp/volkswagen/polo/2025/d57486644,Volkswagen,Polo,1.0 170 TSI Comfortline (Aut) automático,Volkswagen Polo Polo 1.0 170 TSI Comfortline (Aut) automático,2025,100490.0,42220.0,SP,São Paulo,Preto,automático,LC,False,False,1195542,1195542,https://img2.icarros.com/dbimg/imgadicionalanuncio/1/478547094_1.jpg,polo,volkswagen,2026-05-12T23:09:47.615629,005535-2,Polo Comfortline TSI 1.0 Flex 12V Aut.,98515.0,4,exato,0.02004770847079125
56587255,https://www.icarros.com.br/comprar/santos-sp/volkswagen/polo/2018/d56587255,Volkswagen,Polo,200 TSI Highline (Aut) (Flex) automático,Volkswagen Polo Polo 200 TSI Highline (Aut) (Flex) automático,2018,85900.0,72000.0,SP,Santos,Cinza,automático,PJ,False,False,2117112,2117112,https://img1.icarros.com/dbimg/imgadicionalanuncio/1/469036024_1.jpg,polo,volkswagen,2026-05-12T23:09:47.615826,005476-3,Polo Highline 200 TSI 1.0 Flex 12V Aut.,76489.0,3,exato,0.12303729948097113
56562237,https://www.icarros.com.br/comprar/osasco-sp/volkswagen/polo/2019/d56562237,Volkswagen,Polo,200 TSI Highline (Aut) (Flex) automático,Volkswagen Polo Polo 200 TSI Highline (Aut) (Flex) automático,2019,77900.0,134545.0,SP,Osasco,Azul,automático,PJ,False,False,32608,32608,https://img0.icarros.com/dbimg/imgadicionalanuncio/1/468742402_1.jpg,polo,volkswagen,2026-05-12T23:09:47.616034,005476-3,Polo Highline 200 TSI 1.0 Flex 12V Aut.,79651.0,3,exato,-0.02198340259381552
57525726,https://www.icarros.com.br/comprar/itu-sp/volkswagen/polo/2026/d57525726,Volkswagen,Polo,1.0 Track manual,Volkswagen Polo Polo 1.0 Track manual,2026,83490.0,48612.0,SP,Itu,Branco,manual,LC,False,False,2812732,2812732,https://img0.icarros.com/dbimg/imgadicionalanuncio/1/478948659_1.jpg,polo,volkswagen,2026-05-12T23:09:47.616234,005540-9,Polo Track 1.0 Flex 12V 5p,81509.0,2,fuzzy,0.02430406458182532
57521010,https://www.icarros.com.br/comprar/itu-sp/volkswagen/polo/2026/d57521010,Volkswagen,Polo,1.0 Track manual,Volkswagen Polo Polo 1.0 Track manual,2026,83790.0,43550.0,SP,Itu,Branco,manual,LC,False,False,2812732,2812732,https://img0.icarros.com/dbimg/imgadicionalanuncio/1/478901449_1.jpg,polo,volkswagen,2026-05-12T23:09:47.616432,005540-9,Polo Track 1.0 Flex 12V 5p,81509.0,2,fuzzy,0.027984639733035617
57488941,https://www.icarros.com.br/comprar/itu-sp/volkswagen/polo/2026/d57488941,Volkswagen,Polo,1.0 Track manual,Volkswagen Polo Polo 1.0 Track manual,2026,84190.0,37740.0,SP,Itu,Branco,manual,LC,False,False,2812732,2812732,https://img1.icarros.com/dbimg/imgadicionalanuncio/1/478569704_1.jpg,polo,volkswagen,2026-05-12T23:09:47.616628,005540-9,Polo Track 1.0 Flex 12V 5p,81509.0,2,fuzzy,0.03289207326798268
57488909,https://www.icarros.com.br/comprar/itu-sp/volkswagen/polo/2026/d57488909,Volkswagen,Polo,1.0 Track manual,Volkswagen Polo Polo 1.0 Track manual,2026,84790.0,31950.0,SP,Itu,Cinza,manual,LC,False,False,2812732,2812732,https://img2.icarros.com/dbimg/imgadicionalanuncio/1/478569376_1.jpg,polo,volkswagen,2026-05-12T23:09:47.616824,005540-9,Polo Track 1.0 Flex 12V 5p,81509.0,2,fuzzy,0.04025322357040327
56378167,https://www.icarros.com.br/comprar/itu-sp/volkswagen/polo/2024/d56378167,Volkswagen,Polo,1.0 170 TSI Highline (Aut) automático,Volkswagen Polo Polo 1.0 170 TSI Highline (Aut) automático,2024,95290.0,52720.0,SP,Itu,Branco,automático,LC,False,False,2812732,2812732,https://img1.icarros.com/dbimg/imgadicionalanuncio/1/466764908_1.jpg,polo,volkswagen,2026-05-12T23:09:47.617019,005536-0,Polo Highline TSI 1.0 Flex 12V Aut.,97330.0,4,exato,-0.020959621904859754
57507948,https://www.icarros.com.br/comprar/limeira-sp/volkswagen/t-cross/2025/d57507948,Volkswagen,T-Cross,1.0 200 TSI Comfortline (Aut) automático,Volkswagen T-Cross T-Cross 1.0 200 TSI Comfortline (Aut) automático,2025,124690.0,46882.0,SP,Limeira,Branco,automático,LC,False,False,2267101,2267101,https://img0.icarros.com/dbimg/imgadicionalanuncio/1/478765173_1.jpg,t-cross,volkswagen,2026-05-12T23:09:47.692712,005510-7,T-Cross 200 TSI 1.0  Flex 12V 5p Aut.,119704.0,3,exato,0.04165274343380338
56810791,https://www.icarros.com.br/comprar/sao-jose-dos-campos-sp/volkswagen/t-cross/2024/d56810791,Volkswagen,T-Cross,1.0 200 TSI (Aut) automático,Volkswagen T-Cross T-Cross 1.0 200 TSI (Aut) automático,2024,111490.0,51774.0,SP,São José dos Campos,Cinza,automático,LC,False,False,2571957,2571957,https://img1.icarros.com/dbimg/imgadicionalanuncio/1/471569149_1.jpg,t-cross,volkswagen,2026-05-12T23:09:47.693540,005510-7,T-Cross 200 TSI 1.0  Flex 12V 5p Aut.,107734.0,3,exato,0.03486364564575714
57493633,https://www.icarros.com.br/comprar/sorocaba-sp/volkswagen/t-cross/2025/d57493633,Volkswagen,T-Cross,1.0 200 TSI (Aut) automático,Volkswagen T-Cross T-Cross 1.0 200 TSI (Aut) automático,2025,121990.0,49734.0,SP,Sorocaba,Branco,automático,LC,False,False,21859,21859,https://img1.icarros.com/dbimg/imgadicionalanuncio/1/478615911_1.jpg,t-cross,volkswagen,2026-05-12T23:09:47.694149,005510-7,T-Cross 200 TSI 1.0  Flex 12V 5p Aut.,119704.0,3,exato,0.019097106195281696
56457362,https://www.icarros.com.br/comprar/sao-paulo-sp/volkswagen/t-cross/2024/d56457362,Volkswagen,T-Cross,1.0 200 TSI Comfortline (Aut) automático,Volkswagen T-Cross T-Cross 1.0 200 TSI Comfortline (Aut) automático,2024,117990.0,49893.0,SP,São Paulo,Branco,automático,LC,False,False,1667290,1667290,https://img2.icarros.com/dbimg/imgadicionalanuncio/1/467577447_1.jpg,t-cross,volkswagen,2026-05-12T23:09:47.695365,005510-7,T-Cross 200 TSI 1.0  Flex 12V 5p Aut.,107734.0,3,exato,0.09519743070896838
56388075,https://www.icarros.com.br/comprar/atibaia-sp/volkswagen/t-cross/2024/d56388075,Volkswagen,T-Cross,1.0 200 TSI Comfortline (Aut) automático,Volkswagen T-Cross T-Cross 1.0 200 TSI Comfortline (Aut) automático,2024,124490.0,47149.0,SP,Atibaia,Prata,automático,LC,False,False,2797893,2797893,https://img0.icarros.com/dbimg/imgadicionalanuncio/1/466868182_1.jpg,t-cross,volkswagen,2026-05-12T23:09:47.695567,005510-7,T-Cross 200 TSI 1.0  Flex 12V 5p Aut.,107734.0,3,exato,0.15553121577217963
56765596,https://www.icarros.com.br/comprar/sorocaba-sp/volkswagen/t-cross/2025/d56765596,Volkswagen,T-Cross,1.0 200 TSI Comfortline (Aut) automático,Volkswagen T-Cross T-Cross 1.0 200 TSI Comfortline (Aut) automático,2025,134990.0,17631.0,SP,Sorocaba,Branco,automático,PJ,False,False,1022558,1022558,https://img1.icarros.com/dbimg/imgadicionalanuncio/1/471258444_1.jpg,t-cross,volkswagen,2026-05-12T23:09:47.770766,005510-7,T-Cross 200 TSI 1.0  Flex 12V 5p Aut.,119704.0,3,exato,0.12769832252890465
57183220,https://www.icarros.com.br/comprar/americana-sp/volkswagen/t-cross/2024/d57183220,Volkswagen,T-Cross,1.4 250 TSI Highline (Aut) automático,Volkswagen T-Cross T-Cross 1.4 250 TSI Highline (Aut) automático,2024,130900.0,25000.0,SP,Americana,Prata,automático,PJ,False,False,1022583,1022583,https://img1.icarros.com/dbimg/imgadicionalanuncio/1/475485318_1.jpg,t-cross,volkswagen,2026-05-12T23:09:47.770970,005508-5,T-Cross Hig. 250 TSI 1.4 Flex 16V 5p Aut,131448.0,4,exato,-0.0041689489379830805
56767620,https://www.icarros.com.br/comprar/sao-paulo-sp/volkswagen/t-cross/2023/d56767620,Volkswagen,T-Cross,1.0 200 TSI Comfortline (Aut) automático,Volkswagen T-Cross T-Cross 1.0 200 TSI Comfortline (Aut) automático,2023,111690.0,36788.0,SP,São Paulo,Azul,automático,LC,False,False,2758878,2758878,https://img0.icarros.com/dbimg/imgadicionalanuncio/1/471052930_1.jpg,t-cross,volkswagen,2026-05-12T23:09:47.771176,005510-7,T-Cross 200 TSI 1.0  Flex 12V 5p Aut.,100068.0,3,exato,0.11614102410360955
56767765,https://www.icarros.com.br/comprar/sao-paulo-sp/volkswagen/t-cross/2024/d56767765,Volkswagen,T-Cross,1.0 200 TSI (Aut) automático,Volkswagen T-Cross T-Cross 1.0 200 TSI (Aut) automático,2024,114990.0,40424.0,SP,São Paulo,Branco,automático,LC,False,False,2758878,2758878,https://img1.icarros.com/dbimg/imgadicionalanuncio/1/471054371_1.jpg,t-cross,volkswagen,2026-05-12T23:09:47.771382,005510-7,T-Cross 200 TSI 1.0  Flex 12V 5p Aut.,107734.0,3,exato,0.06735106837210166
56767744,https://www.icarros.com.br/comprar/sao-paulo-sp/volkswagen/t-cross/2024/d56767744,Volkswagen,T-Cross,1.0 200 TSI Comfortline (Aut) automático,Volkswagen T-Cross T-Cross 1.0 200 TSI Comfortline (Aut) automático,2024,117790.0,51236.0,SP,São Paulo,Cinza,automático,LC,False,False,2758878,2758878,https://img1.icarros.com/dbimg/imgadicionalanuncio/1/471054161_1.jpg,t-cross,volkswagen,2026-05-12T23:09:47.771586,005510-7,T-Cross 200 TSI 1.0  Flex 12V 5p Aut.,107734.0,3,exato,0.09334100655317727
56767751,https://www.icarros.com.br/comprar/sao-paulo-sp/volkswagen/t-cross/2024/d56767751,Volkswagen,T-Cross,1.0 200 TSI Comfortline (Aut) automático,Volkswagen T-Cross T-Cross 1.0 200 TSI Comfortline (Aut) automático,2024,118990.0,50685.0,SP,São Paulo,Prata,automático,LC,False,False,2758878,2758878,https://img2.icarros.com/dbimg/imgadicionalanuncio/1/471054231_1.jpg,t-cross,volkswagen,2026-05-12T23:09:47.771794,005510-7,T-Cross 200 TSI 1.0  Flex 12V 5p Aut.,107734.0,3,exato,0.10447955148792396
56767702,https://www.icarros.com.br/comprar/sao-paulo-sp/volkswagen/t-cross/2024/d56767702,Volkswagen,T-Cross,1.0 200 TSI Comfortline (Aut) automático,Volkswagen T-Cross T-Cross 1.0 200 TSI Comfortline (Aut) automático,2024,118990.0,45577.0,SP,São Paulo,Prata,automático,LC,False,False,2758878,2758878,https://img1.icarros.com/dbimg/imgadicionalanuncio/1/471053736_1.jpg,t-cross,volkswagen,2026-05-12T23:09:47.772000,005510-7,T-Cross 200 TSI 1.0  Flex 12V 5p Aut.,107734.0,3,exato,0.10447955148792396
56767753,https://www.icarros.com.br/comprar/sao-paulo-sp/volkswagen/t-cross/2024/d56767753,Volkswagen,T-Cross,1.0 200 TSI Comfortline (Aut) automático,Volkswagen T-Cross T-Cross 1.0 200 TSI Comfortline (Aut) automático,2024,121290.0,48025.0,SP,São Paulo,Prata,automático,LC,False,False,2758878,2758878,https://img1.icarros.com/dbimg/imgadicionalanuncio/1/471054251_1.jpg,t-cross,volkswagen,2026-05-12T23:09:47.772207,005510-7,T-Cross 200 TSI 1.0  Flex 12V 5p Aut.,107734.0,3,exato,0.1258284292795218
57530543,https://www.icarros.com.br/comprar/sao-paulo-sp/volkswagen/t-cross/2025/d57530543,Volkswagen,T-Cross,1.0 200 TSI (Aut) automático,Volkswagen T-Cross T-Cross 1.0 200 TSI (Aut) automático,2025,121490.0,46034.0,SP,São Paulo,Branco,automático,LC,False,False,2758878,2758878,https://img2.icarros.com/dbimg/imgadicionalanuncio/1/478996858_1.jpg,t-cross,volkswagen,2026-05-12T23:09:47.772412,005510-7,T-Cross 200 TSI 1.0  Flex 12V 5p Aut.,119704.0,3,exato,0.014920136336296198
57494831,https://www.icarros.com.br/comprar/sao-paulo-sp/volkswagen/t-cross/2025/d57494831,Volkswagen,T-Cross,1.0 200 TSI (Aut) automático,Volkswagen T-Cross T-Cross 1.0 200 TSI (Aut) automático,2025,121990.0,46195.0,SP,São Paulo,Branco,automático,LC,False,False,2758878,2758878,https://img2.icarros.com/dbimg/imgadicionalanuncio/1/478627747_1.jpg,t-cross,volkswagen,2026-05-12T23:09:47.772617,005510-7,T-Cross 200 TSI 1.0  Flex 12V 5p Aut.,119704.0,3,exato,0.019097106195281696
57518644,https://www.icarros.com.br/comprar/sao-paulo-sp/volkswagen/t-cross/2025/d57518644,Volkswagen,T-Cross,1.0 200 TSI (Aut) automático,Volkswagen T-Cross T-Cross 1.0 200 TSI (Aut) automático,2025,121990.0,40782.0,SP,São Paulo,Prata,automático,LC,False,False,2758878,2758878,https://img1.icarros.com/dbimg/imgadicionalanuncio/1/478876202_1.jpg,t-cross,volkswagen,2026-05-12T23:09:47.772822,005510-7,T-Cross 200 TSI 1.0  Flex 12V 5p Aut.,119704.0,3,exato,0.019097106195281696
57489335,https://www.icarros.com.br/comprar/sao-paulo-sp/volkswagen/t-cross/2023/d57489335,Volkswagen,T-Cross,1.4 250 TSI Highline (Aut) automático,Volkswagen T-Cross T-Cross 1.4 250 TSI Highline (Aut) automático,2023,126190.0,53380.0,SP,São Paulo,Preto,automático,LC,False,False,2758878,2758878,https://img2.icarros.com/dbimg/imgadicionalanuncio/1/478573552_1.jpg,t-cross,volkswagen,2026-05-12T23:09:47.773024,005508-5,T-Cross Hig. 250 TSI 1.4 Flex 16V 5p Aut,124531.0,4,exato,0.013321984084284234
57494898,https://www.icarros.com.br/comprar/sao-paulo-sp/volkswagen/t-cross/2025/d57494898,Volkswagen,T-Cross,1.0 200 TSI Comfortline (Aut) automático,Volkswagen T-Cross T-Cross 1.0 200 TSI Comfortline (Aut) automático,2025,133490.0,51787.0,SP,São Paulo,Preto,automático,LC,False,False,2758878,2758878,https://img0.icarros.com/dbimg/imgadicionalanuncio/1/478628417_1.jpg,t-cross,volkswagen,2026-05-12T23:09:47.773227,005510-7,T-Cross 200 TSI 1.0  Flex 12V 5p Aut.,119704.0,3,exato,0.11516741295194814
57495045,https://www.icarros.com.br/comprar/sao-paulo-sp/volkswagen/t-cross/2025/d57495045,Volkswagen,T-Cross,1.4 250 TSI Highline (Aut) automático,Volkswagen T-Cross T-Cross 1.4 250 TSI Highline (Aut) automático,2025,139990.0,42144.0,SP,São Paulo,Branco,automático,LC,False,False,2758878,2758878,https://img0.icarros.com/dbimg/imgadicionalanuncio/1/478629888_1.jpg,t-cross,volkswagen,2026-05-12T23:09:47.773431,005508-5,T-Cross Hig. 250 TSI 1.4 Flex 16V 5p Aut,143595.0,4,exato,-0.025105330965562868
57494807,https://www.icarros.com.br/comprar/sao-paulo-sp/volkswagen/t-cross/2025/d57494807,Volkswagen,T-Cross,1.4 250 TSI Highline (Aut) automático,Volkswagen T-Cross T-Cross 1.4 250 TSI Highline (Aut) automático,2025,139990.0,42109.0,SP,São Paulo,Preto,automático,LC,False,False,2758878,2758878,https://img2.icarros.com/dbimg/imgadicionalanuncio/1/478627508_1.jpg,t-cross,volkswagen,2026-05-12T23:09:47.846087,005508-5,T-Cross Hig. 250 TSI 1.4 Flex 16V 5p Aut,143595.0,4,exato,-0.025105330965562868
56767752,https://www.icarros.com.br/comprar/sao-paulo-sp/volkswagen/t-cross/2023/d56767752,Volkswagen,T-Cross,1.4 250 TSI Highline (Aut) automático,Volkswagen T-Cross T-Cross 1.4 250 TSI Highline (Aut) automático,2023,140190.0,7000.0,SP,São Paulo,Prata,automático,LC,False,False,2758878,2758878,https://img0.icarros.com/dbimg/imgadicionalanuncio/1/471054241_1.jpg,t-cross,volkswagen,2026-05-12T23:09:47.846308,005508-5,T-Cross Hig. 250 TSI 1.4 Flex 16V 5p Aut,124531.0,4,exato,0.1257437907027166
56893526,https://www.icarros.com.br/comprar/sao-jose-dos-campos-sp/volkswagen/t-cross/2022/d56893526,Volkswagen,T-Cross,1.0 200 TSI (Aut) automático,Volkswagen T-Cross T-Cross 1.0 200 TSI (Aut) automático,2022,101900.0,87717.0,SP,São José dos Campos,Branco,automático,PJ,False,False,2563102,2563102,https://img2.icarros.com/dbimg/imgadicionalanuncio/1/472507125_1.jpg,t-cross,volkswagen,2026-05-12T23:09:47.846517,005510-7,T-Cross 200 TSI 1.0  Flex 12V 5p Aut.,96806.0,3,exato,0.05262070532818214
57498070,https://www.icarros.com.br/comprar/votorantim-sp/volkswagen/t-cross/2025/d57498070,Volkswagen,T-Cross,1.4 250 TSI Highline (Aut) automático,Volkswagen T-Cross T-Cross 1.4 250 TSI Highline (Aut) automático,2025,149900.0,52669.0,SP,Votorantim,Branco,automático,PJ,False,False,2714763,2714763,https://img1.icarros.com/dbimg/imgadicionalanuncio/1/478662657_1.jpg,t-cross,volkswagen,2026-05-12T23:09:47.846921,005508-5,T-Cross Hig. 250 TSI 1.4 Flex 16V 5p Aut,143595.0,4,exato,0.04390821407430621
56349091,https://www.icarros.com.br/comprar/americana-sp/volkswagen/t-cross/2024/d56349091,Volkswagen,T-Cross,1.4 250 TSI Highline (Aut) automático,Volkswagen T-Cross T-Cross 1.4 250 TSI Highline (Aut) automático,2024,129900.0,31600.0,SP,Americana,Branco,automático,PJ,False,False,2808155,2808155,https://img1.icarros.com/dbimg/imgadicionalanuncio/1/469052620_1.jpg,t-cross,volkswagen,2026-05-12T23:09:47.847152,005508-5,T-Cross Hig. 250 TSI 1.4 Flex 16V 5p Aut,131448.0,4,exato,-0.011776519992696731
56788333,https://www.icarros.com.br/comprar/sao-carlos-sp/volkswagen/t-cross/2025/d56788333,Volkswagen,T-Cross,1.0 200 TSI (Aut) automático,Volkswagen T-Cross T-Cross 1.0 200 TSI (Aut) automático,2025,123000.0,23040.0,SP,São Carlos,Cinza,automático,PJ,False,False,557629,557629,https://img1.icarros.com/dbimg/imgadicionalanuncio/1/471557896_1.jpg,t-cross,volkswagen,2026-05-12T23:09:47.847976,005510-7,T-Cross 200 TSI 1.0  Flex 12V 5p Aut.,119704.0,3,exato,0.0275345853104324
56594126,https://www.icarros.com.br/comprar/sao-carlos-sp/volkswagen/t-cross/2023/d56594126,Volkswagen,T-Cross,1.0 200 TSI Comfortline (Aut) automático,Volkswagen T-Cross T-Cross 1.0 200 TSI Comfortline (Aut) automático,2023,114900.0,4450.0,SP,São Carlos,Prata,automático,PJ,False,False,36046,36046,https://img2.icarros.com/dbimg/imgadicionalanuncio/1/469112713_1.jpg,t-cross,volkswagen,2026-05-12T23:09:47.848174,005510-7,T-Cross 200 TSI 1.0  Flex 12V 5p Aut.,100068.0,3,exato,0.14821921093656315
56384646,https://www.icarros.com.br/comprar/campinas-sp/volkswagen/t-cross/2025/d56384646,Volkswagen,T-Cross,1.4 250 TSI Highline (Aut) automático,Volkswagen T-Cross T-Cross 1.4 250 TSI Highline (Aut) automático,2025,158000.0,46100.0,SP,Campinas,Azul,automático,PJ,False,False,1895950,1895950,https://img0.icarros.com/dbimg/imgadicionalanuncio/1/466833030_1.jpg,t-cross,volkswagen,2026-05-12T23:09:47.848770,005508-5,T-Cross Hig. 250 TSI 1.4 Flex 16V 5p Aut,143595.0,4,exato,0.10031686340053624
56890022,https://www.icarros.com.br/comprar/jundiai-sp/volkswagen/t-cross/2024/d56890022,Volkswagen,T-Cross,1.0 200 TSI (Aut) automático,Volkswagen T-Cross T-Cross 1.0 200 TSI (Aut) automático,2024,109990.0,51899.0,SP,Jundiaí,Prata,automático,LC,False,False,1842344,1842344,https://img2.icarros.com/dbimg/imgadicionalanuncio/1/472466560_1.jpg,t-cross,volkswagen,2026-05-12T23:09:47.849563,005510-7,T-Cross 200 TSI 1.0  Flex 12V 5p Aut.,107734.0,3,exato,0.02094046447732378
56889979,https://www.icarros.com.br/comprar/jundiai-sp/volkswagen/t-cross/2024/d56889979,Volkswagen,T-Cross,1.0 200 TSI Comfortline (Aut) automático,Volkswagen T-Cross T-Cross 1.0 200 TSI Comfortline (Aut) automático,2024,117990.0,55176.0,SP,Jundiaí,Branco,automático,LC,False,False,1842344,1842344,https://img1.icarros.com/dbimg/imgadicionalanuncio/1/472466180_1.jpg,t-cross,volkswagen,2026-05-12T23:09:47.849767,005510-7,T-Cross 200 TSI 1.0  Flex 12V 5p Aut.,107734.0,3,exato,0.09519743070896838
56890019,https://www.icarros.com.br/comprar/jundiai-sp/volkswagen/t-cross/2024/d56890019,Volkswagen,T-Cross,1.0 200 TSI Comfortline (Aut) automático,Volkswagen T-Cross T-Cross 1.0 200 TSI Comfortline (Aut) automático,2024,117990.0,48822.0,SP,Jundiaí,Prata,automático,LC,False,False,1842344,1842344,https://img2.icarros.com/dbimg/imgadicionalanuncio/1/472466540_1.jpg,t-cross,volkswagen,2026-05-12T23:09:47.849968,005510-7,T-Cross 200 TSI 1.0  Flex 12V 5p Aut.,107734.0,3,exato,0.09519743070896838
56890004,https://www.icarros.com.br/comprar/jundiai-sp/volkswagen/t-cross/2024/d56890004,Volkswagen,T-Cross,1.0 200 TSI Comfortline (Aut) automático,Volkswagen T-Cross T-Cross 1.0 200 TSI Comfortline (Aut) automático,2024,117990.0,49038.0,SP,Jundiaí,Prata,automático,LC,False,False,1842344,1842344,https://img2.icarros.com/dbimg/imgadicionalanuncio/1/472466423_1.jpg,t-cross,volkswagen,2026-05-12T23:09:47.923222,005510-7,T-Cross 200 TSI 1.0  Flex 12V 5p Aut.,107734.0,3,exato,0.09519743070896838
56889971,https://www.icarros.com.br/comprar/jundiai-sp/volkswagen/t-cross/2022/d56889971,Volkswagen,T-Cross,1.4 250 TSI Highline (Aut) automático,Volkswagen T-Cross T-Cross 1.4 250 TSI Highline (Aut) automático,2022,118190.0,73121.0,SP,Jundiaí,Preto,automático,LC,False,False,1842344,1842344,https://img2.icarros.com/dbimg/imgadicionalanuncio/1/472466102_1.jpg,t-cross,volkswagen,2026-05-12T23:09:47.923442,005508-5,T-Cross Hig. 250 TSI 1.4 Flex 16V 5p Aut,115418.0,4,exato,0.024017051066558076
56890030,https://www.icarros.com.br/comprar/jundiai-sp/volkswagen/t-cross/2022/d56890030,Volkswagen,T-Cross,1.4 250 TSI Highline (Aut) automático,Volkswagen T-Cross T-Cross 1.4 250 TSI Highline (Aut) automático,2022,118190.0,73659.0,SP,Jundiaí,Cinza,automático,LC,False,False,1842344,1842344,https://img1.icarros.com/dbimg/imgadicionalanuncio/1/472466637_1.jpg,t-cross,volkswagen,2026-05-12T23:09:47.923650,005508-5,T-Cross Hig. 250 TSI 1.4 Flex 16V 5p Aut,115418.0,4,exato,0.024017051066558076
56890115,https://www.icarros.com.br/comprar/jundiai-sp/volkswagen/t-cross/2024/d56890115,Volkswagen,T-Cross,1.0 200 TSI Comfortline (Aut) automático,Volkswagen T-Cross T-Cross 1.0 200 TSI Comfortline (Aut) automático,2024,120190.0,50177.0,SP,Jundiaí,Branco,automático,LC,False,False,1842344,1842344,https://img2.icarros.com/dbimg/imgadicionalanuncio/1/472467406_1.jpg,t-cross,volkswagen,2026-05-12T23:09:47.923853,005510-7,T-Cross 200 TSI 1.0  Flex 12V 5p Aut.,107734.0,3,exato,0.11561809642267065
56890157,https://www.icarros.com.br/comprar/jundiai-sp/volkswagen/t-cross/2022/d56890157,Volkswagen,T-Cross,1.4 250 TSI Highline (Aut) automático,Volkswagen T-Cross T-Cross 1.4 250 TSI Highline (Aut) automático,2022,123190.0,49334.0,SP,Jundiaí,Branco,automático,LC,False,False,1842344,1842344,https://img2.icarros.com/dbimg/imgadicionalanuncio/1/472467784_1.jpg,t-cross,volkswagen,2026-05-12T23:09:47.924060,005508-5,T-Cross Hig. 250 TSI 1.4 Flex 16V 5p Aut,115418.0,4,exato,0.06733785024866139
57267359,https://www.icarros.com.br/comprar/jundiai-sp/volkswagen/t-cross/2024/d57267359,Volkswagen,T-Cross,1.4 250 TSI Highline (Aut) automático,Volkswagen T-Cross T-Cross 1.4 250 TSI Highline (Aut) automático,2024,124890.0,48550.0,SP,Jundiaí,Branco,automático,LC,False,False,1842344,1842344,https://img2.icarros.com/dbimg/imgadicionalanuncio/1/476334933_1.jpg,t-cross,volkswagen,2026-05-12T23:09:47.924263,005508-5,T-Cross Hig. 250 TSI 1.4 Flex 16V 5p Aut,131448.0,4,exato,-0.04989045097681212
56890168,https://www.icarros.com.br/comprar/jundiai-sp/volkswagen/t-cross/2024/d56890168,Volkswagen,T-Cross,1.4 250 TSI Highline (Aut) automático,Volkswagen T-Cross T-Cross 1.4 250 TSI Highline (Aut) automático,2024,126790.0,44810.0,SP,Jundiaí,Vermelho,automático,LC,False,False,1842344,1842344,https://img1.icarros.com/dbimg/imgadicionalanuncio/1/472467898_1.jpg,t-cross,volkswagen,2026-05-12T23:09:47.924469,005508-5,T-Cross Hig. 250 TSI 1.4 Flex 16V 5p Aut,131448.0,4,exato,-0.03543606597285619
56890156,https://www.icarros.com.br/comprar/jundiai-sp/volkswagen/t-cross/2023/d56890156,Volkswagen,T-Cross,1.4 250 TSI Highline (Aut) automático,Volkswagen T-Cross T-Cross 1.4 250 TSI Highline (Aut) automático,2023,128490.0,41299.0,SP,Jundiaí,Azul,automático,LC,False,False,1842344,1842344,https://img1.icarros.com/dbimg/imgadicionalanuncio/1/472467773_1.jpg,t-cross,volkswagen,2026-05-12T23:09:47.924673,005508-5,T-Cross Hig. 250 TSI 1.4 Flex 16V 5p Aut,124531.0,4,exato,0.03179128088588384
56890069,https://www.icarros.com.br/comprar/jundiai-sp/volkswagen/t-cross/2024/d56890069,Volkswagen,T-Cross,1.4 250 TSI Highline (Aut) automático,Volkswagen T-Cross T-Cross 1.4 250 TSI Highline (Aut) automático,2024,129790.0,53869.0,SP,Jundiaí,Cinza,automático,LC,False,False,1842344,1842344,https://img1.icarros.com/dbimg/imgadicionalanuncio/1/472466991_1.jpg,t-cross,volkswagen,2026-05-12T23:09:47.924873,005508-5,T-Cross Hig. 250 TSI 1.4 Flex 16V 5p Aut,131448.0,4,exato,-0.012613352808715233
56890055,https://www.icarros.com.br/comprar/jundiai-sp/volkswagen/t-cross/2025/d56890055,Volkswagen,T-Cross,1.0 200 TSI (Aut) automático,Volkswagen T-Cross T-Cross 1.0 200 TSI (Aut) automático,2025,136190.0,27142.0,SP,Jundiaí,Cinza,automático,LC,False,False,1842344,1842344,https://img2.icarros.com/dbimg/imgadicionalanuncio/1/472466846_1.jpg,t-cross,volkswagen,2026-05-12T23:09:47.925077,005510-7,T-Cross 200 TSI 1.0  Flex 12V 5p Aut.,119704.0,3,exato,0.13772305019046982
57485684,https://www.icarros.com.br/comprar/jundiai-sp/volkswagen/t-cross/2025/d57485684,Volkswagen,T-Cross,1.4 250 TSI Highline (Aut) automático,Volkswagen T-Cross T-Cross 1.4 250 TSI Highline (Aut) automático,2025,139990.0,43908.0,SP,Jundiaí,Azul,automático,LC,False,False,1842344,1842344,https://img2.icarros.com/dbimg/imgadicionalanuncio/1/478537571_1.jpg,t-cross,volkswagen,2026-05-12T23:09:47.925280,005508-5,T-Cross Hig. 250 TSI 1.4 Flex 16V 5p Aut,143595.0,4,exato,-0.025105330965562868
57267253,https://www.icarros.com.br/comprar/jundiai-sp/volkswagen/t-cross/2024/d57267253,Volkswagen,T-Cross,1.4 250 TSI Highline (Aut) automático,Volkswagen T-Cross T-Cross 1.4 250 TSI Highline (Aut) automático,2024,142290.0,18099.0,SP,Jundiaí,Cinza,automático,LC,False,False,1842344,1842344,https://img1.icarros.com/dbimg/imgadicionalanuncio/1/476333867_1.jpg,t-cross,volkswagen,2026-05-12T23:09:47.925483,005508-5,T-Cross Hig. 250 TSI 1.4 Flex 16V 5p Aut,131448.0,4,exato,0.08248128537520541
56587709,https://www.icarros.com.br/comprar/santos-sp/volkswagen/t-cross/2020/d56587709,Volkswagen,T-Cross,1.0 200 TSI Sense (Aut) automático,Volkswagen T-Cross T-Cross 1.0 200 TSI Sense (Aut) automático,2020,92900.0,72734.0,SP,Santos,Branco,automático,PJ,False,False,2612871,2612871,https://img2.icarros.com/dbimg/imgadicionalanuncio/1/469041410_1.jpg,t-cross,volkswagen,2026-05-12T23:09:47.925681,005520-4,T-Cross Sense 200 TSI 1.0 Flex 5p Aut.,85075.0,4,exato,0.09197766676461945
55750199,https://www.icarros.com.br/comprar/sao-jose-dos-campos-sp/volkswagen/t-cross/2021/d55750199,Volkswagen,T-Cross,1.0 200 TSI Comfortline (Aut) automático,Volkswagen T-Cross T-Cross 1.0 200 TSI Comfortline (Aut) automático,2021,92990.0,76500.0,SP,São José dos Campos,Branco,automático,PJ,False,False,1634900,1634900,https://img2.icarros.com/dbimg/imgadicionalanuncio/1/460232590_1.jpg,t-cross,volkswagen,2026-05-12T23:09:47.926896,005510-7,T-Cross 200 TSI 1.0  Flex 12V 5p Aut.,92877.0,3,exato,0.0012166628982417606
56763722,https://www.icarros.com.br/comprar/osasco-sp/volkswagen/t-cross/2024/d56763722,Volkswagen,T-Cross,1.0 200 TSI Comfortline (Aut) automático,Volkswagen T-Cross T-Cross 1.0 200 TSI Comfortline (Aut) automático,2024,128990.0,45736.0,SP,Osasco,Cinza,automático,PJ,False,False,1146649,1146649,https://img2.icarros.com/dbimg/imgadicionalanuncio/1/471012651_1.jpg,t-cross,volkswagen,2026-05-12T23:09:48.002126,005510-7,T-Cross 200 TSI 1.0  Flex 12V 5p Aut.,107734.0,3,exato,0.19730075927747973
56706139,https://www.icarros.com.br/comprar/cosmopolis-sp/volkswagen/t-cross/2023/d56706139,Volkswagen,T-Cross,1.0 200 TSI Sense (Aut) automático,Volkswagen T-Cross T-Cross 1.0 200 TSI Sense (Aut) automático,2023,104900.0,76281.0,SP,Cosmópolis,Branco,automático,PJ,False,False,59329,59329,https://img1.icarros.com/dbimg/imgadicionalanuncio/1/470522475_1.jpg,t-cross,volkswagen,2026-05-12T23:09:48.002326,005520-4,T-Cross Sense 200 TSI 1.0 Flex 5p Aut.,95631.0,4,exato,0.09692463740837176
57173938,https://www.icarros.com.br/comprar/cosmopolis-sp/volkswagen/t-cross/2025/d57173938,Volkswagen,T-Cross,1.0 200 TSI (Aut) automático,Volkswagen T-Cross T-Cross 1.0 200 TSI (Aut) automático,2025,122000.0,41072.0,SP,Cosmópolis,Azul,automático,PJ,False,False,59329,59329,https://img1.icarros.com/dbimg/imgadicionalanuncio/1/475386252_1.jpg,t-cross,volkswagen,2026-05-12T23:09:48.002526,005510-7,T-Cross 200 TSI 1.0  Flex 12V 5p Aut.,119704.0,3,exato,0.019180645592461406
56745759,https://www.icarros.com.br/comprar/piracicaba-sp/volkswagen/t-cross/2025/d56745759,Volkswagen,T-Cross,1.4 250 TSI Highline (Aut) automático,Volkswagen T-Cross T-Cross 1.4 250 TSI Highline (Aut) automático,2025,149900.0,68700.0,SP,Piracicaba,Cinza,automático,PJ,False,False,2071497,2071497,https://img0.icarros.com/dbimg/imgadicionalanuncio/1/470811040_1.jpg,t-cross,volkswagen,2026-05-12T23:09:48.003568,005508-5,T-Cross Hig. 250 TSI 1.4 Flex 16V 5p Aut,143595.0,4,exato,0.04390821407430621
56827489,https://www.icarros.com.br/comprar/caraguatatuba-sp/volkswagen/t-cross/2023/d56827489,Volkswagen,T-Cross,1.0 200 TSI Comfortline (Aut) automático,Volkswagen T-Cross T-Cross 1.0 200 TSI Comfortline (Aut) automático,2023,115900.0,29000.0,SP,Caraguatatuba,Preto,automático,PJ,False,False,2383636,2383636,https://img1.icarros.com/dbimg/imgadicionalanuncio/1/471764132_1.jpg,t-cross,volkswagen,2026-05-12T23:09:48.149086,005510-7,T-Cross 200 TSI 1.0  Flex 12V 5p Aut.,100068.0,3,exato,0.15821241555742097
56665697,https://www.icarros.com.br/comprar/santo-andre-sp/volkswagen/t-cross/2020/d56665697,Volkswagen,T-Cross,1.0 200 TSI (Aut) automático,Volkswagen T-Cross T-Cross 1.0 200 TSI (Aut) automático,2020,92900.0,79573.0,SP,Santo André,Branco,automático,PJ,False,False,85532,85532,https://img2.icarros.com/dbimg/imgadicionalanuncio/1/469910207_1.jpg,t-cross,volkswagen,2026-05-12T23:09:48.149285,005510-7,T-Cross 200 TSI 1.0  Flex 12V 5p Aut.,88676.0,3,exato,0.04763408363029455
56689642,https://www.icarros.com.br/comprar/sao-carlos-sp/volkswagen/t-cross/2021/d56689642,Volkswagen,T-Cross,1.0 200 TSI (Aut) automático,Volkswagen T-Cross T-Cross 1.0 200 TSI (Aut) automático,2021,94900.0,90000.0,SP,São Carlos,Cinza,automático,PJ,False,False,116736,116736,https://img1.icarros.com/dbimg/imgadicionalanuncio/1/470184086_1.jpg,t-cross,volkswagen,2026-05-12T23:09:48.149462,005510-7,T-Cross 200 TSI 1.0  Flex 12V 5p Aut.,92877.0,3,exato,0.02178149595701842
57019971,https://www.icarros.com.br/comprar/sao-paulo-sp/volkswagen/t-cross/2022/d57019971,Volkswagen,T-Cross,1.0 200 TSI Sense (Aut) automático,Volkswagen T-Cross T-Cross 1.0 200 TSI Sense (Aut) automático,2022,93890.0,70000.0,SP,São Paulo,Prata,automático,PJ,False,False,30515,30515,https://img0.icarros.com/dbimg/imgadicionalanuncio/1/473826180_1.jpg,t-cross,volkswagen,2026-05-12T23:09:48.149664,005520-4,T-Cross Sense 200 TSI 1.0 Flex 5p Aut.,91057.0,4,exato,0.031112380157483775
57460196,https://www.icarros.com.br/comprar/sao-paulo-sp/volkswagen/t-cross/2023/d57460196,Volkswagen,T-Cross,1.4 250 TSI Highline (Aut) automático,Volkswagen T-Cross T-Cross 1.4 250 TSI Highline (Aut) automático,2023,128800.0,54000.0,SP,São Paulo,Prata,automático,PJ,False,False,2737908,2737908,https://img2.icarros.com/dbimg/imgadicionalanuncio/1/478281869_1.jpg,t-cross,volkswagen,2026-05-12T23:09:48.149865,005508-5,T-Cross Hig. 250 TSI 1.4 Flex 16V 5p Aut,124531.0,4,exato,0.034280620889577694
57436793,https://www.icarros.com.br/comprar/sao-paulo-sp/volkswagen/t-cross/2025/d57436793,Volkswagen,T-Cross,1.0 200 TSI Comfortline (Aut) automático,Volkswagen T-Cross T-Cross 1.0 200 TSI Comfortline (Aut) automático,2025,137800.0,19000.0,SP,São Paulo,Cinza,automático,PJ,False,False,2737908,2737908,https://img2.icarros.com/dbimg/imgadicionalanuncio/1/478042615_1.jpg,t-cross,volkswagen,2026-05-12T23:09:48.150065,005510-7,T-Cross 200 TSI 1.0  Flex 12V 5p Aut.,119704.0,3,exato,0.15117289313640314
56337812,https://www.icarros.com.br/comprar/aracatuba-sp/volkswagen/t-cross/2023/d56337812,Volkswagen,T-Cross,1.4 250 TSI Highline (Aut) automático,Volkswagen T-Cross T-Cross 1.4 250 TSI Highline (Aut) automático,2023,129900.0,54950.0,SP,Araçatuba,Preto,automático,PJ,False,False,926917,926917,https://img2.icarros.com/dbimg/imgadicionalanuncio/1/466335278_1.jpg,t-cross,volkswagen,2026-05-12T23:09:48.150266,005508-5,T-Cross Hig. 250 TSI 1.4 Flex 16V 5p Aut,124531.0,4,exato,0.04311376283816881
57488387,https://www.icarros.com.br/comprar/ribeirao-preto-sp/volkswagen/t-cross/2023/d57488387,Volkswagen,T-Cross,1.0 200 TSI (Aut) automático,Volkswagen T-Cross T-Cross 1.0 200 TSI (Aut) automático,2023,105690.0,52706.0,SP,Ribeirão Preto,Prata,automático,LC,False,False,2796993,2796993,https://img2.icarros.com/dbimg/imgadicionalanuncio/1/478564262_1.jpg,t-cross,volkswagen,2026-05-12T23:09:48.150650,005510-7,T-Cross 200 TSI 1.0  Flex 12V 5p Aut.,100068.0,3,exato,0.05618179637846264
57528646,https://www.icarros.com.br/comprar/ribeirao-preto-sp/volkswagen/t-cross/2025/d57528646,Volkswagen,T-Cross,1.0 200 TSI (Aut) automático,Volkswagen T-Cross T-Cross 1.0 200 TSI (Aut) automático,2025,108890.0,51660.0,SP,Ribeirão Preto,Azul,automático,LC,False,False,2796993,2796993,https://img1.icarros.com/dbimg/imgadicionalanuncio/1/478977856_1.jpg,t-cross,volkswagen,2026-05-12T23:09:48.150847,005510-7,T-Cross 200 TSI 1.0  Flex 12V 5p Aut.,119704.0,3,exato,-0.09033950411013834
57513717,https://www.icarros.com.br/comprar/ribeirao-preto-sp/volkswagen/t-cross/2025/d57513717,Volkswagen,T-Cross,1.0 200 TSI (Aut) automático,Volkswagen T-Cross T-Cross 1.0 200 TSI (Aut) automático,2025,121290.0,49710.0,SP,Ribeirão Preto,Vermelho,automático,LC,False,False,2796993,2796993,https://img0.icarros.com/dbimg/imgadicionalanuncio/1/478823878_1.jpg,t-cross,volkswagen,2026-05-12T23:09:48.151051,005510-7,T-Cross 200 TSI 1.0  Flex 12V 5p Aut.,119704.0,3,exato,0.013249348392701999
57492138,https://www.icarros.com.br/comprar/ribeirao-preto-sp/volkswagen/t-cross/2024/d57492138,Volkswagen,T-Cross,1.0 200 TSI Comfortline (Aut) automático,Volkswagen T-Cross T-Cross 1.0 200 TSI Comfortline (Aut) automático,2024,125590.0,33717.0,SP,Ribeirão Preto,Prata,automático,LC,False,False,2796993,2796993,https://img0.icarros.com/dbimg/imgadicionalanuncio/1/478601206_1.jpg,t-cross,volkswagen,2026-05-12T23:09:48.224552,005510-7,T-Cross 200 TSI 1.0  Flex 12V 5p Aut.,107734.0,3,exato,0.16574154862903076
57492242,https://www.icarros.com.br/comprar/ribeirao-preto-sp/volkswagen/t-cross/2025/d57492242,Volkswagen,T-Cross,1.4 250 TSI Highline (Aut) automático,Volkswagen T-Cross T-Cross 1.4 250 TSI Highline (Aut) automático,2025,139990.0,44703.0,SP,Ribeirão Preto,Branco,automático,LC,False,False,2796993,2796993,https://img2.icarros.com/dbimg/imgadicionalanuncio/1/478602264_1.jpg,t-cross,volkswagen,2026-05-12T23:09:48.224771,005508-5,T-Cross Hig. 250 TSI 1.4 Flex 16V 5p Aut,143595.0,4,exato,-0.025105330965562868
56379627,https://www.icarros.com.br/comprar/marilia-sp/volkswagen/t-cross/2024/d56379627,Volkswagen,T-Cross,1.0 200 TSI (Aut) automático,Volkswagen T-Cross T-Cross 1.0 200 TSI (Aut) automático,2024,113990.0,47817.0,SP,Marília,Prata,automático,LC,False,False,1574328,1574328,https://img0.icarros.com/dbimg/imgadicionalanuncio/1/466780459_1.jpg,t-cross,volkswagen,2026-05-12T23:09:48.225183,005510-7,T-Cross 200 TSI 1.0  Flex 12V 5p Aut.,107734.0,3,exato,0.058068947593146084
57505206,https://www.icarros.com.br/comprar/marilia-sp/volkswagen/t-cross/2024/d57505206,Volkswagen,T-Cross,1.0 200 TSI (Aut) automático,Volkswagen T-Cross T-Cross 1.0 200 TSI (Aut) automático,2024,118190.0,27819.0,SP,Marília,Preto,automático,LC,False,False,1574328,1574328,https://img0.icarros.com/dbimg/imgadicionalanuncio/1/478737121_1.jpg,t-cross,volkswagen,2026-05-12T23:09:48.225390,005510-7,T-Cross 200 TSI 1.0  Flex 12V 5p Aut.,107734.0,3,exato,0.0970538548647595
57496315,https://www.icarros.com.br/comprar/marilia-sp/volkswagen/t-cross/2025/d57496315,Volkswagen,T-Cross,1.0 200 TSI (Aut) automático,Volkswagen T-Cross T-Cross 1.0 200 TSI (Aut) automático,2025,121990.0,42262.0,SP,Marília,Preto,automático,LC,False,False,1574328,1574328,https://img1.icarros.com/dbimg/imgadicionalanuncio/1/478643237_1.jpg,t-cross,volkswagen,2026-05-12T23:09:48.225595,005510-7,T-Cross 200 TSI 1.0  Flex 12V 5p Aut.,119704.0,3,exato,0.019097106195281696
57481387,https://www.icarros.com.br/comprar/marilia-sp/volkswagen/t-cross/2025/d57481387,Volkswagen,T-Cross,1.0 200 TSI (Aut) automático,Volkswagen T-Cross T-Cross 1.0 200 TSI (Aut) automático,2025,133290.0,4782.0,SP,Marília,Branco,automático,LC,False,False,1574328,1574328,https://img1.icarros.com/dbimg/imgadicionalanuncio/1/478494984_1.jpg,t-cross,volkswagen,2026-05-12T23:09:48.225803,005510-7,T-Cross 200 TSI 1.0  Flex 12V 5p Aut.,119704.0,3,exato,0.11349662500835395
57478545,https://www.icarros.com.br/comprar/marilia-sp/volkswagen/t-cross/2025/d57478545,Volkswagen,T-Cross,1.0 200 TSI Comfortline (Aut) automático,Volkswagen T-Cross T-Cross 1.0 200 TSI Comfortline (Aut) automático,2025,133490.0,55249.0,SP,Marília,Azul,automático,LC,False,False,1574328,1574328,https://img0.icarros.com/dbimg/imgadicionalanuncio/1/478466679_1.jpg,t-cross,volkswagen,2026-05-12T23:09:48.226007,005510-7,T-Cross 200 TSI 1.0  Flex 12V 5p Aut.,119704.0,3,exato,0.11516741295194814
56579853,https://www.icarros.com.br/comprar/marilia-sp/volkswagen/t-cross/2024/d56579853,Volkswagen,T-Cross,1.4 250 TSI Highline (Aut) automático,Volkswagen T-Cross T-Cross 1.4 250 TSI Highline (Aut) automático,2024,137090.0,40208.0,SP,Marília,Azul,automático,LC,False,False,1574328,1574328,https://img0.icarros.com/dbimg/imgadicionalanuncio/1/468951967_1.jpg,t-cross,volkswagen,2026-05-12T23:09:48.226213,005508-5,T-Cross Hig. 250 TSI 1.4 Flex 16V 5p Aut,131448.0,4,exato,0.04292191589069442
57113788,https://www.icarros.com.br/comprar/ribeirao-preto-sp/volkswagen/t-cross/2021/d57113788,Volkswagen,T-Cross,1.0 200 TSI Sense (Aut) automático,Volkswagen T-Cross T-Cross 1.0 200 TSI Sense (Aut) automático,2021,92900.0,200.0,SP,Ribeirão Preto,Prata,automático,PJ,False,False,2780072,2780072,https://img1.icarros.com/dbimg/imgadicionalanuncio/1/474777790_1.jpg,t-cross,volkswagen,2026-05-12T23:09:48.226414,005520-4,T-Cross Sense 200 TSI 1.0 Flex 5p Aut.,87386.0,4,exato,0.06309935229899526
56848825,https://www.icarros.com.br/comprar/sorocaba-sp/volkswagen/t-cross/2025/d56848825,Volkswagen,T-Cross,1.0 200 TSI (Aut) automático,Volkswagen T-Cross T-Cross 1.0 200 TSI (Aut) automático,2025,129890.0,38000.0,SP,Sorocaba,Preto,automático,PJ,False,False,2322245,2322245,https://img1.icarros.com/dbimg/imgadicionalanuncio/1/472002297_1.jpg,t-cross,volkswagen,2026-05-12T23:09:48.227013,005510-7,T-Cross 200 TSI 1.0  Flex 12V 5p Aut.,119704.0,3,exato,0.08509322996725256
55903390,https://www.icarros.com.br/comprar/jundiai-sp/volkswagen/t-cross/2020/d55903390,Volkswagen,T-Cross,1.0 200 TSI (Aut) automático,Volkswagen T-Cross T-Cross 1.0 200 TSI (Aut) automático,2020,82000.0,132323.0,SP,Jundiaí,Branco,automático,PJ,False,False,184278,184278,https://img1.icarros.com/dbimg/imgadicionalanuncio/1/461772918_1.jpg,t-cross,volkswagen,2026-05-12T23:09:48.227842,005510-7,T-Cross 200 TSI 1.0  Flex 12V 5p Aut.,88676.0,3,exato,-0.07528530831341061
56838633,https://www.icarros.com.br/comprar/rio-claro-sp/volkswagen/t-cross/2020/d56838633,Volkswagen,T-Cross,1.4 250 TSI Highline (Aut) automático,Volkswagen T-Cross T-Cross 1.4 250 TSI Highline (Aut) automático,2020,108900.0,110093.0,SP,Rio Claro,Preto,automático,PJ,False,False,365059,365059,https://img0.icarros.com/dbimg/imgadicionalanuncio/1/471888596_1.jpg,t-cross,volkswagen,2026-05-12T23:09:48.228244,005508-5,T-Cross Hig. 250 TSI 1.4 Flex 16V 5p Aut,104693.0,4,exato,0.040184157489039384
56902049,https://www.icarros.com.br/comprar/rio-claro-sp/volkswagen/t-cross/2025/d56902049,Volkswagen,T-Cross,1.4 250 TSI Highline (Aut) automático,Volkswagen T-Cross T-Cross 1.4 250 TSI Highline (Aut) automático,2025,158900.0,25387.0,SP,Rio Claro,Preto,automático,PJ,False,False,365059,365059,https://img2.icarros.com/dbimg/imgadicionalanuncio/1/472608511_1.jpg,t-cross,volkswagen,2026-05-12T23:09:48.228445,005508-5,T-Cross Hig. 250 TSI 1.4 Flex 16V 5p Aut,143595.0,4,exato,0.10658449110345068
56969113,https://www.icarros.com.br/comprar/sao-paulo-sp/volkswagen/t-cross/2025/d56969113,Volkswagen,T-Cross,1.0 200 TSI Comfortline (Aut) automático,Volkswagen T-Cross T-Cross 1.0 200 TSI Comfortline (Aut) automático,2025,119700.0,54126.0,SP,São Paulo,Preto,automático,PJ,False,False,2515016,2515016,https://img1.icarros.com/dbimg/imgadicionalanuncio/1/473306455_1.jpg,t-cross,volkswagen,2026-05-12T23:09:48.305339,005510-7,T-Cross 200 TSI 1.0  Flex 12V 5p Aut.,119704.0,3,exato,-3.3415758871883984e-05
56794907,https://www.icarros.com.br/comprar/bauru-sp/volkswagen/t-cross/2022/d56794907,Volkswagen,T-Cross,1.0 200 TSI Comfortline (Aut) automático,Volkswagen T-Cross T-Cross 1.0 200 TSI Comfortline (Aut) automático,2022,96900.0,91000.0,SP,Bauru,Preto,automático,PJ,False,False,2398004,2398004,https://img2.icarros.com/dbimg/imgadicionalanuncio/1/471376603_1.jpg,t-cross,volkswagen,2026-05-12T23:09:48.306966,005510-7,T-Cross 200 TSI 1.0  Flex 12V 5p Aut.,96806.0,3,exato,0.0009710141933351238
57486840,https://www.icarros.com.br/comprar/mogi-das-cruzes-sp/volkswagen/t-cross/2025/d57486840,Volkswagen,T-Cross,1.0 200 TSI (Aut) automático,Volkswagen T-Cross T-Cross 1.0 200 TSI (Aut) automático,2025,121990.0,47213.0,SP,Mogi das Cruzes,Branco,automático,LC,False,False,2562325,2562325,https://img0.icarros.com/dbimg/imgadicionalanuncio/1/478549041_1.jpg,t-cross,volkswagen,2026-05-12T23:09:48.307592,005510-7,T-Cross 200 TSI 1.0  Flex 12V 5p Aut.,119704.0,3,exato,0.019097106195281696
57487580,https://www.icarros.com.br/comprar/mogi-das-cruzes-sp/volkswagen/t-cross/2025/d57487580,Volkswagen,T-Cross,1.0 200 TSI (Aut) automático,Volkswagen T-Cross T-Cross 1.0 200 TSI (Aut) automático,2025,121990.0,51480.0,SP,Mogi das Cruzes,Branco,automático,LC,False,False,2562325,2562325,https://img2.icarros.com/dbimg/imgadicionalanuncio/1/478556292_1.jpg,t-cross,volkswagen,2026-05-12T23:09:48.307796,005510-7,T-Cross 200 TSI 1.0  Flex 12V 5p Aut.,119704.0,3,exato,0.019097106195281696
57496513,https://www.icarros.com.br/comprar/mogi-das-cruzes-sp/volkswagen/t-cross/2025/d57496513,Volkswagen,T-Cross,1.0 200 TSI (Aut) automático,Volkswagen T-Cross T-Cross 1.0 200 TSI (Aut) automático,2025,121990.0,44354.0,SP,Mogi das Cruzes,Branco,automático,LC,False,False,2562325,2562325,https://img1.icarros.com/dbimg/imgadicionalanuncio/1/478645262_1.jpg,t-cross,volkswagen,2026-05-12T23:09:48.307999,005510-7,T-Cross 200 TSI 1.0  Flex 12V 5p Aut.,119704.0,3,exato,0.019097106195281696
57484823,https://www.icarros.com.br/comprar/mogi-das-cruzes-sp/volkswagen/t-cross/2025/d57484823,Volkswagen,T-Cross,1.0 200 TSI (Aut) automático,Volkswagen T-Cross T-Cross 1.0 200 TSI (Aut) automático,2025,130090.0,24979.0,SP,Mogi das Cruzes,Branco,automático,LC,False,False,2562325,2562325,https://img2.icarros.com/dbimg/imgadicionalanuncio/1/478529060_1.jpg,t-cross,volkswagen,2026-05-12T23:09:48.308200,005510-7,T-Cross 200 TSI 1.0  Flex 12V 5p Aut.,119704.0,3,exato,0.08676401791084676
57487664,https://www.icarros.com.br/comprar/mogi-das-cruzes-sp/volkswagen/t-cross/2025/d57487664,Volkswagen,T-Cross,1.4 250 TSI Highline (Aut) automático,Volkswagen T-Cross T-Cross 1.4 250 TSI Highline (Aut) automático,2025,139990.0,40883.0,SP,Mogi das Cruzes,Preto,automático,LC,False,False,2562325,2562325,https://img2.icarros.com/dbimg/imgadicionalanuncio/1/478557089_1.jpg,t-cross,volkswagen,2026-05-12T23:09:48.381629,005508-5,T-Cross Hig. 250 TSI 1.4 Flex 16V 5p Aut,143595.0,4,exato,-0.025105330965562868
56897000,https://www.icarros.com.br/comprar/franco-da-rocha-sp/volkswagen/t-cross/2025/d56897000,Volkswagen,T-Cross,1.0 200 TSI (Aut) automático,Volkswagen T-Cross T-Cross 1.0 200 TSI (Aut) automático,2025,119900.0,44031.0,SP,Franco da Rocha,Prata,automático,PJ,False,False,2101631,2101631,https://img2.icarros.com/dbimg/imgadicionalanuncio/1/472550243_1.jpg,t-cross,volkswagen,2026-05-12T23:09:48.384325,005510-7,T-Cross 200 TSI 1.0  Flex 12V 5p Aut.,119704.0,3,exato,0.0016373721847223151
56859502,https://www.icarros.com.br/comprar/americana-sp/volkswagen/t-cross/2020/d56859502,Volkswagen,T-Cross,1.4 250 TSI Highline (Aut) automático,Volkswagen T-Cross T-Cross 1.4 250 TSI Highline (Aut) automático,2020,107990.0,97822.0,SP,Americana,Branco,automático,PJ,False,False,82528,82528,https://img1.icarros.com/dbimg/imgadicionalanuncio/1/472120359_1.jpg,t-cross,volkswagen,2026-05-12T23:09:48.384525,005508-5,T-Cross Hig. 250 TSI 1.4 Flex 16V 5p Aut,104693.0,4,exato,0.031492076834172295
56663671,https://www.icarros.com.br/comprar/americana-sp/volkswagen/t-cross/2024/d56663671,Volkswagen,T-Cross,1.0 200 TSI (Aut) automático,Volkswagen T-Cross T-Cross 1.0 200 TSI (Aut) automático,2024,107390.0,54483.0,SP,Americana,Branco,automático,LC,False,False,1967053,1967053,https://img1.icarros.com/dbimg/imgadicionalanuncio/1/469889361_1.jpg,t-cross,volkswagen,2026-05-12T23:09:48.384930,005510-7,T-Cross 200 TSI 1.0  Flex 12V 5p Aut.,107734.0,3,exato,-0.003193049547960718
57477443,https://www.icarros.com.br/comprar/americana-sp/volkswagen/t-cross/2025/d57477443,Volkswagen,T-Cross,1.0 200 TSI (Aut) automático,Volkswagen T-Cross T-Cross 1.0 200 TSI (Aut) automático,2025,120890.0,45871.0,SP,Americana,Branco,automático,LC,False,False,1967053,1967053,https://img2.icarros.com/dbimg/imgadicionalanuncio/1/478455661_1.jpg,t-cross,volkswagen,2026-05-12T23:09:48.385134,005510-7,T-Cross 200 TSI 1.0  Flex 12V 5p Aut.,119704.0,3,exato,0.0099077725055136
57490186,https://www.icarros.com.br/comprar/americana-sp/volkswagen/t-cross/2025/d57490186,Volkswagen,T-Cross,1.0 200 TSI (Aut) automático,Volkswagen T-Cross T-Cross 1.0 200 TSI (Aut) automático,2025,121990.0,46136.0,SP,Americana,Preto,automático,LC,False,False,1967053,1967053,https://img1.icarros.com/dbimg/imgadicionalanuncio/1/478581957_1.jpg,t-cross,volkswagen,2026-05-12T23:09:48.385337,005510-7,T-Cross 200 TSI 1.0  Flex 12V 5p Aut.,119704.0,3,exato,0.019097106195281696
57490188,https://www.icarros.com.br/comprar/americana-sp/volkswagen/t-cross/2025/d57490188,Volkswagen,T-Cross,1.0 200 TSI (Aut) automático,Volkswagen T-Cross T-Cross 1.0 200 TSI (Aut) automático,2025,121990.0,45359.0,SP,Americana,Branco,automático,LC,False,False,1967053,1967053,https://img0.icarros.com/dbimg/imgadicionalanuncio/1/478581968_1.jpg,t-cross,volkswagen,2026-05-12T23:09:48.385541,005510-7,T-Cross 200 TSI 1.0  Flex 12V 5p Aut.,119704.0,3,exato,0.019097106195281696
57240880,https://www.icarros.com.br/comprar/sao-paulo-sp/volkswagen/t-cross/2022/d57240880,Volkswagen,T-Cross,1.0 200 TSI (Aut) automático,Volkswagen T-Cross T-Cross 1.0 200 TSI (Aut) automático,2022,99990.0,54200.0,SP,São Paulo,Branco,automático,PJ,False,False,162964,162964,https://img1.icarros.com/dbimg/imgadicionalanuncio/1/476068930_1.jpg,t-cross,volkswagen,2026-05-12T23:09:48.458349,005510-7,T-Cross 200 TSI 1.0  Flex 12V 5p Aut.,96806.0,3,exato,0.03289052331467058
56718859,https://www.icarros.com.br/comprar/caraguatatuba-sp/volkswagen/t-cross/2023/d56718859,Volkswagen,T-Cross,1.0 200 TSI Sense (Aut) automático,Volkswagen T-Cross T-Cross 1.0 200 TSI Sense (Aut) automático,2023,99990.0,56500.0,SP,Caraguatatuba,Branco,automático,PJ,False,False,1020949,1020949,https://img1.icarros.com/dbimg/imgadicionalanuncio/1/470567187_1.jpg,t-cross,volkswagen,2026-05-12T23:09:48.459176,005520-4,T-Cross Sense 200 TSI 1.0 Flex 5p Aut.,95631.0,4,exato,0.04558145371270822
56814880,https://www.icarros.com.br/comprar/hortolandia-sp/volkswagen/t-cross/2021/d56814880,Volkswagen,T-Cross,1.4 250 TSI Highline (Aut) automático,Volkswagen T-Cross T-Cross 1.4 250 TSI Highline (Aut) automático,2021,107900.0,113500.0,SP,Hortolândia,Cinza,automático,PJ,False,False,2478797,2478797,https://img1.icarros.com/dbimg/imgadicionalanuncio/1/471615393_1.jpg,t-cross,volkswagen,2026-05-12T23:09:48.459586,005508-5,T-Cross Hig. 250 TSI 1.4 Flex 16V 5p Aut,109080.0,4,exato,-0.010817748441510818
57298575,https://www.icarros.com.br/comprar/hortolandia-sp/volkswagen/t-cross/2022/d57298575,Volkswagen,T-Cross,1.4 250 TSI Highline (Aut) automático,Volkswagen T-Cross T-Cross 1.4 250 TSI Highline (Aut) automático,2022,109900.0,94467.0,SP,Hortolândia,Cinza,automático,PJ,False,False,2478797,2478797,https://img0.icarros.com/dbimg/imgadicionalanuncio/1/476650593_1.jpg,t-cross,volkswagen,2026-05-12T23:09:48.459794,005508-5,T-Cross Hig. 250 TSI 1.4 Flex 16V 5p Aut,115418.0,4,exato,-0.047808833977369215
56834033,https://www.icarros.com.br/comprar/hortolandia-sp/volkswagen/t-cross/2024/d56834033,Volkswagen,T-Cross,1.0 200 TSI Comfortline (Aut) automático,Volkswagen T-Cross T-Cross 1.0 200 TSI Comfortline (Aut) automático,2024,116900.0,42822.0,SP,Hortolândia,Branco,automático,PJ,False,False,2478797,2478797,https://img2.icarros.com/dbimg/imgadicionalanuncio/1/471838202_1.jpg,t-cross,volkswagen,2026-05-12T23:09:48.459998,005510-7,T-Cross 200 TSI 1.0  Flex 12V 5p Aut.,107734.0,3,exato,0.0850799190599068
57298405,https://www.icarros.com.br/comprar/hortolandia-sp/volkswagen/t-cross/2023/d57298405,Volkswagen,T-Cross,1.4 250 TSI Highline (Aut) automático,Volkswagen T-Cross T-Cross 1.4 250 TSI Highline (Aut) automático,2023,123900.0,79575.0,SP,Hortolândia,Cinza,automático,PJ,False,False,2478797,2478797,https://img1.icarros.com/dbimg/imgadicionalanuncio/1/476648820_1.jpg,t-cross,volkswagen,2026-05-12T23:09:48.460200,005508-5,T-Cross Hig. 250 TSI 1.4 Flex 16V 5p Aut,124531.0,4,exato,-0.00506701142687363
55759798,https://www.icarros.com.br/comprar/hortolandia-sp/volkswagen/t-cross/2025/d55759798,Volkswagen,T-Cross,1.0 200 TSI (Aut) automático,Volkswagen T-Cross T-Cross 1.0 200 TSI (Aut) automático,2025,127900.0,37802.0,SP,Hortolândia,Preto,automático,PJ,False,False,2478797,2478797,https://img1.icarros.com/dbimg/imgadicionalanuncio/1/466633045_1.jpg,t-cross,volkswagen,2026-05-12T23:09:48.460401,005510-7,T-Cross 200 TSI 1.0  Flex 12V 5p Aut.,119704.0,3,exato,0.06846888992849028
55883454,https://www.icarros.com.br/comprar/hortolandia-sp/volkswagen/t-cross/2024/d55883454,Volkswagen,T-Cross,1.4 250 TSI Highline (Aut) automático,Volkswagen T-Cross T-Cross 1.4 250 TSI Highline (Aut) automático,2024,131900.0,36149.0,SP,Hortolândia,Preto,automático,PJ,False,False,2478797,2478797,https://img0.icarros.com/dbimg/imgadicionalanuncio/1/466633240_1.jpg,t-cross,volkswagen,2026-05-12T23:09:48.460601,005508-5,T-Cross Hig. 250 TSI 1.4 Flex 16V 5p Aut,131448.0,4,exato,0.00343862211673057
56540243,https://www.icarros.com.br/comprar/hortolandia-sp/volkswagen/t-cross/2025/d56540243,Volkswagen,T-Cross,1.0 200 TSI Comfortline (Aut) automático,Volkswagen T-Cross T-Cross 1.0 200 TSI Comfortline (Aut) automático,2025,135900.0,32469.0,SP,Hortolândia,Preto,automático,PJ,False,False,2478797,2478797,https://img2.icarros.com/dbimg/imgadicionalanuncio/1/468499929_1.jpg,t-cross,volkswagen,2026-05-12T23:09:48.460791,005510-7,T-Cross 200 TSI 1.0  Flex 12V 5p Aut.,119704.0,3,exato,0.13530040767225823
56819424,https://www.icarros.com.br/comprar/hortolandia-sp/volkswagen/t-cross/2025/d56819424,Volkswagen,T-Cross,1.0 200 TSI Comfortline (Aut) automático,Volkswagen T-Cross T-Cross 1.0 200 TSI Comfortline (Aut) automático,2025,135900.0,54008.0,SP,Hortolândia,Prata,automático,PJ,False,False,2478797,2478797,https://img0.icarros.com/dbimg/imgadicionalanuncio/1/471669490_1.jpg,t-cross,volkswagen,2026-05-12T23:09:48.460992,005510-7,T-Cross 200 TSI 1.0  Flex 12V 5p Aut.,119704.0,3,exato,0.13530040767225823
56641177,https://www.icarros.com.br/comprar/hortolandia-sp/volkswagen/t-cross/2025/d56641177,Volkswagen,T-Cross,1.0 200 TSI Comfortline (Aut) automático,Volkswagen T-Cross T-Cross 1.0 200 TSI Comfortline (Aut) automático,2025,135900.0,21234.0,SP,Hortolândia,Azul,automático,PJ,False,False,2478797,2478797,https://img1.icarros.com/dbimg/imgadicionalanuncio/1/469632643_1.jpg,t-cross,volkswagen,2026-05-12T23:09:48.461188,005510-7,T-Cross 200 TSI 1.0  Flex 12V 5p Aut.,119704.0,3,exato,0.13530040767225823
56921415,https://www.icarros.com.br/comprar/hortolandia-sp/volkswagen/t-cross/2025/d56921415,Volkswagen,T-Cross,1.4 250 TSI Highline (Aut) automático,Volkswagen T-Cross T-Cross 1.4 250 TSI Highline (Aut) automático,2025,144900.0,41533.0,SP,Hortolândia,Branco,automático,PJ,False,False,2478797,2478797,https://img0.icarros.com/dbimg/imgadicionalanuncio/1/472807149_1.jpg,t-cross,volkswagen,2026-05-12T23:09:48.461388,005508-5,T-Cross Hig. 250 TSI 1.4 Flex 16V 5p Aut,143595.0,4,exato,0.009088060169225948
56900126,https://www.icarros.com.br/comprar/sao-bernardo-do-campo-sp/volkswagen/t-cross/2021/d56900126,Volkswagen,T-Cross,1.0 200 TSI Sense (Aut) automático,Volkswagen T-Cross T-Cross 1.0 200 TSI Sense (Aut) automático,2021,87800.0,78166.0,SP,São Bernardo do Campo,Preto,automático,PJ,False,False,2607828,2607828,https://img2.icarros.com/dbimg/imgadicionalanuncio/1/472586087_1.jpg,t-cross,volkswagen,2026-05-12T23:09:48.461819,005520-4,T-Cross Sense 200 TSI 1.0 Flex 5p Aut.,87386.0,4,exato,0.004737600988716728
56777361,https://www.icarros.com.br/comprar/sao-bernardo-do-campo-sp/volkswagen/t-cross/2024/d56777361,Volkswagen,T-Cross,1.0 200 TSI Comfortline (Aut) automático,Volkswagen T-Cross T-Cross 1.0 200 TSI Comfortline (Aut) automático,2024,112800.0,55476.0,SP,São Bernardo do Campo,Prata,automático,PJ,False,False,2607828,2607828,https://img0.icarros.com/dbimg/imgadicionalanuncio/1/471888237_1.jpg,t-cross,volkswagen,2026-05-12T23:09:48.462018,005510-7,T-Cross 200 TSI 1.0  Flex 12V 5p Aut.,107734.0,3,exato,0.04702322386618895
56777648,https://www.icarros.com.br/comprar/sao-bernardo-do-campo-sp/volkswagen/t-cross/2023/d56777648,Volkswagen,T-Cross,1.4 250 TSI Highline (Aut) automático,Volkswagen T-Cross T-Cross 1.4 250 TSI Highline (Aut) automático,2023,127800.0,62210.0,SP,São Bernardo do Campo,Azul,automático,PJ,False,False,2607828,2607828,https://img2.icarros.com/dbimg/imgadicionalanuncio/1/471167696_1.jpg,t-cross,volkswagen,2026-05-12T23:09:48.462218,005508-5,T-Cross Hig. 250 TSI 1.4 Flex 16V 5p Aut,124531.0,4,exato,0.026250491845403956
57391579,https://www.icarros.com.br/comprar/sao-bernardo-do-campo-sp/volkswagen/t-cross/2025/d57391579,Volkswagen,T-Cross,1.4 250 TSI Highline (Aut) automático,Volkswagen T-Cross T-Cross 1.4 250 TSI Highline (Aut) automático,2025,139800.0,44090.0,SP,São Bernardo do Campo,Branco,automático,PJ,False,False,2607828,2607828,https://img1.icarros.com/dbimg/imgadicionalanuncio/1/477586102_1.jpg,t-cross,volkswagen,2026-05-12T23:09:48.535722,005508-5,T-Cross Hig. 250 TSI 1.4 Flex 16V 5p Aut,143595.0,4,exato,-0.02642849681395592
56301019,https://www.icarros.com.br/comprar/barueri-sp/volkswagen/t-cross/2021/d56301019,Volkswagen,T-Cross,1.0 200 TSI Comfortline (Aut) automático,Volkswagen T-Cross T-Cross 1.0 200 TSI Comfortline (Aut) automático,2021,99890.0,102590.0,SP,Barueri,Preto,automático,PJ,False,False,467667,467667,https://img1.icarros.com/dbimg/imgadicionalanuncio/1/465951743_1.jpg,t-cross,volkswagen,2026-05-12T23:09:48.536569,005510-7,T-Cross 200 TSI 1.0  Flex 12V 5p Aut.,92877.0,3,exato,0.07550846818911033
57227461,https://www.icarros.com.br/comprar/sao-bernardo-do-campo-sp/volkswagen/t-cross/2022/d57227461,Volkswagen,T-Cross,1.0 200 TSI (Aut) automático,Volkswagen T-Cross T-Cross 1.0 200 TSI (Aut) automático,2022,95900.0,66000.0,SP,São Bernardo do Campo,Prata,automático,PJ,False,False,767795,767795,https://img1.icarros.com/dbimg/imgadicionalanuncio/1/475932760_1.jpg,t-cross,volkswagen,2026-05-12T23:09:48.536772,005510-7,T-Cross 200 TSI 1.0  Flex 12V 5p Aut.,96806.0,3,exato,-0.009358924033634279
56666664,https://www.icarros.com.br/comprar/mogi-guacu-sp/volkswagen/t-cross/2024/d56666664,Volkswagen,T-Cross,1.0 200 TSI Comfortline (Aut) automático,Volkswagen T-Cross T-Cross 1.0 200 TSI Comfortline (Aut) automático,2024,119990.0,59000.0,SP,Mogi Guaçu,Prata,automático,PJ,False,False,2591147,2591147,https://img0.icarros.com/dbimg/imgadicionalanuncio/1/469921133_1.jpg,t-cross,volkswagen,2026-05-12T23:09:48.612407,005510-7,T-Cross 200 TSI 1.0  Flex 12V 5p Aut.,107734.0,3,exato,0.11376167226687954
56754827,https://www.icarros.com.br/comprar/sao-paulo-sp/volkswagen/t-cross/2025/d56754827,Volkswagen,T-Cross,1.0 200 TSI Comfortline (Aut) automático,Volkswagen T-Cross T-Cross 1.0 200 TSI Comfortline (Aut) automático,2025,124999.0,39300.0,SP,São Paulo,Prata,automático,PJ,False,False,2566993,2566993,https://img2.icarros.com/dbimg/imgadicionalanuncio/1/473826262_1.jpg,t-cross,volkswagen,2026-05-12T23:09:48.612606,005510-7,T-Cross 200 TSI 1.0  Flex 12V 5p Aut.,119704.0,3,exato,0.04423411080665642
56648418,https://www.icarros.com.br/comprar/sao-paulo-sp/volkswagen/t-cross/2025/d56648418,Volkswagen,T-Cross,1.0 200 TSI Comfortline (Aut) automático,Volkswagen T-Cross T-Cross 1.0 200 TSI Comfortline (Aut) automático,2025,126300.0,34600.0,SP,São Paulo,Prata,automático,PJ,False,False,2566993,2566993,https://img0.icarros.com/dbimg/imgadicionalanuncio/1/477203071_1.jpg,t-cross,volkswagen,2026-05-12T23:09:48.612806,005510-7,T-Cross 200 TSI 1.0  Flex 12V 5p Aut.,119704.0,3,exato,0.05510258637973668
57228141,https://www.icarros.com.br/comprar/sao-paulo-sp/volkswagen/t-cross/2025/d57228141,Volkswagen,T-Cross,1.0 200 TSI (Aut) automático,Volkswagen T-Cross T-Cross 1.0 200 TSI (Aut) automático,2025,126700.0,35500.0,SP,São Paulo,Cinza,automático,PJ,False,False,2566993,2566993,https://img0.icarros.com/dbimg/imgadicionalanuncio/1/475939602_1.jpg,t-cross,volkswagen,2026-05-12T23:09:48.613007,005510-7,T-Cross 200 TSI 1.0  Flex 12V 5p Aut.,119704.0,3,exato,0.05844416226692508
57505801,https://www.icarros.com.br/comprar/sao-paulo-sp/volkswagen/t-cross/2025/d57505801,Volkswagen,T-Cross,1.0 200 TSI Comfortline (Aut) automático,Volkswagen T-Cross T-Cross 1.0 200 TSI Comfortline (Aut) automático,2025,126700.0,35600.0,SP,São Paulo,Branco,automático,PJ,False,False,2566993,2566993,https://img1.icarros.com/dbimg/imgadicionalanuncio/1/478743325_1.jpg,t-cross,volkswagen,2026-05-12T23:09:48.613208,005510-7,T-Cross 200 TSI 1.0  Flex 12V 5p Aut.,119704.0,3,exato,0.05844416226692508
56753992,https://www.icarros.com.br/comprar/sao-paulo-sp/volkswagen/t-cross/2025/d56753992,Volkswagen,T-Cross,1.0 200 TSI Comfortline (Aut) automático,Volkswagen T-Cross T-Cross 1.0 200 TSI Comfortline (Aut) automático,2025,127099.0,33100.0,SP,São Paulo,Branco,automático,PJ,False,False,2566993,2566993,https://img1.icarros.com/dbimg/imgadicionalanuncio/1/473825847_1.jpg,t-cross,volkswagen,2026-05-12T23:09:48.613409,005510-7,T-Cross 200 TSI 1.0  Flex 12V 5p Aut.,119704.0,3,exato,0.061777384214395506
57228124,https://www.icarros.com.br/comprar/sao-paulo-sp/volkswagen/t-cross/2025/d57228124,Volkswagen,T-Cross,1.0 200 TSI Comfortline (Aut) automático,Volkswagen T-Cross T-Cross 1.0 200 TSI Comfortline (Aut) automático,2025,127099.0,33900.0,SP,São Paulo,Branco,automático,PJ,False,False,2566993,2566993,https://img1.icarros.com/dbimg/imgadicionalanuncio/1/475939479_1.jpg,t-cross,volkswagen,2026-05-12T23:09:48.613608,005510-7,T-Cross 200 TSI 1.0  Flex 12V 5p Aut.,119704.0,3,exato,0.061777384214395506
56720657,https://www.icarros.com.br/comprar/sao-paulo-sp/volkswagen/t-cross/2025/d56720657,Volkswagen,T-Cross,1.0 200 TSI Comfortline (Aut) automático,Volkswagen T-Cross T-Cross 1.0 200 TSI Comfortline (Aut) automático,2025,127099.0,33000.0,SP,São Paulo,Preto,automático,PJ,False,False,2566993,2566993,https://img2.icarros.com/dbimg/imgadicionalanuncio/1/473825856_1.jpg,t-cross,volkswagen,2026-05-12T23:09:48.613805,005510-7,T-Cross 200 TSI 1.0  Flex 12V 5p Aut.,119704.0,3,exato,0.061777384214395506
56754795,https://www.icarros.com.br/comprar/sao-paulo-sp/volkswagen/t-cross/2025/d56754795,Volkswagen,T-Cross,1.0 200 TSI (Aut) automático,Volkswagen T-Cross T-Cross 1.0 200 TSI (Aut) automático,2025,127299.0,30000.0,SP,São Paulo,Cinza,automático,PJ,False,False,2566993,2566993,https://img0.icarros.com/dbimg/imgadicionalanuncio/1/473825870_1.jpg,t-cross,volkswagen,2026-05-12T23:09:48.614002,005510-7,T-Cross 200 TSI 1.0  Flex 12V 5p Aut.,119704.0,3,exato,0.0634481721579897
56771278,https://www.icarros.com.br/comprar/sao-paulo-sp/volkswagen/t-cross/2025/d56771278,Volkswagen,T-Cross,1.0 200 TSI Comfortline (Aut) automático,Volkswagen T-Cross T-Cross 1.0 200 TSI Comfortline (Aut) automático,2025,127299.0,32000.0,SP,São Paulo,Branco,automático,PJ,False,False,2566993,2566993,https://img1.icarros.com/dbimg/imgadicionalanuncio/1/473825936_1.jpg,t-cross,volkswagen,2026-05-12T23:09:48.614199,005510-7,T-Cross 200 TSI 1.0  Flex 12V 5p Aut.,119704.0,3,exato,0.0634481721579897
57449653,https://www.icarros.com.br/comprar/sao-paulo-sp/volkswagen/t-cross/2025/d57449653,Volkswagen,T-Cross,1.0 200 TSI Comfortline (Aut) automático,Volkswagen T-Cross T-Cross 1.0 200 TSI Comfortline (Aut) automático,2025,127299.0,30000.0,SP,São Paulo,Cinza,automático,PJ,False,False,2566993,2566993,https://img1.icarros.com/dbimg/imgadicionalanuncio/1/478175186_1.jpg,t-cross,volkswagen,2026-05-12T23:09:48.614398,005510-7,T-Cross 200 TSI 1.0  Flex 12V 5p Aut.,119704.0,3,exato,0.0634481721579897
56753605,https://www.icarros.com.br/comprar/sao-paulo-sp/volkswagen/t-cross/2025/d56753605,Volkswagen,T-Cross,1.0 200 TSI Comfortline (Aut) automático,Volkswagen T-Cross T-Cross 1.0 200 TSI Comfortline (Aut) automático,2025,127311.0,31810.0,SP,São Paulo,Prata,automático,PJ,False,False,2566993,2566993,https://img1.icarros.com/dbimg/imgadicionalanuncio/1/477599038_1.jpg,t-cross,volkswagen,2026-05-12T23:09:48.614598,005510-7,T-Cross 200 TSI 1.0  Flex 12V 5p Aut.,119704.0,3,exato,0.06354841943460536
56753176,https://www.icarros.com.br/comprar/sao-paulo-sp/volkswagen/t-cross/2025/d56753176,Volkswagen,T-Cross,1.0 200 TSI Comfortline (Aut) automático,Volkswagen T-Cross T-Cross 1.0 200 TSI Comfortline (Aut) automático,2025,129400.0,25500.0,SP,São Paulo,Branco,automático,PJ,False,False,2566993,2566993,https://img1.icarros.com/dbimg/imgadicionalanuncio/1/472816101_1.jpg,t-cross,volkswagen,2026-05-12T23:09:48.614797,005510-7,T-Cross 200 TSI 1.0  Flex 12V 5p Aut.,119704.0,3,exato,0.08099979950544677
57227074,https://www.icarros.com.br/comprar/sao-caetano-do-sul-sp/volkswagen/t-cross/2021/d57227074,Volkswagen,T-Cross,1.0 200 TSI (Aut) automático,Volkswagen T-Cross T-Cross 1.0 200 TSI (Aut) automático,2021,80890.0,160119.0,SP,São Caetano do Sul,Prata,automático,PJ,False,False,1537418,1537418,https://img1.icarros.com/dbimg/imgadicionalanuncio/1/475928837_1.jpg,t-cross,volkswagen,2026-05-12T23:09:48.615002,005510-7,T-Cross 200 TSI 1.0  Flex 12V 5p Aut.,92877.0,3,exato,-0.12906316956835384
57363125,https://www.icarros.com.br/comprar/sao-paulo-sp/volkswagen/t-cross/2024/d57363125,Volkswagen,T-Cross,1.0 200 TSI (Aut) automático,Volkswagen T-Cross T-Cross 1.0 200 TSI (Aut) automático,2024,112590.0,48090.0,SP,São Paulo,Prata,automático,LC,False,False,2562310,2562310,https://img2.icarros.com/dbimg/imgadicionalanuncio/1/477303816_1.jpg,t-cross,volkswagen,2026-05-12T23:09:48.689337,005510-7,T-Cross 200 TSI 1.0  Flex 12V 5p Aut.,107734.0,3,exato,0.045073978502608275
57485504,https://www.icarros.com.br/comprar/sao-paulo-sp/volkswagen/t-cross/2025/d57485504,Volkswagen,T-Cross,1.0 200 TSI (Aut) automático,Volkswagen T-Cross T-Cross 1.0 200 TSI (Aut) automático,2025,121990.0,45330.0,SP,São Paulo,Branco,automático,LC,False,False,2562310,2562310,https://img2.icarros.com/dbimg/imgadicionalanuncio/1/478535818_1.jpg,t-cross,volkswagen,2026-05-12T23:09:48.689544,005510-7,T-Cross 200 TSI 1.0  Flex 12V 5p Aut.,119704.0,3,exato,0.019097106195281696
57363151,https://www.icarros.com.br/comprar/sao-paulo-sp/volkswagen/t-cross/2022/d57363151,Volkswagen,T-Cross,1.4 250 TSI Highline (Aut) automático,Volkswagen T-Cross T-Cross 1.4 250 TSI Highline (Aut) automático,2022,126690.0,35428.0,SP,São Paulo,Preto,automático,LC,False,False,2562310,2562310,https://img1.icarros.com/dbimg/imgadicionalanuncio/1/477304097_1.jpg,t-cross,volkswagen,2026-05-12T23:09:48.689745,005508-5,T-Cross Hig. 250 TSI 1.4 Flex 16V 5p Aut,115418.0,4,exato,0.09766240967613371
57496035,https://www.icarros.com.br/comprar/sao-paulo-sp/volkswagen/t-cross/2025/d57496035,Volkswagen,T-Cross,1.4 250 TSI Highline (Aut) automático,Volkswagen T-Cross T-Cross 1.4 250 TSI Highline (Aut) automático,2025,139990.0,45744.0,SP,São Paulo,Cinza,automático,LC,False,False,2562310,2562310,https://img0.icarros.com/dbimg/imgadicionalanuncio/1/478640487_1.jpg,t-cross,volkswagen,2026-05-12T23:09:48.689950,005508-5,T-Cross Hig. 250 TSI 1.4 Flex 16V 5p Aut,143595.0,4,exato,-0.025105330965562868
56632763,https://www.icarros.com.br/comprar/sao-paulo-sp/volkswagen/t-cross/2024/d56632763,Volkswagen,T-Cross,1.4 250 TSI Highline (Aut) automático,Volkswagen T-Cross T-Cross 1.4 250 TSI Highline (Aut) automático,2024,147390.0,15993.0,SP,São Paulo,Azul,automático,LC,False,False,2562310,2562310,https://img2.icarros.com/dbimg/imgadicionalanuncio/1/469539134_1.jpg,t-cross,volkswagen,2026-05-12T23:09:48.690154,005508-5,T-Cross Hig. 250 TSI 1.4 Flex 16V 5p Aut,131448.0,4,exato,0.12127989775424503
56804930,https://www.icarros.com.br/comprar/campinas-sp/volkswagen/t-cross/2023/d56804930,Volkswagen,T-Cross,1.0 200 TSI Comfortline (Aut) automático,Volkswagen T-Cross T-Cross 1.0 200 TSI Comfortline (Aut) automático,2023,106990.0,57000.0,SP,Campinas,Azul,automático,PJ,False,False,2002215,2002215,https://img2.icarros.com/dbimg/imgadicionalanuncio/1/471497145_1.jpg,t-cross,volkswagen,2026-05-12T23:09:48.690372,005510-7,T-Cross 200 TSI 1.0  Flex 12V 5p Aut.,100068.0,3,exato,0.06917296238557781
56785395,https://www.icarros.com.br/comprar/santo-andre-sp/volkswagen/t-cross/2020/d56785395,Volkswagen,T-Cross,1.4 250 TSI Highline (Aut) automático,Volkswagen T-Cross T-Cross 1.4 250 TSI Highline (Aut) automático,2020,106890.0,70136.0,SP,Santo André,Cinza,automático,PJ,False,False,36711,36711,https://img0.icarros.com/dbimg/imgadicionalanuncio/1/471257098_1.jpg,t-cross,volkswagen,2026-05-12T23:09:48.690996,005508-5,T-Cross Hig. 250 TSI 1.4 Flex 16V 5p Aut,104693.0,4,exato,0.020985166152464825
56680166,https://www.icarros.com.br/comprar/sao-paulo-sp/volkswagen/t-cross/2021/d56680166,Volkswagen,T-Cross,1.4 250 TSI Highline (Aut) automático,Volkswagen T-Cross T-Cross 1.4 250 TSI Highline (Aut) automático,2021,104800.0,60000.0,SP,São Paulo,Preto,automático,PJ,False,False,2453960,2453960,https://img2.icarros.com/dbimg/imgadicionalanuncio/1/472390674_1.jpg,t-cross,volkswagen,2026-05-12T23:09:48.767415,005508-5,T-Cross Hig. 250 TSI 1.4 Flex 16V 5p Aut,109080.0,4,exato,-0.039237257059039236
56819273,https://www.icarros.com.br/comprar/sao-paulo-sp/volkswagen/t-cross/2025/d56819273,Volkswagen,T-Cross,1.4 250 TSI Highline (Aut) automático,Volkswagen T-Cross T-Cross 1.4 250 TSI Highline (Aut) automático,2025,135900.0,40000.0,SP,São Paulo,Branco,automático,PJ,False,False,2453960,2453960,https://img2.icarros.com/dbimg/imgadicionalanuncio/1/471900607_1.jpg,t-cross,volkswagen,2026-05-12T23:09:48.767661,005508-5,T-Cross Hig. 250 TSI 1.4 Flex 16V 5p Aut,143595.0,4,exato,-0.05358821685991852
57298128,https://www.icarros.com.br/comprar/guarulhos-sp/volkswagen/t-cross/2022/d57298128,Volkswagen,T-Cross,1.0 200 TSI Comfortline (Aut) automático,Volkswagen T-Cross T-Cross 1.0 200 TSI Comfortline (Aut) automático,2022,94900.0,74000.0,SP,Guarulhos,Preto,automático,PJ,False,False,2395904,2395904,https://img0.icarros.com/dbimg/imgadicionalanuncio/1/476645644_1.jpg,t-cross,volkswagen,2026-05-12T23:09:48.768099,005510-7,T-Cross 200 TSI 1.0  Flex 12V 5p Aut.,96806.0,3,exato,-0.019688862260603682
56683891,https://www.icarros.com.br/comprar/praia-grande-sp/volkswagen/t-cross/2022/d56683891,Volkswagen,T-Cross,1.0 200 TSI Sense (Aut) automático,Volkswagen T-Cross T-Cross 1.0 200 TSI Sense (Aut) automático,2022,99900.0,68672.0,SP,Praia Grande,Branco,automático,PJ,False,False,2173493,2173493,https://img1.icarros.com/dbimg/imgadicionalanuncio/1/470119605_1.jpg,t-cross,volkswagen,2026-05-12T23:09:48.768328,005520-4,T-Cross Sense 200 TSI 1.0 Flex 5p Aut.,91057.0,4,exato,0.0971149939049167
56977528,https://www.icarros.com.br/comprar/sertaozinho-sp/volkswagen/t-cross/2025/d56977528,Volkswagen,T-Cross,1.4 250 TSI Highline (Aut) automático,Volkswagen T-Cross T-Cross 1.4 250 TSI Highline (Aut) automático,2025,145900.0,46831.0,SP,Sertãozinho,Branco,automático,PJ,False,False,2498769,2498769,https://img1.icarros.com/dbimg/imgadicionalanuncio/1/473397646_1.jpg,t-cross,volkswagen,2026-05-12T23:09:48.770086,005508-5,T-Cross Hig. 250 TSI 1.4 Flex 16V 5p Aut,143595.0,4,exato,0.016052090950242
56896903,https://www.icarros.com.br/comprar/sao-carlos-sp/volkswagen/t-cross/2021/d56896903,Volkswagen,T-Cross,1.0 200 TSI (Aut) automático,Volkswagen T-Cross T-Cross 1.0 200 TSI (Aut) automático,2021,103990.0,60000.0,SP,São Carlos,Marrom,automático,PJ,False,False,2244802,2244802,https://img1.icarros.com/dbimg/imgadicionalanuncio/1/472549091_1.jpg,t-cross,volkswagen,2026-05-12T23:09:48.770315,005510-7,T-Cross 200 TSI 1.0  Flex 12V 5p Aut.,92877.0,3,exato,0.1196528742315105
56451798,https://www.icarros.com.br/comprar/bauru-sp/volkswagen/t-cross/2025/d56451798,Volkswagen,T-Cross,1.4 250 TSI Highline (Aut) automático,Volkswagen T-Cross T-Cross 1.4 250 TSI Highline (Aut) automático,2025,149000.0,23031.0,SP,Bauru,Branco,automático,PJ,False,False,124155,124155,https://img0.icarros.com/dbimg/imgadicionalanuncio/1/467521176_1.jpg,t-cross,volkswagen,2026-05-12T23:09:48.912255,005508-5,T-Cross Hig. 250 TSI 1.4 Flex 16V 5p Aut,143595.0,4,exato,0.03764058637139176
56462671,https://www.icarros.com.br/comprar/sao-paulo-sp/volkswagen/t-cross/2020/d56462671,Volkswagen,T-Cross,1.4 250 TSI Highline (Aut) automático,Volkswagen T-Cross T-Cross 1.4 250 TSI Highline (Aut) automático,2020,128900.0,80674.0,SP,São Paulo,Branco,automático,PJ,False,False,2327470,2327470,https://img1.icarros.com/dbimg/imgadicionalanuncio/1/467633585_1.jpg,t-cross,volkswagen,2026-05-12T23:09:48.915542,005508-5,T-Cross Hig. 250 TSI 1.4 Flex 16V 5p Aut,104693.0,4,exato,0.2312188971564479
56736189,https://www.icarros.com.br/comprar/sao-paulo-sp/volkswagen/t-cross/2025/d56736189,Volkswagen,T-Cross,1.4 250 TSI Highline (Aut) automático,Volkswagen T-Cross T-Cross 1.4 250 TSI Highline (Aut) automático,2025,150000.0,41300.0,SP,São Paulo,Branco,automático,PJ,False,False,2327470,2327470,https://img0.icarros.com/dbimg/imgadicionalanuncio/1/470698595_1.jpg,t-cross,volkswagen,2026-05-12T23:09:48.988061,005508-5,T-Cross Hig. 250 TSI 1.4 Flex 16V 5p Aut,143595.0,4,exato,0.044604617152407815
57216925,https://www.icarros.com.br/comprar/leme-sp/volkswagen/t-cross/2023/d57216925,Volkswagen,T-Cross,1.0 200 TSI Comfortline (Aut) automático,Volkswagen T-Cross T-Cross 1.0 200 TSI Comfortline (Aut) automático,2023,117490.0,30230.0,SP,Leme,Preto,automático,PJ,False,False,83911,83911,https://img1.icarros.com/dbimg/imgadicionalanuncio/1/475821940_1.jpg,t-cross,volkswagen,2026-05-12T23:09:48.988589,005510-7,T-Cross 200 TSI 1.0  Flex 12V 5p Aut.,100068.0,3,exato,0.17410161090458487
56549812,https://www.icarros.com.br/comprar/barueri-sp/volkswagen/t-cross/2025/d56549812,Volkswagen,T-Cross,1.0 200 TSI Sense (Aut) automático,Volkswagen T-Cross T-Cross 1.0 200 TSI Sense (Aut) automático,2025,109900.0,36000.0,SP,Barueri,Preto,automático,PJ,False,False,2409497,2409497,https://img1.icarros.com/dbimg/imgadicionalanuncio/1/468598743_1.jpg,t-cross,volkswagen,2026-05-12T23:09:48.989012,005520-4,T-Cross Sense 200 TSI 1.0 Flex 5p Aut.,108541.0,4,exato,0.012520614330068822
56316060,https://www.icarros.com.br/comprar/sao-paulo-sp/volkswagen/t-cross/2024/d56316060,Volkswagen,T-Cross,1.0 200 TSI (Aut) automático,Volkswagen T-Cross T-Cross 1.0 200 TSI (Aut) automático,2024,109900.0,31000.0,SP,São Paulo,Branco,automático,PJ,False,False,692989,692989,https://img0.icarros.com/dbimg/imgadicionalanuncio/1/466108647_1.jpg,t-cross,volkswagen,2026-05-12T23:09:48.990429,005510-7,T-Cross 200 TSI 1.0  Flex 12V 5p Aut.,107734.0,3,exato,0.020105073607217777
57447071,https://www.icarros.com.br/comprar/mogi-mirim-sp/volkswagen/t-cross/2020/d57447071,Volkswagen,T-Cross,1.0 200 TSI Comfortline (Aut) automático,Volkswagen T-Cross T-Cross 1.0 200 TSI Comfortline (Aut) automático,2020,98900.0,59000.0,SP,Mogi Mirim,Vinho,automático,PJ,False,False,2130347,2130347,https://img2.icarros.com/dbimg/imgadicionalanuncio/1/478149274_1.jpg,t-cross,volkswagen,2026-05-12T23:09:48.990623,005510-7,T-Cross 200 TSI 1.0  Flex 12V 5p Aut.,88676.0,3,exato,0.11529613424150842
56669466,https://www.icarros.com.br/comprar/bauru-sp/volkswagen/t-cross/2024/d56669466,Volkswagen,T-Cross,1.0 200 TSI (Aut) automático,Volkswagen T-Cross T-Cross 1.0 200 TSI (Aut) automático,2024,102900.0,58000.0,SP,Bauru,Branco,automático,PJ,False,False,1848782,1848782,https://img0.icarros.com/dbimg/imgadicionalanuncio/1/469954771_1.jpg,t-cross,volkswagen,2026-05-12T23:09:48.990825,005510-7,T-Cross 200 TSI 1.0  Flex 12V 5p Aut.,107734.0,3,exato,-0.04486977184547125
56905941,https://www.icarros.com.br/comprar/guaratingueta-sp/volkswagen/t-cross/2023/d56905941,Volkswagen,T-Cross,1.4 250 TSI Highline (Aut) automático,Volkswagen T-Cross T-Cross 1.4 250 TSI Highline (Aut) automático,2023,128900.0,65779.0,SP,Guaratinguetá,Preto,automático,PJ,False,False,221815,221815,https://img0.icarros.com/dbimg/imgadicionalanuncio/1/475394797_1.jpg,t-cross,volkswagen,2026-05-12T23:09:48.991026,005508-5,T-Cross Hig. 250 TSI 1.4 Flex 16V 5p Aut,124531.0,4,exato,0.03508363379399507
56260160,https://www.icarros.com.br/comprar/indaiatuba-sp/volkswagen/t-cross/2024/d56260160,Volkswagen,T-Cross,1.4 250 TSI Highline (Aut) automático,Volkswagen T-Cross T-Cross 1.4 250 TSI Highline (Aut) automático,2024,127990.0,58419.0,SP,Indaiatuba,Branco,automático,PJ,False,False,124201,124201,https://img2.icarros.com/dbimg/imgadicionalanuncio/1/465522109_1.jpg,t-cross,volkswagen,2026-05-12T23:09:49.143024,005508-5,T-Cross Hig. 250 TSI 1.4 Flex 16V 5p Aut,131448.0,4,exato,-0.026306980707199806
56585792,https://www.icarros.com.br/comprar/espirito-santo-do-pinhal-sp/volkswagen/t-cross/2023/d56585792,Volkswagen,T-Cross,1.4 250 TSI Highline (Aut) automático,Volkswagen T-Cross T-Cross 1.4 250 TSI Highline (Aut) automático,2023,124990.0,49000.0,SP,Espírito Santo do Pinhal,Preto,automático,PJ,False,False,1675029,1675029,https://img2.icarros.com/dbimg/imgadicionalanuncio/1/469019263_1.jpg,t-cross,volkswagen,2026-05-12T23:09:49.143838,005508-5,T-Cross Hig. 250 TSI 1.4 Flex 16V 5p Aut,124531.0,4,exato,0.0036858292312757467
57461610,https://www.icarros.com.br/comprar/sao-paulo-sp/volkswagen/t-cross/2022/d57461610,Volkswagen,T-Cross,1.0 200 TSI Sense (Aut) automático,Volkswagen T-Cross T-Cross 1.0 200 TSI Sense (Aut) automático,2022,98880.0,36000.0,SP,São Paulo,Branco,automático,PJ,False,False,171547,171547,https://img0.icarros.com/dbimg/imgadicionalanuncio/1/478296217_1.jpg,t-cross,volkswagen,2026-05-12T23:09:49.145468,005520-4,T-Cross Sense 200 TSI 1.0 Flex 5p Aut.,91057.0,4,exato,0.085913219192374
57461403,https://www.icarros.com.br/comprar/sao-paulo-sp/volkswagen/t-cross/2022/d57461403,Volkswagen,T-Cross,1.4 250 TSI Highline (Aut) automático,Volkswagen T-Cross T-Cross 1.4 250 TSI Highline (Aut) automático,2022,114880.0,56000.0,SP,São Paulo,Branco,automático,PJ,False,False,171547,171547,https://img0.icarros.com/dbimg/imgadicionalanuncio/1/478294144_1.jpg,t-cross,volkswagen,2026-05-12T23:09:49.145671,005508-5,T-Cross Hig. 250 TSI 1.4 Flex 16V 5p Aut,115418.0,4,exato,-0.0046613179919943164
57101635,https://www.icarros.com.br/comprar/sao-paulo-sp/volkswagen/t-cross/2021/d57101635,Volkswagen,T-Cross,1.4 250 TSI Highline (Aut) automático,Volkswagen T-Cross T-Cross 1.4 250 TSI Highline (Aut) automático,2021,159990.0,59000.0,SP,São Paulo,Cinza,automático,PJ,False,False,171547,171547,https://img1.icarros.com/dbimg/imgadicionalanuncio/1/474652049_1.jpg,t-cross,volkswagen,2026-05-12T23:09:49.145871,005508-5,T-Cross Hig. 250 TSI 1.4 Flex 16V 5p Aut,109080.0,4,exato,0.4667216721672167
57362712,https://www.icarros.com.br/comprar/sao-paulo-sp/volkswagen/t-cross/2026/d57362712,Volkswagen,T-Cross,1.4 250 TSI Highline (Aut) automático,Volkswagen T-Cross T-Cross 1.4 250 TSI Highline (Aut) automático,2026,165990.0,6000.0,SP,São Paulo,Branco,automático,PJ,False,False,171547,171547,https://img0.icarros.com/dbimg/imgadicionalanuncio/1/477299250_1.jpg,t-cross,volkswagen,2026-05-12T23:09:49.146071,005508-5,T-Cross Hig. 250 TSI 1.4 Flex 16V 5p Aut,160967.0,4,exato,0.03120515385141054
56674249,https://www.icarros.com.br/comprar/botucatu-sp/volkswagen/t-cross/2024/d56674249,Volkswagen,T-Cross,1.4 250 TSI Highline (Aut) automático,Volkswagen T-Cross T-Cross 1.4 250 TSI Highline (Aut) automático,2024,133900.0,35000.0,SP,Botucatu,Prata,automático,PJ,False,False,1425396,1425396,https://img1.icarros.com/dbimg/imgadicionalanuncio/1/470582855_1.jpg,t-cross,volkswagen,2026-05-12T23:09:49.146271,005508-5,T-Cross Hig. 250 TSI 1.4 Flex 16V 5p Aut,131448.0,4,exato,0.018653764226157873
56964380,https://www.icarros.com.br/comprar/ribeirao-preto-sp/volkswagen/t-cross/2021/d56964380,Volkswagen,T-Cross,1.0 200 TSI Comfortline (Aut) manual,Volkswagen T-Cross T-Cross 1.0 200 TSI Comfortline (Aut) manual,2021,108900.0,200.0,SP,Ribeirão Preto,Vermelho,manual,PJ,False,False,2659276,2659276,https://img2.icarros.com/dbimg/imgadicionalanuncio/1/473248332_1.jpg,t-cross,volkswagen,2026-05-12T23:09:49.218802,005511-5,T-Cross 1.0 TSI Flex 12V 5p Mec.,91320.0,3,exato,0.19250985545335086
56796526,https://www.icarros.com.br/comprar/louveira-sp/volkswagen/t-cross/2022/d56796526,Volkswagen,T-Cross,1.0 200 TSI Sense (Aut) automático,Volkswagen T-Cross T-Cross 1.0 200 TSI Sense (Aut) automático,2022,92900.0,101600.0,SP,Louveira,Branco,automático,PJ,False,False,1892777,1892777,https://img1.icarros.com/dbimg/imgadicionalanuncio/1/471395277_1.jpg,t-cross,volkswagen,2026-05-12T23:09:49.219018,005520-4,T-Cross Sense 200 TSI 1.0 Flex 5p Aut.,91057.0,4,exato,0.02024006940707469
57520036,https://www.icarros.com.br/comprar/sao-paulo-sp/volkswagen/t-cross/2024/d57520036,Volkswagen,T-Cross,1.0 200 TSI Sense (Aut) automático,Volkswagen T-Cross T-Cross 1.0 200 TSI Sense (Aut) automático,2024,101900.0,18909.0,SP,São Paulo,Preto,automático,PJ,False,False,1327172,1327172,https://img1.icarros.com/dbimg/imgadicionalanuncio/1/478890791_1.jpg,t-cross,volkswagen,2026-05-12T23:09:49.219227,005520-4,T-Cross Sense 200 TSI 1.0 Flex 5p Aut.,101750.0,4,exato,0.0014742014742014742
57495867,https://www.icarros.com.br/comprar/sao-paulo-sp/volkswagen/t-cross/2022/d57495867,Volkswagen,T-Cross,1.0 200 TSI Comfortline (Aut) automático,Volkswagen T-Cross T-Cross 1.0 200 TSI Comfortline (Aut) automático,2022,109790.0,64583.0,SP,São Paulo,Prata,automático,PJ,False,False,1292778,1292778,https://img0.icarros.com/dbimg/imgadicionalanuncio/1/478638813_1.jpg,t-cross,volkswagen,2026-05-12T23:09:49.219431,005510-7,T-Cross 200 TSI 1.0  Flex 12V 5p Aut.,96806.0,3,exato,0.13412391793897072
56543547,https://www.icarros.com.br/comprar/sao-paulo-sp/volkswagen/t-cross/2022/d56543547,Volkswagen,T-Cross,1.0 200 TSI Comfortline (Aut) automático,Volkswagen T-Cross T-Cross 1.0 200 TSI Comfortline (Aut) automático,2022,113990.0,51843.0,SP,São Paulo,Preto,automático,PJ,False,False,201723,201723,https://img0.icarros.com/dbimg/imgadicionalanuncio/1/468536351_1.jpg,t-cross,volkswagen,2026-05-12T23:09:49.219637,005510-7,T-Cross 200 TSI 1.0  Flex 12V 5p Aut.,96806.0,3,exato,0.1775096584922422
57340602,https://www.icarros.com.br/comprar/vargem-grande-paulista-sp/volkswagen/t-cross/2025/d57340602,Volkswagen,T-Cross,1.4 250 TSI Highline (Aut) automático,Volkswagen T-Cross T-Cross 1.4 250 TSI Highline (Aut) automático,2025,144900.0,48175.0,SP,Vargem Grande Paulista,Branco,automático,PJ,False,False,802998,802998,https://img0.icarros.com/dbimg/imgadicionalanuncio/1/477072851_1.jpg,t-cross,volkswagen,2026-05-12T23:09:49.219841,005508-5,T-Cross Hig. 250 TSI 1.4 Flex 16V 5p Aut,143595.0,4,exato,0.009088060169225948
56883035,https://www.icarros.com.br/comprar/sao-paulo-sp/volkswagen/t-cross/2023/d56883035,Volkswagen,T-Cross,1.0 200 TSI (Aut) automático,Volkswagen T-Cross T-Cross 1.0 200 TSI (Aut) automático,2023,95990.0,39240.0,SP,São Paulo,Branco,automático,PJ,False,False,1451926,1451926,https://img2.icarros.com/dbimg/imgadicionalanuncio/1/472387731_1.jpg,t-cross,volkswagen,2026-05-12T23:09:49.220045,005510-7,T-Cross 200 TSI 1.0  Flex 12V 5p Aut.,100068.0,3,exato,-0.04075228844385818
56881256,https://www.icarros.com.br/comprar/sao-paulo-sp/volkswagen/t-cross/2020/d56881256,Volkswagen,T-Cross,1.0 200 TSI (Aut) automático,Volkswagen T-Cross T-Cross 1.0 200 TSI (Aut) automático,2020,95990.0,41477.0,SP,São Paulo,Preto,automático,PJ,False,False,1451926,1451926,https://img2.icarros.com/dbimg/imgadicionalanuncio/1/472366529_1.jpg,t-cross,volkswagen,2026-05-12T23:09:49.220220,005510-7,T-Cross 200 TSI 1.0  Flex 12V 5p Aut.,88676.0,3,exato,0.08248003969506969
56975242,https://www.icarros.com.br/comprar/sao-paulo-sp/volkswagen/t-cross/2025/d56975242,Volkswagen,T-Cross,1.0 200 TSI Sense (Aut) automático,Volkswagen T-Cross T-Cross 1.0 200 TSI Sense (Aut) automático,2025,104990.0,53842.0,SP,São Paulo,Prata,automático,PJ,False,False,1451926,1451926,https://img1.icarros.com/dbimg/imgadicionalanuncio/1/473373516_1.jpg,t-cross,volkswagen,2026-05-12T23:09:49.220422,005520-4,T-Cross Sense 200 TSI 1.0 Flex 5p Aut.,108541.0,4,exato,-0.03271574796620632
57279408,https://www.icarros.com.br/comprar/sao-paulo-sp/volkswagen/t-cross/2023/d57279408,Volkswagen,T-Cross,1.4 250 TSI Highline (Aut) automático,Volkswagen T-Cross T-Cross 1.4 250 TSI Highline (Aut) automático,2023,128900.0,47000.0,SP,São Paulo,Cinza,automático,PJ,False,False,75473,75473,https://img0.icarros.com/dbimg/imgadicionalanuncio/1/476454552_1.jpg,t-cross,volkswagen,2026-05-12T23:09:49.220609,005508-5,T-Cross Hig. 250 TSI 1.4 Flex 16V 5p Aut,124531.0,4,exato,0.03508363379399507
56147122,https://www.icarros.com.br/comprar/sao-paulo-sp/volkswagen/t-cross/2025/d56147122,Volkswagen,T-Cross,1.0 200 TSI Comfortline (Aut) automático,Volkswagen T-Cross T-Cross 1.0 200 TSI Comfortline (Aut) automático,2025,131900.0,48000.0,SP,São Paulo,Azul,automático,PJ,False,False,296894,296894,https://img1.icarros.com/dbimg/imgadicionalanuncio/1/464333670_1.jpg,t-cross,volkswagen,2026-05-12T23:09:49.221200,005510-7,T-Cross 200 TSI 1.0  Flex 12V 5p Aut.,119704.0,3,exato,0.10188464880037426
56431526,https://www.icarros.com.br/comprar/sao-jose-dos-campos-sp/volkswagen/t-cross/2020/d56431526,Volkswagen,T-Cross,1.0 200 TSI Comfortline (Aut) automático,Volkswagen T-Cross T-Cross 1.0 200 TSI Comfortline (Aut) automático,2020,99890.0,87767.0,SP,São José dos Campos,Prata,automático,PJ,False,False,2250267,2250267,https://img2.icarros.com/dbimg/imgadicionalanuncio/1/467309961_1.jpg,t-cross,volkswagen,2026-05-12T23:09:49.221401,005510-7,T-Cross 200 TSI 1.0  Flex 12V 5p Aut.,88676.0,3,exato,0.1264603725923587
57477629,https://www.icarros.com.br/comprar/presidente-prudente-sp/volkswagen/t-cross/2025/d57477629,Volkswagen,T-Cross,1.0 200 TSI (Aut) automático,Volkswagen T-Cross T-Cross 1.0 200 TSI (Aut) automático,2025,121390.0,52129.0,SP,Presidente Prudente,Prata,automático,LC,False,False,2298504,2298504,https://img2.icarros.com/dbimg/imgadicionalanuncio/1/478457446_1.jpg,t-cross,volkswagen,2026-05-12T23:09:49.221807,005510-7,T-Cross 200 TSI 1.0  Flex 12V 5p Aut.,119704.0,3,exato,0.014084742364499098
57477620,https://www.icarros.com.br/comprar/presidente-prudente-sp/volkswagen/t-cross/2025/d57477620,Volkswagen,T-Cross,1.0 200 TSI (Aut) automático,Volkswagen T-Cross T-Cross 1.0 200 TSI (Aut) automático,2025,121890.0,44032.0,SP,Presidente Prudente,Vermelho,automático,LC,False,False,2298504,2298504,https://img2.icarros.com/dbimg/imgadicionalanuncio/1/478457418_1.jpg,t-cross,volkswagen,2026-05-12T23:09:49.222012,005510-7,T-Cross 200 TSI 1.0  Flex 12V 5p Aut.,119704.0,3,exato,0.018261712223484595
57519669,https://www.icarros.com.br/comprar/presidente-prudente-sp/volkswagen/t-cross/2023/d57519669,Volkswagen,T-Cross,1.4 250 TSI Highline (Aut) automático,Volkswagen T-Cross T-Cross 1.4 250 TSI Highline (Aut) automático,2023,134390.0,10996.0,SP,Presidente Prudente,Branco,automático,LC,False,False,2298504,2298504,https://img0.icarros.com/dbimg/imgadicionalanuncio/1/478886878_1.jpg,t-cross,volkswagen,2026-05-12T23:09:49.222214,005508-5,T-Cross Hig. 250 TSI 1.4 Flex 16V 5p Aut,124531.0,4,exato,0.0791690422465089
57177360,https://www.icarros.com.br/comprar/sao-jose-dos-campos-sp/volkswagen/t-cross/2020/d57177360,Volkswagen,T-Cross,1.4 250 TSI Highline (Aut) automático,Volkswagen T-Cross T-Cross 1.4 250 TSI Highline (Aut) automático,2020,107990.0,120000.0,SP,São José dos Campos,Vermelho,automático,PJ,False,False,2505063,2505063,https://img0.icarros.com/dbimg/imgadicionalanuncio/1/476009082_1.jpg,t-cross,volkswagen,2026-05-12T23:09:49.376565,005508-5,T-Cross Hig. 250 TSI 1.4 Flex 16V 5p Aut,104693.0,4,exato,0.031492076834172295
56617800,https://www.icarros.com.br/comprar/sao-jose-dos-campos-sp/volkswagen/t-cross/2025/d56617800,Volkswagen,T-Cross,1.4 250 TSI Highline (Aut) automático,Volkswagen T-Cross T-Cross 1.4 250 TSI Highline (Aut) automático,2025,155990.0,46102.0,SP,São José dos Campos,Prata,automático,PJ,False,False,2505063,2505063,https://img0.icarros.com/dbimg/imgadicionalanuncio/1/471665197_1.jpg,t-cross,volkswagen,2026-05-12T23:09:49.376765,005508-5,T-Cross Hig. 250 TSI 1.4 Flex 16V 5p Aut,143595.0,4,exato,0.08631916153069397
57484755,https://www.icarros.com.br/comprar/piracicaba-sp/volkswagen/t-cross/2023/d57484755,Volkswagen,T-Cross,1.4 250 TSI Highline (Aut) automático,Volkswagen T-Cross T-Cross 1.4 250 TSI Highline (Aut) automático,2023,119590.0,58113.0,SP,Piracicaba,Prata,automático,LC,False,False,1234895,1234895,https://img0.icarros.com/dbimg/imgadicionalanuncio/1/478528412_1.jpg,t-cross,volkswagen,2026-05-12T23:09:49.377361,005508-5,T-Cross Hig. 250 TSI 1.4 Flex 16V 5p Aut,124531.0,4,exato,-0.039676867607262446
57484724,https://www.icarros.com.br/comprar/piracicaba-sp/volkswagen/t-cross/2024/d57484724,Volkswagen,T-Cross,1.4 250 TSI Highline (Aut) automático,Volkswagen T-Cross T-Cross 1.4 250 TSI Highline (Aut) automático,2024,122190.0,67445.0,SP,Piracicaba,Azul,automático,LC,False,False,1234895,1234895,https://img2.icarros.com/dbimg/imgadicionalanuncio/1/478528120_1.jpg,t-cross,volkswagen,2026-05-12T23:09:49.377562,005508-5,T-Cross Hig. 250 TSI 1.4 Flex 16V 5p Aut,131448.0,4,exato,-0.07043089282453899
57507953,https://www.icarros.com.br/comprar/piracicaba-sp/volkswagen/t-cross/2025/d57507953,Volkswagen,T-Cross,1.0 200 TSI Comfortline (Aut) automático,Volkswagen T-Cross T-Cross 1.0 200 TSI Comfortline (Aut) automático,2025,124690.0,46882.0,SP,Piracicaba,Branco,automático,LC,False,False,1234895,1234895,https://img2.icarros.com/dbimg/imgadicionalanuncio/1/478765244_1.jpg,t-cross,volkswagen,2026-05-12T23:09:49.450475,005510-7,T-Cross 200 TSI 1.0  Flex 12V 5p Aut.,119704.0,3,exato,0.04165274343380338
57490301,https://www.icarros.com.br/comprar/piracicaba-sp/volkswagen/t-cross/2025/d57490301,Volkswagen,T-Cross,1.4 250 TSI Highline (Aut) automático,Volkswagen T-Cross T-Cross 1.4 250 TSI Highline (Aut) automático,2025,139990.0,49322.0,SP,Piracicaba,Branco,automático,LC,False,False,1234895,1234895,https://img2.icarros.com/dbimg/imgadicionalanuncio/1/478583071_1.jpg,t-cross,volkswagen,2026-05-12T23:09:49.450692,005508-5,T-Cross Hig. 250 TSI 1.4 Flex 16V 5p Aut,143595.0,4,exato,-0.025105330965562868
57477501,https://www.icarros.com.br/comprar/piracicaba-sp/volkswagen/t-cross/2025/d57477501,Volkswagen,T-Cross,1.4 250 TSI Highline (Aut) automático,Volkswagen T-Cross T-Cross 1.4 250 TSI Highline (Aut) automático,2025,139990.0,51911.0,SP,Piracicaba,Prata,automático,LC,False,False,1234895,1234895,https://img0.icarros.com/dbimg/imgadicionalanuncio/1/478456238_1.jpg,t-cross,volkswagen,2026-05-12T23:09:49.450901,005508-5,T-Cross Hig. 250 TSI 1.4 Flex 16V 5p Aut,143595.0,4,exato,-0.025105330965562868
56968555,https://www.icarros.com.br/comprar/nova-odessa-sp/volkswagen/t-cross/2024/d56968555,Volkswagen,T-Cross,1.4 250 TSI Highline (Aut) automático,Volkswagen T-Cross T-Cross 1.4 250 TSI Highline (Aut) automático,2024,133900.0,38419.0,SP,Nova Odessa,Vermelho,automático,PJ,False,False,2429774,2429774,https://img1.icarros.com/dbimg/imgadicionalanuncio/1/473298963_1.jpg,t-cross,volkswagen,2026-05-12T23:09:49.451706,005508-5,T-Cross Hig. 250 TSI 1.4 Flex 16V 5p Aut,131448.0,4,exato,0.018653764226157873
56575332,https://www.icarros.com.br/comprar/campinas-sp/volkswagen/t-cross/2020/d56575332,Volkswagen,T-Cross,1.4 250 TSI Highline (Aut) automático,Volkswagen T-Cross T-Cross 1.4 250 TSI Highline (Aut) automático,2020,103900.0,94500.0,SP,Campinas,Cinza,automático,PJ,False,False,1338599,1338599,https://img0.icarros.com/dbimg/imgadicionalanuncio/1/468898853_1.jpg,t-cross,volkswagen,2026-05-12T23:09:49.452533,005508-5,T-Cross Hig. 250 TSI 1.4 Flex 16V 5p Aut,104693.0,4,exato,-0.007574527427812748
56814635,https://www.icarros.com.br/comprar/campinas-sp/volkswagen/t-cross/2021/d56814635,Volkswagen,T-Cross,1.4 250 TSI Highline (Aut) automático,Volkswagen T-Cross T-Cross 1.4 250 TSI Highline (Aut) automático,2021,107900.0,113500.0,SP,Campinas,Cinza,automático,PJ,False,False,1338599,1338599,https://img2.icarros.com/dbimg/imgadicionalanuncio/1/471612781_1.jpg,t-cross,volkswagen,2026-05-12T23:09:49.452732,005508-5,T-Cross Hig. 250 TSI 1.4 Flex 16V 5p Aut,109080.0,4,exato,-0.010817748441510818
56554797,https://www.icarros.com.br/comprar/campinas-sp/volkswagen/t-cross/2023/d56554797,Volkswagen,T-Cross,1.0 200 TSI Comfortline (Aut) automático,Volkswagen T-Cross T-Cross 1.0 200 TSI Comfortline (Aut) automático,2023,109900.0,84327.0,SP,Campinas,Branco,automático,PJ,False,False,1338599,1338599,https://img0.icarros.com/dbimg/imgadicionalanuncio/1/468656414_1.jpg,t-cross,volkswagen,2026-05-12T23:09:49.452932,005510-7,T-Cross 200 TSI 1.0  Flex 12V 5p Aut.,100068.0,3,exato,0.09825318783227405
56809274,https://www.icarros.com.br/comprar/campinas-sp/volkswagen/t-cross/2022/d56809274,Volkswagen,T-Cross,1.4 250 TSI Highline (Aut) automático,Volkswagen T-Cross T-Cross 1.4 250 TSI Highline (Aut) automático,2022,109900.0,89708.0,SP,Campinas,Cinza,automático,PJ,False,False,1338599,1338599,https://img2.icarros.com/dbimg/imgadicionalanuncio/1/471550585_1.jpg,t-cross,volkswagen,2026-05-12T23:09:49.453130,005508-5,T-Cross Hig. 250 TSI 1.4 Flex 16V 5p Aut,115418.0,4,exato,-0.047808833977369215
57298254,https://www.icarros.com.br/comprar/campinas-sp/volkswagen/t-cross/2022/d57298254,Volkswagen,T-Cross,1.4 250 TSI Highline (Aut) automático,Volkswagen T-Cross T-Cross 1.4 250 TSI Highline (Aut) automático,2022,109900.0,94467.0,SP,Campinas,Cinza,automático,PJ,False,False,1338599,1338599,https://img0.icarros.com/dbimg/imgadicionalanuncio/1/476647124_1.jpg,t-cross,volkswagen,2026-05-12T23:09:49.453329,005508-5,T-Cross Hig. 250 TSI 1.4 Flex 16V 5p Aut,115418.0,4,exato,-0.047808833977369215
56834051,https://www.icarros.com.br/comprar/campinas-sp/volkswagen/t-cross/2024/d56834051,Volkswagen,T-Cross,1.0 200 TSI Comfortline (Aut) automático,Volkswagen T-Cross T-Cross 1.0 200 TSI Comfortline (Aut) automático,2024,116900.0,42822.0,SP,Campinas,Branco,automático,PJ,False,False,1338599,1338599,https://img2.icarros.com/dbimg/imgadicionalanuncio/1/471838407_1.jpg,t-cross,volkswagen,2026-05-12T23:09:49.453529,005510-7,T-Cross 200 TSI 1.0  Flex 12V 5p Aut.,107734.0,3,exato,0.0850799190599068
54233315,https://www.icarros.com.br/comprar/campinas-sp/volkswagen/t-cross/2024/d54233315,Volkswagen,T-Cross,1.4 250 TSI Highline (Aut) automático,Volkswagen T-Cross T-Cross 1.4 250 TSI Highline (Aut) automático,2024,123900.0,60074.0,SP,Campinas,Preto,automático,PJ,False,False,1338599,1338599,https://img2.icarros.com/dbimg/imgadicionalanuncio/1/469654794_1.jpg,t-cross,volkswagen,2026-05-12T23:09:49.453729,005508-5,T-Cross Hig. 250 TSI 1.4 Flex 16V 5p Aut,131448.0,4,exato,-0.05742194632097864
57296842,https://www.icarros.com.br/comprar/campinas-sp/volkswagen/t-cross/2023/d57296842,Volkswagen,T-Cross,1.4 250 TSI Highline (Aut) automático,Volkswagen T-Cross T-Cross 1.4 250 TSI Highline (Aut) automático,2023,123900.0,79575.0,SP,Campinas,Cinza,automático,PJ,False,False,1338599,1338599,https://img1.icarros.com/dbimg/imgadicionalanuncio/1/476632438_1.jpg,t-cross,volkswagen,2026-05-12T23:09:49.453928,005508-5,T-Cross Hig. 250 TSI 1.4 Flex 16V 5p Aut,124531.0,4,exato,-0.00506701142687363
55746554,https://www.icarros.com.br/comprar/campinas-sp/volkswagen/t-cross/2025/d55746554,Volkswagen,T-Cross,1.0 200 TSI (Aut) automático,Volkswagen T-Cross T-Cross 1.0 200 TSI (Aut) automático,2025,127900.0,37802.0,SP,Campinas,Preto,automático,PJ,False,False,1338599,1338599,https://img2.icarros.com/dbimg/imgadicionalanuncio/1/466640549_1.jpg,t-cross,volkswagen,2026-05-12T23:09:49.454126,005510-7,T-Cross 200 TSI 1.0  Flex 12V 5p Aut.,119704.0,3,exato,0.06846888992849028
56532476,https://www.icarros.com.br/comprar/campinas-sp/volkswagen/t-cross/2024/d56532476,Volkswagen,T-Cross,1.4 250 TSI Highline (Aut) automático,Volkswagen T-Cross T-Cross 1.4 250 TSI Highline (Aut) automático,2024,131900.0,36149.0,SP,Campinas,Preto,automático,PJ,False,False,1338599,1338599,https://img2.icarros.com/dbimg/imgadicionalanuncio/1/468410110_1.jpg,t-cross,volkswagen,2026-05-12T23:09:49.454326,005508-5,T-Cross Hig. 250 TSI 1.4 Flex 16V 5p Aut,131448.0,4,exato,0.00343862211673057
56643898,https://www.icarros.com.br/comprar/campinas-sp/volkswagen/t-cross/2025/d56643898,Volkswagen,T-Cross,1.0 200 TSI Comfortline (Aut) automático,Volkswagen T-Cross T-Cross 1.0 200 TSI Comfortline (Aut) automático,2025,135900.0,21234.0,SP,Campinas,Azul,automático,PJ,False,False,1338599,1338599,https://img1.icarros.com/dbimg/imgadicionalanuncio/1/469662845_1.jpg,t-cross,volkswagen,2026-05-12T23:09:49.527275,005510-7,T-Cross 200 TSI 1.0  Flex 12V 5p Aut.,119704.0,3,exato,0.13530040767225823
56814642,https://www.icarros.com.br/comprar/campinas-sp/volkswagen/t-cross/2025/d56814642,Volkswagen,T-Cross,1.0 200 TSI Comfortline (Aut) automático,Volkswagen T-Cross T-Cross 1.0 200 TSI Comfortline (Aut) automático,2025,135900.0,54008.0,SP,Campinas,Prata,automático,PJ,False,False,1338599,1338599,https://img0.icarros.com/dbimg/imgadicionalanuncio/1/471612871_1.jpg,t-cross,volkswagen,2026-05-12T23:09:49.527488,005510-7,T-Cross 200 TSI 1.0  Flex 12V 5p Aut.,119704.0,3,exato,0.13530040767225823
56917956,https://www.icarros.com.br/comprar/campinas-sp/volkswagen/t-cross/2025/d56917956,Volkswagen,T-Cross,1.4 250 TSI Highline (Aut) automático,Volkswagen T-Cross T-Cross 1.4 250 TSI Highline (Aut) automático,2025,144900.0,41533.0,SP,Campinas,Branco,automático,PJ,False,False,1338599,1338599,https://img0.icarros.com/dbimg/imgadicionalanuncio/1/472764088_1.jpg,t-cross,volkswagen,2026-05-12T23:09:49.527694,005508-5,T-Cross Hig. 250 TSI 1.4 Flex 16V 5p Aut,143595.0,4,exato,0.009088060169225948
57293941,https://www.icarros.com.br/comprar/mococa-sp/volkswagen/t-cross/2025/d57293941,Volkswagen,T-Cross,1.0 200 TSI (Aut) automático,Volkswagen T-Cross T-Cross 1.0 200 TSI (Aut) automático,2025,128000.0,49000.0,SP,Mococa,Preto,automático,PJ,False,False,1873966,1873966,https://img1.icarros.com/dbimg/imgadicionalanuncio/1/476602362_1.jpg,t-cross,volkswagen,2026-05-12T23:09:49.527888,005510-7,T-Cross 200 TSI 1.0  Flex 12V 5p Aut.,119704.0,3,exato,0.06930428390028738
56543718,https://www.icarros.com.br/comprar/limeira-sp/volkswagen/t-cross/2023/d56543718,Volkswagen,T-Cross,1.4 250 TSI Highline (Aut) automático,Volkswagen T-Cross T-Cross 1.4 250 TSI Highline (Aut) automático,2023,122000.0,41400.0,SP,Limeira,Azul,automático,PJ,False,False,383043,383043,https://img0.icarros.com/dbimg/imgadicionalanuncio/1/468538651_1.jpg,t-cross,volkswagen,2026-05-12T23:09:49.528089,005508-5,T-Cross Hig. 250 TSI 1.4 Flex 16V 5p Aut,124531.0,4,exato,-0.020324256610803736
56879352,https://www.icarros.com.br/comprar/sao-paulo-sp/volkswagen/t-cross/2024/d56879352,Volkswagen,T-Cross,1.4 250 TSI Highline (Aut) automático,Volkswagen T-Cross T-Cross 1.4 250 TSI Highline (Aut) automático,2024,138900.0,49000.0,SP,São Paulo,Prata,automático,PJ,False,False,2088264,2088264,https://img0.icarros.com/dbimg/imgadicionalanuncio/1/472342906_1.jpg,t-cross,volkswagen,2026-05-12T23:09:49.528906,005508-5,T-Cross Hig. 250 TSI 1.4 Flex 16V 5p Aut,131448.0,4,exato,0.05669161949972613
56749456,https://www.icarros.com.br/comprar/sao-paulo-sp/volkswagen/t-cross/2021/d56749456,Volkswagen,T-Cross,1.4 250 TSI Highline (Aut) automático,Volkswagen T-Cross T-Cross 1.4 250 TSI Highline (Aut) automático,2021,110900.0,117000.0,SP,São Paulo,Azul,automático,PJ,False,False,660652,660652,https://img1.icarros.com/dbimg/imgadicionalanuncio/1/470851808_1.jpg,t-cross,volkswagen,2026-05-12T23:09:49.529116,005508-5,T-Cross Hig. 250 TSI 1.4 Flex 16V 5p Aut,109080.0,4,exato,0.016685001833516684
56377485,https://www.icarros.com.br/comprar/limeira-sp/volkswagen/t-cross/2021/d56377485,Volkswagen,T-Cross,1.0 200 TSI Sense (Aut) automático,Volkswagen T-Cross T-Cross 1.0 200 TSI Sense (Aut) automático,2021,89900.0,81000.0,SP,Limeira,Prata,automático,PJ,False,False,903536,903536,https://img0.icarros.com/dbimg/imgadicionalanuncio/1/466757793_1.jpg,t-cross,volkswagen,2026-05-12T23:09:49.529518,005520-4,T-Cross Sense 200 TSI 1.0 Flex 5p Aut.,87386.0,4,exato,0.028768910351772595
56829968,https://www.icarros.com.br/comprar/sao-caetano-do-sul-sp/volkswagen/t-cross/2023/d56829968,Volkswagen,T-Cross,1.4 250 TSI Highline (Aut) automático,Volkswagen T-Cross T-Cross 1.4 250 TSI Highline (Aut) automático,2023,175800.0,36400.0,SP,São Caetano do Sul,Preto,automático,PJ,False,False,1160426,1160426,https://img2.icarros.com/dbimg/imgadicionalanuncio/1/471792547_1.jpg,t-cross,volkswagen,2026-05-12T23:09:49.529717,005508-5,T-Cross Hig. 250 TSI 1.4 Flex 16V 5p Aut,124531.0,4,exato,0.4116966859657435
57467812,https://www.icarros.com.br/comprar/sao-paulo-sp/volkswagen/t-cross/2024/d57467812,Volkswagen,T-Cross,1.0 200 TSI (Aut) automático,Volkswagen T-Cross T-Cross 1.0 200 TSI (Aut) automático,2024,112590.0,48090.0,SP,São Paulo,Prata,automático,LC,False,False,1201120,1201120,https://img1.icarros.com/dbimg/imgadicionalanuncio/1/478359412_1.jpg,t-cross,volkswagen,2026-05-12T23:09:49.530117,005510-7,T-Cross 200 TSI 1.0  Flex 12V 5p Aut.,107734.0,3,exato,0.045073978502608275
57496563,https://www.icarros.com.br/comprar/sao-paulo-sp/volkswagen/t-cross/2025/d57496563,Volkswagen,T-Cross,1.0 200 TSI (Aut) automático,Volkswagen T-Cross T-Cross 1.0 200 TSI (Aut) automático,2025,123990.0,44350.0,SP,São Paulo,Branco,automático,LC,False,False,1201120,1201120,https://img0.icarros.com/dbimg/imgadicionalanuncio/1/478645825_1.jpg,t-cross,volkswagen,2026-05-12T23:09:49.530325,005510-7,T-Cross 200 TSI 1.0  Flex 12V 5p Aut.,119704.0,3,exato,0.03580498563122368
57485496,https://www.icarros.com.br/comprar/sao-paulo-sp/volkswagen/t-cross/2025/d57485496,Volkswagen,T-Cross,1.0 200 TSI Comfortline (Aut) automático,Volkswagen T-Cross T-Cross 1.0 200 TSI Comfortline (Aut) automático,2025,133090.0,47906.0,SP,São Paulo,Branco,automático,LC,False,False,1201120,1201120,https://img0.icarros.com/dbimg/imgadicionalanuncio/1/478535685_1.jpg,t-cross,volkswagen,2026-05-12T23:09:49.530529,005510-7,T-Cross 200 TSI 1.0  Flex 12V 5p Aut.,119704.0,3,exato,0.11182583706475974
57496087,https://www.icarros.com.br/comprar/sao-paulo-sp/volkswagen/t-cross/2025/d57496087,Volkswagen,T-Cross,1.0 200 TSI Comfortline (Aut) automático,Volkswagen T-Cross T-Cross 1.0 200 TSI Comfortline (Aut) automático,2025,133090.0,46393.0,SP,São Paulo,Branco,automático,LC,False,False,1201120,1201120,https://img1.icarros.com/dbimg/imgadicionalanuncio/1/478641027_1.jpg,t-cross,volkswagen,2026-05-12T23:09:49.530731,005510-7,T-Cross 200 TSI 1.0  Flex 12V 5p Aut.,119704.0,3,exato,0.11182583706475974
57491662,https://www.icarros.com.br/comprar/sao-paulo-sp/volkswagen/t-cross/2025/d57491662,Volkswagen,T-Cross,1.0 200 TSI Comfortline (Aut) automático,Volkswagen T-Cross T-Cross 1.0 200 TSI Comfortline (Aut) automático,2025,133490.0,49008.0,SP,São Paulo,Branco,automático,LC,False,False,1201120,1201120,https://img1.icarros.com/dbimg/imgadicionalanuncio/1/478596576_1.jpg,t-cross,volkswagen,2026-05-12T23:09:49.530933,005510-7,T-Cross 200 TSI 1.0  Flex 12V 5p Aut.,119704.0,3,exato,0.11516741295194814
57491891,https://www.icarros.com.br/comprar/sao-paulo-sp/volkswagen/t-cross/2025/d57491891,Volkswagen,T-Cross,1.0 200 TSI Comfortline (Aut) automático,Volkswagen T-Cross T-Cross 1.0 200 TSI Comfortline (Aut) automático,2025,133490.0,49286.0,SP,São Paulo,Azul,automático,LC,False,False,1201120,1201120,https://img2.icarros.com/dbimg/imgadicionalanuncio/1/478598841_1.jpg,t-cross,volkswagen,2026-05-12T23:09:49.531135,005510-7,T-Cross 200 TSI 1.0  Flex 12V 5p Aut.,119704.0,3,exato,0.11516741295194814
57482448,https://www.icarros.com.br/comprar/sao-paulo-sp/volkswagen/t-cross/2026/d57482448,Volkswagen,T-Cross,1.0 200 TSI (Aut) automático,Volkswagen T-Cross T-Cross 1.0 200 TSI (Aut) automático,2026,137690.0,20250.0,SP,São Paulo,Branco,automático,LC,False,False,1201120,1201120,https://img0.icarros.com/dbimg/imgadicionalanuncio/1/478505575_1.jpg,t-cross,volkswagen,2026-05-12T23:09:49.603515,005510-7,T-Cross 200 TSI 1.0  Flex 12V 5p Aut.,129347.0,3,exato,0.06450091614030476
57496576,https://www.icarros.com.br/comprar/sao-paulo-sp/volkswagen/t-cross/2025/d57496576,Volkswagen,T-Cross,1.4 250 TSI Highline (Aut) automático,Volkswagen T-Cross T-Cross 1.4 250 TSI Highline (Aut) automático,2025,139990.0,51600.0,SP,São Paulo,Branco,automático,LC,False,False,1201120,1201120,https://img1.icarros.com/dbimg/imgadicionalanuncio/1/478645930_1.jpg,t-cross,volkswagen,2026-05-12T23:09:49.603736,005508-5,T-Cross Hig. 250 TSI 1.4 Flex 16V 5p Aut,143595.0,4,exato,-0.025105330965562868
57467890,https://www.icarros.com.br/comprar/sao-paulo-sp/volkswagen/t-cross/2024/d57467890,Volkswagen,T-Cross,1.4 250 TSI Highline (Aut) automático,Volkswagen T-Cross T-Cross 1.4 250 TSI Highline (Aut) automático,2024,139990.0,20677.0,SP,São Paulo,Cinza,automático,LC,False,False,1201120,1201120,https://img1.icarros.com/dbimg/imgadicionalanuncio/1/478360224_1.jpg,t-cross,volkswagen,2026-05-12T23:09:49.603946,005508-5,T-Cross Hig. 250 TSI 1.4 Flex 16V 5p Aut,131448.0,4,exato,0.064983871949364
57180195,https://www.icarros.com.br/comprar/sao-paulo-sp/volkswagen/t-cross/2025/d57180195,Volkswagen,T-Cross,1.0 200 TSI (Aut) automático,Volkswagen T-Cross T-Cross 1.0 200 TSI (Aut) automático,2025,114990.0,44000.0,SP,São Paulo,Azul,automático,PJ,False,False,37367,37367,https://img0.icarros.com/dbimg/imgadicionalanuncio/1/475453737_1.jpg,t-cross,volkswagen,2026-05-12T23:09:49.604354,005510-7,T-Cross 200 TSI 1.0  Flex 12V 5p Aut.,119704.0,3,exato,-0.03938047183051527
56804081,https://www.icarros.com.br/comprar/sao-paulo-sp/volkswagen/t-cross/2024/d56804081,Volkswagen,T-Cross,1.0 200 TSI Comfortline (Aut) automático,Volkswagen T-Cross T-Cross 1.0 200 TSI Comfortline (Aut) automático,2024,114990.0,60000.0,SP,São Paulo,Branco,automático,PJ,False,False,37367,37367,https://img2.icarros.com/dbimg/imgadicionalanuncio/1/471486115_1.jpg,t-cross,volkswagen,2026-05-12T23:09:49.604557,005510-7,T-Cross 200 TSI 1.0  Flex 12V 5p Aut.,107734.0,3,exato,0.06735106837210166
56671016,https://www.icarros.com.br/comprar/santos-sp/volkswagen/t-cross/2020/d56671016,Volkswagen,T-Cross,1.4 250 TSI Highline (Aut) automático,Volkswagen T-Cross T-Cross 1.4 250 TSI Highline (Aut) automático,2020,104000.0,65534.0,SP,Santos,Prata,automático,PJ,False,False,433303,433303,https://img2.icarros.com/dbimg/imgadicionalanuncio/1/469973822_1.jpg,t-cross,volkswagen,2026-05-12T23:09:49.607204,005508-5,T-Cross Hig. 250 TSI 1.4 Flex 16V 5p Aut,104693.0,4,exato,-0.006619353729475705
57234225,https://www.icarros.com.br/comprar/franca-sp/volkswagen/t-cross/2020/d57234225,Volkswagen,T-Cross,1.4 250 TSI Highline (Aut) automático,Volkswagen T-Cross T-Cross 1.4 250 TSI Highline (Aut) automático,2020,106890.0,77640.0,SP,Franca,Branco,automático,PJ,False,False,1653957,1653957,https://img0.icarros.com/dbimg/imgadicionalanuncio/1/476001120_1.jpg,t-cross,volkswagen,2026-05-12T23:09:49.607400,005508-5,T-Cross Hig. 250 TSI 1.4 Flex 16V 5p Aut,104693.0,4,exato,0.020985166152464825
56044607,https://www.icarros.com.br/comprar/sao-paulo-sp/volkswagen/t-cross/2024/d56044607,Volkswagen,T-Cross,1.4 250 TSI Highline (Aut) automático,Volkswagen T-Cross T-Cross 1.4 250 TSI Highline (Aut) automático,2024,129900.0,47000.0,SP,São Paulo,Prata,automático,PJ,False,False,425884,425884,https://img2.icarros.com/dbimg/imgadicionalanuncio/1/463254384_1.jpg,t-cross,volkswagen,2026-05-12T23:09:49.751610,005508-5,T-Cross Hig. 250 TSI 1.4 Flex 16V 5p Aut,131448.0,4,exato,-0.011776519992696731
56342216,https://www.icarros.com.br/comprar/hortolandia-sp/volkswagen/t-cross/2021/d56342216,Volkswagen,T-Cross,1.4 250 TSI Highline (Aut) automático,Volkswagen T-Cross T-Cross 1.4 250 TSI Highline (Aut) automático,2021,117990.0,60540.0,SP,Hortolândia,Bronze,automático,PJ,False,False,1104132,1104132,https://img2.icarros.com/dbimg/imgadicionalanuncio/1/466383242_1.jpg,t-cross,volkswagen,2026-05-12T23:09:49.753644,005508-5,T-Cross Hig. 250 TSI 1.4 Flex 16V 5p Aut,109080.0,4,exato,0.08168316831683169
57492347,https://www.icarros.com.br/comprar/sao-jose-do-rio-preto-sp/volkswagen/t-cross/2025/d57492347,Volkswagen,T-Cross,1.0 200 TSI (Aut) automático,Volkswagen T-Cross T-Cross 1.0 200 TSI (Aut) automático,2025,121290.0,49075.0,SP,São José do Rio Preto,Preto,automático,LC,False,False,2160552,2160552,https://img2.icarros.com/dbimg/imgadicionalanuncio/1/478603265_1.jpg,t-cross,volkswagen,2026-05-12T23:09:49.828661,005510-7,T-Cross 200 TSI 1.0  Flex 12V 5p Aut.,119704.0,3,exato,0.013249348392701999
57489468,https://www.icarros.com.br/comprar/sao-jose-do-rio-preto-sp/volkswagen/t-cross/2025/d57489468,Volkswagen,T-Cross,1.0 200 TSI (Aut) automático,Volkswagen T-Cross T-Cross 1.0 200 TSI (Aut) automático,2025,128390.0,22587.0,SP,São José do Rio Preto,Preto,automático,LC,False,False,2160552,2160552,https://img0.icarros.com/dbimg/imgadicionalanuncio/1/478574929_1.jpg,t-cross,volkswagen,2026-05-12T23:09:49.828869,005510-7,T-Cross 200 TSI 1.0  Flex 12V 5p Aut.,119704.0,3,exato,0.07256232039029606
57488792,https://www.icarros.com.br/comprar/sao-jose-do-rio-preto-sp/volkswagen/t-cross/2025/d57488792,Volkswagen,T-Cross,1.0 200 TSI (Aut) automático,Volkswagen T-Cross T-Cross 1.0 200 TSI (Aut) automático,2025,132390.0,11531.0,SP,São José do Rio Preto,Prata,automático,LC,False,False,2160552,2160552,https://img2.icarros.com/dbimg/imgadicionalanuncio/1/478568224_1.jpg,t-cross,volkswagen,2026-05-12T23:09:49.829078,005510-7,T-Cross 200 TSI 1.0  Flex 12V 5p Aut.,119704.0,3,exato,0.10597807926218004
57493468,https://www.icarros.com.br/comprar/sao-jose-do-rio-preto-sp/volkswagen/t-cross/2025/d57493468,Volkswagen,T-Cross,1.0 200 TSI Comfortline (Aut) automático,Volkswagen T-Cross T-Cross 1.0 200 TSI Comfortline (Aut) automático,2025,133490.0,55774.0,SP,São José do Rio Preto,Branco,automático,LC,False,False,2160552,2160552,https://img1.icarros.com/dbimg/imgadicionalanuncio/1/478614259_1.jpg,t-cross,volkswagen,2026-05-12T23:09:49.829285,005510-7,T-Cross 200 TSI 1.0  Flex 12V 5p Aut.,119704.0,3,exato,0.11516741295194814
56600811,https://www.icarros.com.br/comprar/sao-jose-do-rio-preto-sp/volkswagen/t-cross/2025/d56600811,Volkswagen,T-Cross,1.4 250 TSI Highline (Aut) automático,Volkswagen T-Cross T-Cross 1.4 250 TSI Highline (Aut) automático,2025,139990.0,52503.0,SP,São José do Rio Preto,Branco,automático,LC,False,False,2160552,2160552,https://img0.icarros.com/dbimg/imgadicionalanuncio/1/469187509_1.jpg,t-cross,volkswagen,2026-05-12T23:09:49.829493,005508-5,T-Cross Hig. 250 TSI 1.4 Flex 16V 5p Aut,143595.0,4,exato,-0.025105330965562868
57496299,https://www.icarros.com.br/comprar/sao-jose-do-rio-preto-sp/volkswagen/t-cross/2025/d57496299,Volkswagen,T-Cross,1.4 250 TSI Highline (Aut) automático,Volkswagen T-Cross T-Cross 1.4 250 TSI Highline (Aut) automático,2025,139990.0,49387.0,SP,São José do Rio Preto,Cinza,automático,LC,False,False,2160552,2160552,https://img0.icarros.com/dbimg/imgadicionalanuncio/1/478643045_1.jpg,t-cross,volkswagen,2026-05-12T23:09:49.829699,005508-5,T-Cross Hig. 250 TSI 1.4 Flex 16V 5p Aut,143595.0,4,exato,-0.025105330965562868
57352523,https://www.icarros.com.br/comprar/matao-sp/volkswagen/t-cross/2020/d57352523,Volkswagen,T-Cross,1.4 250 TSI Highline (Aut) automático,Volkswagen T-Cross T-Cross 1.4 250 TSI Highline (Aut) automático,2020,101990.0,94889.0,SP,Matão,Cinza,automático,PJ,False,False,2387458,2387458,https://img2.icarros.com/dbimg/imgadicionalanuncio/1/477197436_1.jpg,t-cross,volkswagen,2026-05-12T23:09:49.985182,005508-5,T-Cross Hig. 250 TSI 1.4 Flex 16V 5p Aut,104693.0,4,exato,-0.025818345066050262
56676628,https://www.icarros.com.br/comprar/americana-sp/volkswagen/t-cross/2020/d56676628,Volkswagen,T-Cross,1.0 200 TSI manual,Volkswagen T-Cross T-Cross 1.0 200 TSI manual,2020,90990.0,79800.0,SP,Americana,Cinza,manual,PJ,False,False,2004896,2004896,https://img1.icarros.com/dbimg/imgadicionalanuncio/1/470037568_1.jpg,t-cross,volkswagen,2026-05-12T23:09:50.065193,005511-5,T-Cross 1.0 TSI Flex 12V 5p Mec.,88047.0,3,exato,0.03342532965348053
56780615,https://www.icarros.com.br/comprar/jundiai-sp/volkswagen/t-cross/2025/d56780615,Volkswagen,T-Cross,1.0 200 TSI (Aut) automático,Volkswagen T-Cross T-Cross 1.0 200 TSI (Aut) automático,2025,129900.0,17300.0,SP,Jundiaí,Prata,automático,PJ,False,False,131897,131897,https://img2.icarros.com/dbimg/imgadicionalanuncio/1/472853260_1.jpg,t-cross,volkswagen,2026-05-12T23:09:50.065622,005510-7,T-Cross 200 TSI 1.0  Flex 12V 5p Aut.,119704.0,3,exato,0.08517676936443226
54251451,https://www.icarros.com.br/comprar/jundiai-sp/volkswagen/t-cross/2025/d54251451,Volkswagen,T-Cross,1.0 200 TSI Comfortline (Aut) automático,Volkswagen T-Cross T-Cross 1.0 200 TSI Comfortline (Aut) automático,2025,151900.0,9200.0,SP,Jundiaí,Preto,automático,PJ,False,False,131897,131897,https://img0.icarros.com/dbimg/imgadicionalanuncio/1/472691433_1.jpg,t-cross,volkswagen,2026-05-12T23:09:50.065819,005510-7,T-Cross 200 TSI 1.0  Flex 12V 5p Aut.,119704.0,3,exato,0.26896344315979415
54625537,https://www.icarros.com.br/comprar/jundiai-sp/volkswagen/t-cross/2025/d54625537,Volkswagen,T-Cross,1.4 250 TSI Highline (Aut) automático,Volkswagen T-Cross T-Cross 1.4 250 TSI Highline (Aut) automático,2025,156500.0,29700.0,SP,Jundiaí,Preto,automático,PJ,False,False,131897,131897,https://img1.icarros.com/dbimg/imgadicionalanuncio/1/472836039_1.jpg,t-cross,volkswagen,2026-05-12T23:09:50.138298,005508-5,T-Cross Hig. 250 TSI 1.4 Flex 16V 5p Aut,143595.0,4,exato,0.08987081722901215
54758194,https://www.icarros.com.br/comprar/jundiai-sp/volkswagen/t-cross/2025/d54758194,Volkswagen,T-Cross,1.4 250 TSI Highline (Aut) automático,Volkswagen T-Cross T-Cross 1.4 250 TSI Highline (Aut) automático,2025,159900.0,20000.0,SP,Jundiaí,Azul,automático,PJ,False,False,131897,131897,https://img1.icarros.com/dbimg/imgadicionalanuncio/1/471785398_1.jpg,t-cross,volkswagen,2026-05-12T23:09:50.138511,005508-5,T-Cross Hig. 250 TSI 1.4 Flex 16V 5p Aut,143595.0,4,exato,0.11354852188446674
56342145,https://www.icarros.com.br/comprar/sorocaba-sp/volkswagen/t-cross/2024/d56342145,Volkswagen,T-Cross,1.4 250 TSI Highline (Aut) automático,Volkswagen T-Cross T-Cross 1.4 250 TSI Highline (Aut) automático,2024,138900.0,47531.0,SP,Sorocaba,Prata,automático,PJ,False,False,2785911,2785911,https://img0.icarros.com/dbimg/imgadicionalanuncio/1/466382219_1.jpg,t-cross,volkswagen,2026-05-12T23:09:50.138716,005508-5,T-Cross Hig. 250 TSI 1.4 Flex 16V 5p Aut,131448.0,4,exato,0.05669161949972613
57464491,https://www.icarros.com.br/comprar/sao-paulo-sp/volkswagen/t-cross/2020/d57464491,Volkswagen,T-Cross,1.0 200 TSI automático,Volkswagen T-Cross T-Cross 1.0 200 TSI automático,2020,90900.0,80200.0,SP,São Paulo,Preto,automático,PJ,False,False,2821316,2821316,https://img1.icarros.com/dbimg/imgadicionalanuncio/1/478916469_1.jpg,t-cross,volkswagen,2026-05-12T23:09:50.139319,005510-7,T-Cross 200 TSI 1.0  Flex 12V 5p Aut.,88676.0,3,exato,0.025080066759889937
57518472,https://www.icarros.com.br/comprar/sao-paulo-sp/volkswagen/t-cross/2023/d57518472,Volkswagen,T-Cross,1.0 200 TSI Sense (Aut) automático,Volkswagen T-Cross T-Cross 1.0 200 TSI Sense (Aut) automático,2023,98900.0,35520.0,SP,São Paulo,Prata,automático,PJ,False,False,2825552,2825552,https://img0.icarros.com/dbimg/imgadicionalanuncio/1/478875126_1.jpg,t-cross,volkswagen,2026-05-12T23:09:50.139729,005520-4,T-Cross Sense 200 TSI 1.0 Flex 5p Aut.,95631.0,4,exato,0.03418347606947538
57518672,https://www.icarros.com.br/comprar/sao-paulo-sp/volkswagen/t-cross/2023/d57518672,Volkswagen,T-Cross,1.0 200 TSI (Aut) automático,Volkswagen T-Cross T-Cross 1.0 200 TSI (Aut) automático,2023,99890.0,60260.0,SP,São Paulo,Cinza,automático,PJ,False,False,2825552,2825552,https://img2.icarros.com/dbimg/imgadicionalanuncio/1/478876695_1.jpg,t-cross,volkswagen,2026-05-12T23:09:50.139926,005510-7,T-Cross 200 TSI 1.0  Flex 12V 5p Aut.,100068.0,3,exato,-0.0017787904225126914
56903907,https://www.icarros.com.br/comprar/bauru-sp/volkswagen/t-cross/2024/d56903907,Volkswagen,T-Cross,1.0 200 TSI (Aut) automático,Volkswagen T-Cross T-Cross 1.0 200 TSI (Aut) automático,2024,102900.0,60000.0,SP,Bauru,Branco,automático,PJ,False,False,2824122,2824122,https://img0.icarros.com/dbimg/imgadicionalanuncio/1/472621531_1.jpg,t-cross,volkswagen,2026-05-12T23:09:50.140136,005510-7,T-Cross 200 TSI 1.0  Flex 12V 5p Aut.,107734.0,3,exato,-0.04486977184547125
57340910,https://www.icarros.com.br/comprar/sao-jose-do-rio-preto-sp/volkswagen/t-cross/2022/d57340910,Volkswagen,T-Cross,1.0 200 TSI Comfortline (Aut) automático,Volkswagen T-Cross T-Cross 1.0 200 TSI Comfortline (Aut) automático,2022,104990.0,51916.0,SP,São José do Rio Preto,Preto,automático,PJ,False,False,2819274,2819274,https://img2.icarros.com/dbimg/imgadicionalanuncio/1/477081813_1.jpg,t-cross,volkswagen,2026-05-12T23:09:50.140339,005510-7,T-Cross 200 TSI 1.0  Flex 12V 5p Aut.,96806.0,3,exato,0.08454021444951759
56828048,https://www.icarros.com.br/comprar/campinas-sp/volkswagen/t-cross/2021/d56828048,Volkswagen,T-Cross,1.4 250 TSI Highline (Aut) automático,Volkswagen T-Cross T-Cross 1.4 250 TSI Highline (Aut) automático,2021,111990.0,85236.0,SP,Campinas,Cinza,automático,PJ,False,False,2823359,2823359,https://img2.icarros.com/dbimg/imgadicionalanuncio/1/471769914_1.jpg,t-cross,volkswagen,2026-05-12T23:09:50.141354,005508-5,T-Cross Hig. 250 TSI 1.4 Flex 16V 5p Aut,109080.0,4,exato,0.02667766776677668
57302498,https://www.icarros.com.br/comprar/sao-paulo-sp/volkswagen/t-cross/2025/d57302498,Volkswagen,T-Cross,1.0 200 TSI (Aut) automático,Volkswagen T-Cross T-Cross 1.0 200 TSI (Aut) automático,2025,115800.0,45000.0,SP,São Paulo,Azul,automático,PJ,False,False,1937417,1937417,https://img2.icarros.com/dbimg/imgadicionalanuncio/1/476690886_1.jpg,t-cross,volkswagen,2026-05-12T23:09:50.215833,005510-7,T-Cross 200 TSI 1.0  Flex 12V 5p Aut.,119704.0,3,exato,-0.032613780658958764
56500239,https://www.icarros.com.br/comprar/sao-paulo-sp/volkswagen/t-cross/2023/d56500239,Volkswagen,T-Cross,1.4 250 TSI Highline (Aut) automático,Volkswagen T-Cross T-Cross 1.4 250 TSI Highline (Aut) automático,2023,126900.0,48000.0,SP,São Paulo,Branco,automático,PJ,False,False,1937417,1937417,https://img0.icarros.com/dbimg/imgadicionalanuncio/1/468057781_1.jpg,t-cross,volkswagen,2026-05-12T23:09:50.216039,005508-5,T-Cross Hig. 250 TSI 1.4 Flex 16V 5p Aut,124531.0,4,exato,0.01902337570564759
57302435,https://www.icarros.com.br/comprar/sao-paulo-sp/volkswagen/t-cross/2025/d57302435,Volkswagen,T-Cross,1.0 200 TSI Comfortline (Aut) automático,Volkswagen T-Cross T-Cross 1.0 200 TSI Comfortline (Aut) automático,2025,129800.0,40000.0,SP,São Paulo,Cinza,automático,PJ,False,False,1937417,1937417,https://img2.icarros.com/dbimg/imgadicionalanuncio/1/476690236_1.jpg,t-cross,volkswagen,2026-05-12T23:09:50.216244,005510-7,T-Cross 200 TSI 1.0  Flex 12V 5p Aut.,119704.0,3,exato,0.08434137539263517
57302242,https://www.icarros.com.br/comprar/sao-paulo-sp/volkswagen/t-cross/2025/d57302242,Volkswagen,T-Cross,1.4 250 TSI Highline (Aut) automático,Volkswagen T-Cross T-Cross 1.4 250 TSI Highline (Aut) automático,2025,139800.0,45000.0,SP,São Paulo,Prata,automático,PJ,False,False,1937417,1937417,https://img1.icarros.com/dbimg/imgadicionalanuncio/1/476688219_1.jpg,t-cross,volkswagen,2026-05-12T23:09:50.216451,005508-5,T-Cross Hig. 250 TSI 1.4 Flex 16V 5p Aut,143595.0,4,exato,-0.02642849681395592
57182350,https://www.icarros.com.br/comprar/sao-paulo-sp/volkswagen/t-cross/2025/d57182350,Volkswagen,T-Cross,1.0 200 TSI Comfortline (Aut) automático,Volkswagen T-Cross T-Cross 1.0 200 TSI Comfortline (Aut) automático,2025,128990.0,44256.0,SP,São Paulo,Branco,automático,PJ,False,False,2383391,2383391,https://img1.icarros.com/dbimg/imgadicionalanuncio/1/475476314_1.jpg,t-cross,volkswagen,2026-05-12T23:09:50.216664,005510-7,T-Cross 200 TSI 1.0  Flex 12V 5p Aut.,119704.0,3,exato,0.07757468422107866
56676525,https://www.icarros.com.br/comprar/sao-paulo-sp/volkswagen/t-cross/2025/d56676525,Volkswagen,T-Cross,1.0 200 TSI Comfortline (Aut) automático,Volkswagen T-Cross T-Cross 1.0 200 TSI Comfortline (Aut) automático,2025,139900.0,52384.0,SP,São Paulo,Cinza,automático,PJ,False,False,963754,963754,https://img0.icarros.com/dbimg/imgadicionalanuncio/1/470036601_1.jpg,t-cross,volkswagen,2026-05-12T23:09:50.216867,005510-7,T-Cross 200 TSI 1.0  Flex 12V 5p Aut.,119704.0,3,exato,0.1687161665441422
56727420,https://www.icarros.com.br/comprar/mogi-das-cruzes-sp/volkswagen/t-cross/2020/d56727420,Volkswagen,T-Cross,1.0 200 TSI automático,Volkswagen T-Cross T-Cross 1.0 200 TSI automático,2020,93997.0,111482.0,SP,Mogi das Cruzes,Preto,automático,PJ,False,False,1130850,1130850,https://img0.icarros.com/dbimg/imgadicionalanuncio/1/470600400_1.jpg,t-cross,volkswagen,2026-05-12T23:09:50.294258,005510-7,T-Cross 200 TSI 1.0  Flex 12V 5p Aut.,88676.0,3,exato,0.06000496188371149
56962862,https://www.icarros.com.br/comprar/campinas-sp/volkswagen/t-cross/2024/d56962862,Volkswagen,T-Cross,1.4 250 TSI Highline (Aut) automático,Volkswagen T-Cross T-Cross 1.4 250 TSI Highline (Aut) automático,2024,129990.0,43575.0,SP,Campinas,Preto,automático,PJ,False,False,2071649,2071649,https://img2.icarros.com/dbimg/imgadicionalanuncio/1/473232029_1.jpg,t-cross,volkswagen,2026-05-12T23:09:50.294459,005508-5,T-Cross Hig. 250 TSI 1.4 Flex 16V 5p Aut,131448.0,4,exato,-0.011091838597772503
56413096,https://www.icarros.com.br/comprar/sao-paulo-sp/volkswagen/t-cross/2021/d56413096,Volkswagen,T-Cross,1.4 250 TSI Highline (Aut) automático,Volkswagen T-Cross T-Cross 1.4 250 TSI Highline (Aut) automático,2021,112900.0,74692.0,SP,São Paulo,Preto,automático,PJ,False,False,136390,136390,https://img1.icarros.com/dbimg/imgadicionalanuncio/1/467125004_1.jpg,t-cross,volkswagen,2026-05-12T23:09:50.294662,005508-5,T-Cross Hig. 250 TSI 1.4 Flex 16V 5p Aut,109080.0,4,exato,0.03502016868353502
52360190,https://www.icarros.com.br/comprar/araraquara-sp/volkswagen/t-cross/2022/d52360190,Volkswagen,T-Cross,1.0 200 TSI Sense (Aut) manual,Volkswagen T-Cross T-Cross 1.0 200 TSI Sense (Aut) manual,2022,94900.0,60503.0,SP,Araraquara,Preto,manual,PJ,False,False,37874,37874,https://img2.icarros.com/dbimg/imgadicionalanuncio/1/422924605_1.jpg,t-cross,volkswagen,2026-05-12T23:09:50.294850,,p25_ano (n=4),96806.0,0,fallback_p25,-0.019688862260603682
56908198,https://www.icarros.com.br/comprar/sao-paulo-sp/volkswagen/t-cross/2020/d56908198,Volkswagen,T-Cross,1.0 200 TSI Comfortline (Aut) automático,Volkswagen T-Cross T-Cross 1.0 200 TSI Comfortline (Aut) automático,2020,114900.0,51738.0,SP,São Paulo,Prata,automático,PJ,False,False,2444012,2444012,https://img1.icarros.com/dbimg/imgadicionalanuncio/1/472656550_1.jpg,t-cross,volkswagen,2026-05-12T23:09:50.295052,005510-7,T-Cross 200 TSI 1.0  Flex 12V 5p Aut.,88676.0,3,exato,0.2957282692047454
56908233,https://www.icarros.com.br/comprar/sao-paulo-sp/volkswagen/t-cross/2020/d56908233,Volkswagen,T-Cross,1.4 250 TSI Highline (Aut) automático,Volkswagen T-Cross T-Cross 1.4 250 TSI Highline (Aut) automático,2020,122900.0,51602.0,SP,São Paulo,Marrom,automático,PJ,False,False,2444012,2444012,https://img0.icarros.com/dbimg/imgadicionalanuncio/1/472657272_1.jpg,t-cross,volkswagen,2026-05-12T23:09:50.295252,005508-5,T-Cross Hig. 250 TSI 1.4 Flex 16V 5p Aut,104693.0,4,exato,0.17390847525622535
57487442,https://www.icarros.com.br/comprar/santo-andre-sp/volkswagen/t-cross/2024/d57487442,Volkswagen,T-Cross,1.0 200 TSI (Aut) automático,Volkswagen T-Cross T-Cross 1.0 200 TSI (Aut) automático,2024,114190.0,39412.0,SP,Santo André,Cinza,automático,LC,False,False,876867,876867,https://img2.icarros.com/dbimg/imgadicionalanuncio/1/478554903_1.jpg,t-cross,volkswagen,2026-05-12T23:09:50.295455,005510-7,T-Cross 200 TSI 1.0  Flex 12V 5p Aut.,107734.0,3,exato,0.059925371748937195
57491709,https://www.icarros.com.br/comprar/santo-andre-sp/volkswagen/t-cross/2025/d57491709,Volkswagen,T-Cross,1.0 200 TSI (Aut) automático,Volkswagen T-Cross T-Cross 1.0 200 TSI (Aut) automático,2025,121990.0,49402.0,SP,Santo André,Branco,automático,LC,False,False,876867,876867,https://img0.icarros.com/dbimg/imgadicionalanuncio/1/478597025_1.jpg,t-cross,volkswagen,2026-05-12T23:09:50.295657,005510-7,T-Cross 200 TSI 1.0  Flex 12V 5p Aut.,119704.0,3,exato,0.019097106195281696
57487710,https://www.icarros.com.br/comprar/santo-andre-sp/volkswagen/t-cross/2025/d57487710,Volkswagen,T-Cross,1.0 200 TSI (Aut) automático,Volkswagen T-Cross T-Cross 1.0 200 TSI (Aut) automático,2025,121990.0,42508.0,SP,Santo André,Branco,automático,LC,False,False,876867,876867,https://img0.icarros.com/dbimg/imgadicionalanuncio/1/478557547_1.jpg,t-cross,volkswagen,2026-05-12T23:09:50.295859,005510-7,T-Cross 200 TSI 1.0  Flex 12V 5p Aut.,119704.0,3,exato,0.019097106195281696
57493958,https://www.icarros.com.br/comprar/santo-andre-sp/volkswagen/t-cross/2025/d57493958,Volkswagen,T-Cross,1.0 200 TSI (Aut) automático,Volkswagen T-Cross T-Cross 1.0 200 TSI (Aut) automático,2025,121990.0,46100.0,SP,Santo André,Preto,automático,LC,False,False,876867,876867,https://img2.icarros.com/dbimg/imgadicionalanuncio/1/478619124_1.jpg,t-cross,volkswagen,2026-05-12T23:09:50.296061,005510-7,T-Cross 200 TSI 1.0  Flex 12V 5p Aut.,119704.0,3,exato,0.019097106195281696
57493843,https://www.icarros.com.br/comprar/santo-andre-sp/volkswagen/t-cross/2025/d57493843,Volkswagen,T-Cross,1.0 200 TSI (Aut) automático,Volkswagen T-Cross T-Cross 1.0 200 TSI (Aut) automático,2025,121990.0,50375.0,SP,Santo André,Vermelho,automático,LC,False,False,876867,876867,https://img1.icarros.com/dbimg/imgadicionalanuncio/1/478617992_1.jpg,t-cross,volkswagen,2026-05-12T23:09:50.296264,005510-7,T-Cross 200 TSI 1.0  Flex 12V 5p Aut.,119704.0,3,exato,0.019097106195281696
57484109,https://www.icarros.com.br/comprar/santo-andre-sp/volkswagen/t-cross/2023/d57484109,Volkswagen,T-Cross,1.4 250 TSI Highline (Aut) automático,Volkswagen T-Cross T-Cross 1.4 250 TSI Highline (Aut) automático,2023,123490.0,58684.0,SP,Santo André,Cinza,automático,LC,False,False,876867,876867,https://img2.icarros.com/dbimg/imgadicionalanuncio/1/478522063_1.jpg,t-cross,volkswagen,2026-05-12T23:09:50.296467,005508-5,T-Cross Hig. 250 TSI 1.4 Flex 16V 5p Aut,124531.0,4,exato,-0.008359364334984864
57484123,https://www.icarros.com.br/comprar/santo-andre-sp/volkswagen/t-cross/2023/d57484123,Volkswagen,T-Cross,1.4 250 TSI Highline (Aut) automático,Volkswagen T-Cross T-Cross 1.4 250 TSI Highline (Aut) automático,2023,123690.0,62089.0,SP,Santo André,Azul,automático,LC,False,False,876867,876867,https://img1.icarros.com/dbimg/imgadicionalanuncio/1/478522173_1.jpg,t-cross,volkswagen,2026-05-12T23:09:50.369988,005508-5,T-Cross Hig. 250 TSI 1.4 Flex 16V 5p Aut,124531.0,4,exato,-0.006753338526150115
57487899,https://www.icarros.com.br/comprar/santo-andre-sp/volkswagen/t-cross/2024/d57487899,Volkswagen,T-Cross,1.0 200 TSI Comfortline (Aut) automático,Volkswagen T-Cross T-Cross 1.0 200 TSI Comfortline (Aut) automático,2024,131590.0,19014.0,SP,Santo André,Preto,automático,LC,False,False,876867,876867,https://img0.icarros.com/dbimg/imgadicionalanuncio/1/478559439_1.jpg,t-cross,volkswagen,2026-05-12T23:09:50.370209,005510-7,T-Cross 200 TSI 1.0  Flex 12V 5p Aut.,107734.0,3,exato,0.22143427330276422
57491641,https://www.icarros.com.br/comprar/santo-andre-sp/volkswagen/t-cross/2025/d57491641,Volkswagen,T-Cross,1.0 200 TSI Comfortline (Aut) automático,Volkswagen T-Cross T-Cross 1.0 200 TSI Comfortline (Aut) automático,2025,133490.0,59272.0,SP,Santo André,Branco,automático,LC,False,False,876867,876867,https://img1.icarros.com/dbimg/imgadicionalanuncio/1/478596386_1.jpg,t-cross,volkswagen,2026-05-12T23:09:50.370419,005510-7,T-Cross 200 TSI 1.0  Flex 12V 5p Aut.,119704.0,3,exato,0.11516741295194814
57489641,https://www.icarros.com.br/comprar/santo-andre-sp/volkswagen/t-cross/2024/d57489641,Volkswagen,T-Cross,1.4 250 TSI Highline (Aut) automático,Volkswagen T-Cross T-Cross 1.4 250 TSI Highline (Aut) automático,2024,135690.0,35911.0,SP,Santo André,Branco,automático,LC,False,False,876867,876867,https://img2.icarros.com/dbimg/imgadicionalanuncio/1/478576631_1.jpg,t-cross,volkswagen,2026-05-12T23:09:50.370626,005508-5,T-Cross Hig. 250 TSI 1.4 Flex 16V 5p Aut,131448.0,4,exato,0.03227131641409531
57491563,https://www.icarros.com.br/comprar/santo-andre-sp/volkswagen/t-cross/2025/d57491563,Volkswagen,T-Cross,1.4 250 TSI Highline (Aut) automático,Volkswagen T-Cross T-Cross 1.4 250 TSI Highline (Aut) automático,2025,139990.0,45075.0,SP,Santo André,Preto,automático,LC,False,False,876867,876867,https://img1.icarros.com/dbimg/imgadicionalanuncio/1/478595599_1.jpg,t-cross,volkswagen,2026-05-12T23:09:50.370833,005508-5,T-Cross Hig. 250 TSI 1.4 Flex 16V 5p Aut,143595.0,4,exato,-0.025105330965562868
57487483,https://www.icarros.com.br/comprar/santo-andre-sp/volkswagen/t-cross/2025/d57487483,Volkswagen,T-Cross,1.4 250 TSI Highline (Aut) automático,Volkswagen T-Cross T-Cross 1.4 250 TSI Highline (Aut) automático,2025,139990.0,47998.0,SP,Santo André,Prata,automático,LC,False,False,876867,876867,https://img1.icarros.com/dbimg/imgadicionalanuncio/1/478555316_1.jpg,t-cross,volkswagen,2026-05-12T23:09:50.371040,005508-5,T-Cross Hig. 250 TSI 1.4 Flex 16V 5p Aut,143595.0,4,exato,-0.025105330965562868
57496469,https://www.icarros.com.br/comprar/santo-andre-sp/volkswagen/t-cross/2025/d57496469,Volkswagen,T-Cross,1.4 250 TSI Highline (Aut) automático,Volkswagen T-Cross T-Cross 1.4 250 TSI Highline (Aut) automático,2025,139990.0,41123.0,SP,Santo André,Branco,automático,LC,False,False,876867,876867,https://img2.icarros.com/dbimg/imgadicionalanuncio/1/478644826_1.jpg,t-cross,volkswagen,2026-05-12T23:09:50.371246,005508-5,T-Cross Hig. 250 TSI 1.4 Flex 16V 5p Aut,143595.0,4,exato,-0.025105330965562868
57489598,https://www.icarros.com.br/comprar/santo-andre-sp/volkswagen/t-cross/2025/d57489598,Volkswagen,T-Cross,1.0 200 TSI Comfortline (Aut) automático,Volkswagen T-Cross T-Cross 1.0 200 TSI Comfortline (Aut) automático,2025,142990.0,26750.0,SP,Santo André,Cinza,automático,LC,False,False,876867,876867,https://img1.icarros.com/dbimg/imgadicionalanuncio/1/478576210_1.jpg,t-cross,volkswagen,2026-05-12T23:09:50.371454,005510-7,T-Cross 200 TSI 1.0  Flex 12V 5p Aut.,119704.0,3,exato,0.1945298402726726
57489600,https://www.icarros.com.br/comprar/santo-andre-sp/volkswagen/t-cross/2024/d57489600,Volkswagen,T-Cross,1.4 250 TSI Highline (Aut) automático,Volkswagen T-Cross T-Cross 1.4 250 TSI Highline (Aut) automático,2024,151590.0,5550.0,SP,Santo André,Azul,automático,LC,False,False,876867,876867,https://img0.icarros.com/dbimg/imgadicionalanuncio/1/478576216_1.jpg,t-cross,volkswagen,2026-05-12T23:09:50.371661,005508-5,T-Cross Hig. 250 TSI 1.4 Flex 16V 5p Aut,131448.0,4,exato,0.15323169618404237
57040957,https://www.icarros.com.br/comprar/guarulhos-sp/volkswagen/t-cross/2025/d57040957,Volkswagen,T-Cross,1.4 250 TSI Highline (Aut) automático,Volkswagen T-Cross T-Cross 1.4 250 TSI Highline (Aut) automático,2025,139800.0,43516.0,SP,Guarulhos,Azul,automático,PJ,False,False,667330,667330,https://img1.icarros.com/dbimg/imgadicionalanuncio/1/474042340_1.jpg,t-cross,volkswagen,2026-05-12T23:09:50.372065,005508-5,T-Cross Hig. 250 TSI 1.4 Flex 16V 5p Aut,143595.0,4,exato,-0.02642849681395592
56612011,https://www.icarros.com.br/comprar/campinas-sp/volkswagen/t-cross/2024/d56612011,Volkswagen,T-Cross,1.0 200 TSI Comfortline (Aut) automático,Volkswagen T-Cross T-Cross 1.0 200 TSI Comfortline (Aut) automático,2024,117890.0,48000.0,SP,Campinas,Branco,automático,PJ,False,False,2696818,2696818,https://img1.icarros.com/dbimg/imgadicionalanuncio/1/469306629_1.jpg,t-cross,volkswagen,2026-05-12T23:09:50.450873,005510-7,T-Cross 200 TSI 1.0  Flex 12V 5p Aut.,107734.0,3,exato,0.09426921863107282
56858190,https://www.icarros.com.br/comprar/guarulhos-sp/volkswagen/t-cross/2025/d56858190,Volkswagen,T-Cross,1.4 250 TSI Highline (Aut) automático,Volkswagen T-Cross T-Cross 1.4 250 TSI Highline (Aut) automático,2025,145900.0,50000.0,SP,Guarulhos,Preto,automático,PJ,False,False,1659294,1659294,https://img0.icarros.com/dbimg/imgadicionalanuncio/1/472105341_1.jpg,t-cross,volkswagen,2026-05-12T23:09:50.451101,005508-5,T-Cross Hig. 250 TSI 1.4 Flex 16V 5p Aut,143595.0,4,exato,0.016052090950242
57239148,https://www.icarros.com.br/comprar/sao-paulo-sp/volkswagen/t-cross/2022/d57239148,Volkswagen,T-Cross,1.0 200 TSI Sense (Aut) automático,Volkswagen T-Cross T-Cross 1.0 200 TSI Sense (Aut) automático,2022,93900.0,62000.0,SP,São Paulo,Branco,automático,PJ,False,False,2663394,2663394,https://img0.icarros.com/dbimg/imgadicionalanuncio/1/476050604_1.jpg,t-cross,volkswagen,2026-05-12T23:09:50.451301,005520-4,T-Cross Sense 200 TSI 1.0 Flex 5p Aut.,91057.0,4,exato,0.031222201478194978
56628128,https://www.icarros.com.br/comprar/sao-paulo-sp/volkswagen/t-cross/2020/d56628128,Volkswagen,T-Cross,1.4 250 TSI Highline (Aut) automático,Volkswagen T-Cross T-Cross 1.4 250 TSI Highline (Aut) automático,2020,114900.0,79469.0,SP,São Paulo,Preto,automático,PJ,False,False,2752812,2752812,https://img2.icarros.com/dbimg/imgadicionalanuncio/1/469486643_1.jpg,t-cross,volkswagen,2026-05-12T23:09:50.451527,005508-5,T-Cross Hig. 250 TSI 1.4 Flex 16V 5p Aut,104693.0,4,exato,0.09749457938926194
56813462,https://www.icarros.com.br/comprar/jundiai-sp/volkswagen/t-cross/2021/d56813462,Volkswagen,T-Cross,1.0 200 TSI (Aut) automático,Volkswagen T-Cross T-Cross 1.0 200 TSI (Aut) automático,2021,98900.0,34467.0,SP,Jundiaí,Branco,automático,PJ,False,False,138120,138120,https://img2.icarros.com/dbimg/imgadicionalanuncio/1/471598851_1.jpg,t-cross,volkswagen,2026-05-12T23:09:50.451924,005510-7,T-Cross 200 TSI 1.0  Flex 12V 5p Aut.,92877.0,3,exato,0.06484920916911614
56966363,https://www.icarros.com.br/comprar/ribeirao-pires-sp/volkswagen/t-cross/2022/d56966363,Volkswagen,T-Cross,1.0 200 TSI Comfortline (Aut) automático,Volkswagen T-Cross T-Cross 1.0 200 TSI Comfortline (Aut) automático,2022,108902.0,52000.0,SP,Ribeirão Pires,Prata,automático,PJ,False,False,2785709,2785709,https://img2.icarros.com/dbimg/imgadicionalanuncio/1/473271293_1.jpg,t-cross,volkswagen,2026-05-12T23:09:50.453124,005510-7,T-Cross 200 TSI 1.0  Flex 12V 5p Aut.,96806.0,3,exato,0.1249509327934219
57107718,https://www.icarros.com.br/comprar/sao-paulo-sp/volkswagen/t-cross/2021/d57107718,Volkswagen,T-Cross,1.0 200 TSI (Aut) automático,Volkswagen T-Cross T-Cross 1.0 200 TSI (Aut) automático,2021,91900.0,85359.0,SP,São Paulo,Prata,automático,PJ,False,False,169375,169375,https://img0.icarros.com/dbimg/imgadicionalanuncio/1/477643844_1.jpg,t-cross,volkswagen,2026-05-12T23:09:50.453328,005510-7,T-Cross 200 TSI 1.0  Flex 12V 5p Aut.,92877.0,3,exato,-0.010519288952054869
57217081,https://www.icarros.com.br/comprar/sorocaba-sp/volkswagen/t-cross/2023/d57217081,Volkswagen,T-Cross,1.0 200 TSI Comfortline (Aut) automático,Volkswagen T-Cross T-Cross 1.0 200 TSI Comfortline (Aut) automático,2023,109990.0,61200.0,SP,Sorocaba,Prata,automático,PJ,False,False,1085742,1085742,https://img1.icarros.com/dbimg/imgadicionalanuncio/1/475823568_1.jpg,t-cross,volkswagen,2026-05-12T23:09:50.596718,005510-7,T-Cross 200 TSI 1.0  Flex 12V 5p Aut.,100068.0,3,exato,0.09915257624815126
55779407,https://www.icarros.com.br/comprar/jundiai-sp/volkswagen/t-cross/2022/d55779407,Volkswagen,T-Cross,1.4 250 TSI Highline (Aut) automático,Volkswagen T-Cross T-Cross 1.4 250 TSI Highline (Aut) automático,2022,135900.0,49000.0,SP,Jundiaí,Marrom,automático,PJ,False,False,133296,133296,https://img2.icarros.com/dbimg/imgadicionalanuncio/1/466072649_1.jpg,t-cross,volkswagen,2026-05-12T23:09:50.596935,005508-5,T-Cross Hig. 250 TSI 1.4 Flex 16V 5p Aut,115418.0,4,exato,0.177459321769568
55571084,https://www.icarros.com.br/comprar/jundiai-sp/volkswagen/t-cross/2025/d55571084,Volkswagen,T-Cross,1.4 250 TSI Highline (Aut) automático,Volkswagen T-Cross T-Cross 1.4 250 TSI Highline (Aut) automático,2025,158900.0,17000.0,SP,Jundiaí,Preto,automático,PJ,False,False,133296,133296,https://img2.icarros.com/dbimg/imgadicionalanuncio/1/466075589_1.jpg,t-cross,volkswagen,2026-05-12T23:09:50.597137,005508-5,T-Cross Hig. 250 TSI 1.4 Flex 16V 5p Aut,143595.0,4,exato,0.10658449110345068
56979137,https://www.icarros.com.br/comprar/sorocaba-sp/volkswagen/t-cross/2021/d56979137,Volkswagen,T-Cross,1.0 200 TSI Sense (Aut) automático,Volkswagen T-Cross T-Cross 1.0 200 TSI Sense (Aut) automático,2021,91900.0,91718.0,SP,Sorocaba,Branco,automático,PJ,False,False,139480,139480,https://img2.icarros.com/dbimg/imgadicionalanuncio/1/473415722_1.jpg,t-cross,volkswagen,2026-05-12T23:09:50.597949,005520-4,T-Cross Sense 200 TSI 1.0 Flex 5p Aut.,87386.0,4,exato,0.05165587164992104
56559245,https://www.icarros.com.br/comprar/sorocaba-sp/volkswagen/t-cross/2022/d56559245,Volkswagen,T-Cross,1.0 200 TSI Sense (Aut) automático,Volkswagen T-Cross T-Cross 1.0 200 TSI Sense (Aut) automático,2022,96900.0,112952.0,SP,Sorocaba,Branco,automático,PJ,False,False,139480,139480,https://img2.icarros.com/dbimg/imgadicionalanuncio/1/468707589_1.jpg,t-cross,volkswagen,2026-05-12T23:09:50.598149,005520-4,T-Cross Sense 200 TSI 1.0 Flex 5p Aut.,91057.0,4,exato,0.06416859769155583
56879418,https://www.icarros.com.br/comprar/sorocaba-sp/volkswagen/t-cross/2020/d56879418,Volkswagen,T-Cross,1.4 250 TSI Highline (Aut) automático,Volkswagen T-Cross T-Cross 1.4 250 TSI Highline (Aut) automático,2020,109900.0,113500.0,SP,Sorocaba,Branco,automático,PJ,False,False,139480,139480,https://img0.icarros.com/dbimg/imgadicionalanuncio/1/472343925_1.jpg,t-cross,volkswagen,2026-05-12T23:09:50.598348,005508-5,T-Cross Hig. 250 TSI 1.4 Flex 16V 5p Aut,104693.0,4,exato,0.04973589447240981
56742332,https://www.icarros.com.br/comprar/sao-paulo-sp/volkswagen/t-cross/2020/d56742332,Volkswagen,T-Cross,1.0 200 TSI Sense (Aut) automático,Volkswagen T-Cross T-Cross 1.0 200 TSI Sense (Aut) automático,2020,74900.0,139000.0,SP,São Paulo,Preto,automático,PJ,False,False,2727086,2727086,https://img2.icarros.com/dbimg/imgadicionalanuncio/1/470769184_1.jpg,t-cross,volkswagen,2026-05-12T23:09:50.598729,005520-4,T-Cross Sense 200 TSI 1.0 Flex 5p Aut.,85075.0,4,exato,-0.11960035263003232
57168923,https://www.icarros.com.br/comprar/guarulhos-sp/volkswagen/t-cross/2021/d57168923,Volkswagen,T-Cross,1.0 200 TSI Comfortline (Aut) manual,Volkswagen T-Cross T-Cross 1.0 200 TSI Comfortline (Aut) manual,2021,104900.0,69700.0,SP,Guarulhos,Preto,manual,PJ,False,False,2703212,2703212,https://img2.icarros.com/dbimg/imgadicionalanuncio/1/475333491_1.jpg,t-cross,volkswagen,2026-05-12T23:09:50.599142,005511-5,T-Cross 1.0 TSI Flex 12V 5p Mec.,91320.0,3,exato,0.1487078405606658
56808141,https://www.icarros.com.br/comprar/sao-bernardo-do-campo-sp/volkswagen/t-cross/2025/d56808141,Volkswagen,T-Cross,1.4 250 TSI Highline (Aut) automático,Volkswagen T-Cross T-Cross 1.4 250 TSI Highline (Aut) automático,2025,162900.0,12000.0,SP,São Bernardo do Campo,Cinza,automático,PJ,False,False,2696538,2696538,https://img0.icarros.com/dbimg/imgadicionalanuncio/1/471536970_1.jpg,t-cross,volkswagen,2026-05-12T23:09:50.599753,005508-5,T-Cross Hig. 250 TSI 1.4 Flex 16V 5p Aut,143595.0,4,exato,0.13444061422751488
57480228,https://www.icarros.com.br/comprar/campinas-sp/volkswagen/t-cross/2025/d57480228,Volkswagen,T-Cross,1.0 200 TSI (Aut) automático,Volkswagen T-Cross T-Cross 1.0 200 TSI (Aut) automático,2025,121590.0,47293.0,SP,Campinas,Branco,automático,LC,False,False,2267107,2267107,https://img0.icarros.com/dbimg/imgadicionalanuncio/1/478483413_1.jpg,t-cross,volkswagen,2026-05-12T23:09:50.600155,005510-7,T-Cross 200 TSI 1.0  Flex 12V 5p Aut.,119704.0,3,exato,0.015755530308093298
57500264,https://www.icarros.com.br/comprar/campinas-sp/volkswagen/t-cross/2025/d57500264,Volkswagen,T-Cross,1.0 200 TSI (Aut) automático,Volkswagen T-Cross T-Cross 1.0 200 TSI (Aut) automático,2025,121990.0,40980.0,SP,Campinas,Azul,automático,LC,False,False,2267107,2267107,https://img2.icarros.com/dbimg/imgadicionalanuncio/1/478685507_1.jpg,t-cross,volkswagen,2026-05-12T23:09:50.600359,005510-7,T-Cross 200 TSI 1.0  Flex 12V 5p Aut.,119704.0,3,exato,0.019097106195281696
57489647,https://www.icarros.com.br/comprar/campinas-sp/volkswagen/t-cross/2024/d57489647,Volkswagen,T-Cross,1.0 200 TSI (Aut) automático,Volkswagen T-Cross T-Cross 1.0 200 TSI (Aut) automático,2024,123890.0,7496.0,SP,Campinas,Prata,automático,LC,False,False,2267107,2267107,https://img2.icarros.com/dbimg/imgadicionalanuncio/1/478576679_1.jpg,t-cross,volkswagen,2026-05-12T23:09:50.600562,005510-7,T-Cross 200 TSI 1.0  Flex 12V 5p Aut.,107734.0,3,exato,0.14996194330480628
57485605,https://www.icarros.com.br/comprar/jundiai-sp/renault/kwid/2025/d57485605,Renault,Kwid,1.0 Zen manual,Renault Kwid Kwid 1.0 Zen manual,2025,56490.0,42699.0,SP,Jundiaí,Prata,manual,LC,False,False,1842344,1842344,https://img1.icarros.com/dbimg/imgadicionalanuncio/1/478536796_1.jpg,kwid,renault,2026-05-12T23:09:50.675681,025266-2,KWID Zen 1.0 Flex 12V 5p Mec.,56737.0,3,exato,-0.00435342016673423
57486023,https://www.icarros.com.br/comprar/piracicaba-sp/renault/kwid/2025/d57486023,Renault,Kwid,1.0 Zen manual,Renault Kwid Kwid 1.0 Zen manual,2025,59490.0,31500.0,SP,Piracicaba,Prata,manual,LC,False,False,1234895,1234895,https://img2.icarros.com/dbimg/imgadicionalanuncio/1/478540975_1.jpg,kwid,renault,2026-05-12T23:09:50.676109,025266-2,KWID Zen 1.0 Flex 12V 5p Mec.,56737.0,3,exato,0.048522128417082325
57484881,https://www.icarros.com.br/comprar/indaiatuba-sp/renault/kwid/2025/d57484881,Renault,Kwid,1.0 Zen manual,Renault Kwid Kwid 1.0 Zen manual,2025,60190.0,33543.0,SP,Indaiatuba,Prata,manual,LC,False,False,2101611,2101611,https://img0.icarros.com/dbimg/imgadicionalanuncio/1/478529653_1.jpg,kwid,renault,2026-05-12T23:09:50.676723,025266-2,KWID Zen 1.0 Flex 12V 5p Mec.,56737.0,3,exato,0.060859756419972856
57484766,https://www.icarros.com.br/comprar/indaiatuba-sp/renault/kwid/2025/d57484766,Renault,Kwid,1.0 Zen manual,Renault Kwid Kwid 1.0 Zen manual,2025,60490.0,28884.0,SP,Indaiatuba,Prata,manual,LC,False,False,2101611,2101611,https://img2.icarros.com/dbimg/imgadicionalanuncio/1/478528530_1.jpg,kwid,renault,2026-05-12T23:09:50.676924,025266-2,KWID Zen 1.0 Flex 12V 5p Mec.,56737.0,3,exato,0.0661473112783545
57479969,https://www.icarros.com.br/comprar/sao-paulo-sp/renault/kwid/2025/d57479969,Renault,Kwid,1.0 Zen manual,Renault Kwid Kwid 1.0 Zen manual,2025,60090.0,26362.0,SP,São Paulo,Prata,manual,LC,False,False,1974338,1974338,https://img2.icarros.com/dbimg/imgadicionalanuncio/1/478480896_1.jpg,kwid,renault,2026-05-12T23:09:50.677129,025266-2,KWID Zen 1.0 Flex 12V 5p Mec.,56737.0,3,exato,0.05909723813384564
57484808,https://www.icarros.com.br/comprar/araras-sp/renault/kwid/2025/d57484808,Renault,Kwid,1.0 Zen manual,Renault Kwid Kwid 1.0 Zen manual,2025,60190.0,24487.0,SP,Araras,Branco,manual,LC,False,False,2797833,2797833,https://img2.icarros.com/dbimg/imgadicionalanuncio/1/478528948_1.jpg,kwid,renault,2026-05-12T23:09:50.677535,025266-2,KWID Zen 1.0 Flex 12V 5p Mec.,56737.0,3,exato,0.060859756419972856
57480122,https://www.icarros.com.br/comprar/sao-paulo-sp/renault/kwid/2025/d57480122,Renault,Kwid,1.0 Zen manual,Renault Kwid Kwid 1.0 Zen manual,2025,61290.0,23418.0,SP,São Paulo,Prata,manual,LC,False,False,23781,23781,https://img2.icarros.com/dbimg/imgadicionalanuncio/1/478482383_1.jpg,kwid,renault,2026-05-12T23:09:50.677740,025266-2,KWID Zen 1.0 Flex 12V 5p Mec.,56737.0,3,exato,0.08024745756737225
57479954,https://www.icarros.com.br/comprar/sao-paulo-sp/renault/kwid/2026/d57479954,Renault,Kwid,1.0 Zen manual,Renault Kwid Kwid 1.0 Zen manual,2026,66290.0,27889.0,SP,São Paulo,Branco,manual,LC,False,False,26800,26800,https://img2.icarros.com/dbimg/imgadicionalanuncio/1/478480715_1.jpg,kwid,renault,2026-05-12T23:09:50.677945,025266-2,KWID Zen 1.0 Flex 12V 5p Mec.,62834.0,3,exato,0.05500206894356559
57480293,https://www.icarros.com.br/comprar/campinas-sp/renault/kwid/2025/d57480293,Renault,Kwid,1.0 Zen manual,Renault Kwid Kwid 1.0 Zen manual,2025,60190.0,23717.0,SP,Campinas,Prata,manual,LC,False,False,1351559,1351559,https://img2.icarros.com/dbimg/imgadicionalanuncio/1/478484085_1.jpg,kwid,renault,2026-05-12T23:09:50.678150,025266-2,KWID Zen 1.0 Flex 12V 5p Mec.,56737.0,3,exato,0.060859756419972856
57477730,https://www.icarros.com.br/comprar/sao-carlos-sp/renault/kwid/2025/d57477730,Renault,Kwid,1.0 Zen manual,Renault Kwid Kwid 1.0 Zen manual,2025,58890.0,29196.0,SP,São Carlos,Preto,manual,LC,False,False,2267401,2267401,https://img1.icarros.com/dbimg/imgadicionalanuncio/1/478458550_1.jpg,kwid,renault,2026-05-12T23:09:50.678347,025266-2,KWID Zen 1.0 Flex 12V 5p Mec.,56737.0,3,exato,0.03794701870031902
57479241,https://www.icarros.com.br/comprar/sao-paulo-sp/renault/kwid/2025/d57479241,Renault,Kwid,1.0 Zen manual,Renault Kwid Kwid 1.0 Zen manual,2025,59590.0,31696.0,SP,São Paulo,Branco,manual,LC,False,False,2674291,2674291,https://img0.icarros.com/dbimg/imgadicionalanuncio/1/478473639_1.jpg,kwid,renault,2026-05-12T23:09:50.678761,025266-2,KWID Zen 1.0 Flex 12V 5p Mec.,56737.0,3,exato,0.05028464670320955
57485608,https://www.icarros.com.br/comprar/jundiai-sp/renault/kwid/2025/d57485608,Renault,Kwid,1.0 Zen manual,Renault Kwid Kwid 1.0 Zen manual,2025,56490.0,42699.0,SP,Jundiaí,Prata,manual,LC,False,False,2562314,2562314,https://img1.icarros.com/dbimg/imgadicionalanuncio/1/478536817_1.jpg,kwid,renault,2026-05-12T23:09:50.679376,025266-2,KWID Zen 1.0 Flex 12V 5p Mec.,56737.0,3,exato,-0.00435342016673423
57493080,https://www.icarros.com.br/comprar/sao-paulo-sp/renault/kwid/2026/d57493080,Renault,Kwid,1.0 Zen manual,Renault Kwid Kwid 1.0 Zen manual,2026,66790.0,22491.0,SP,São Paulo,Branco,manual,LC,False,False,1667290,1667290,https://img0.icarros.com/dbimg/imgadicionalanuncio/1/478610377_1.jpg,kwid,renault,2026-05-12T23:09:50.753019,025266-2,KWID Zen 1.0 Flex 12V 5p Mec.,62834.0,3,exato,0.06295954419581755
57487780,https://www.icarros.com.br/comprar/campinas-sp/renault/kwid/2026/d57487780,Renault,Kwid,1.0 Zen manual,Renault Kwid Kwid 1.0 Zen manual,2026,64790.0,32748.0,SP,Campinas,Preto,manual,LC,False,False,24295,24295,https://img1.icarros.com/dbimg/imgadicionalanuncio/1/478558284_1.jpg,kwid,renault,2026-05-12T23:09:50.753228,025266-2,KWID Zen 1.0 Flex 12V 5p Mec.,62834.0,3,exato,0.031129643186809688
56884000,https://www.icarros.com.br/comprar/sao-jose-dos-campos-sp/renault/kwid/2022/d56884000,Renault,Kwid,1.0 Zen manual,Renault Kwid Kwid 1.0 Zen manual,2022,45900.0,73235.0,SP,São José dos Campos,Branco,manual,PJ,False,False,2821103,2821103,https://img1.icarros.com/dbimg/imgadicionalanuncio/1/473358555_1.jpg,kwid,renault,2026-05-12T23:09:50.755647,025266-2,KWID Zen 1.0 Flex 12V 5p Mec.,44383.0,3,exato,0.03417975350922651
56824467,https://www.icarros.com.br/comprar/franca-sp/renault/kwid/2025/d56824467,Renault,Kwid,1.0 Zen manual,Renault Kwid Kwid 1.0 Zen manual,2025,59900.0,32499.0,SP,Franca,Preto,manual,PJ,False,False,1022577,1022577,https://img0.icarros.com/dbimg/imgadicionalanuncio/1/471728914_1.jpg,kwid,renault,2026-05-12T23:09:50.756646,025266-2,KWID Zen 1.0 Flex 12V 5p Mec.,56737.0,3,exato,0.05574845339020392
57494979,https://www.icarros.com.br/comprar/sao-paulo-sp/renault/kwid/2025/d57494979,Renault,Kwid,1.0 Zen manual,Renault Kwid Kwid 1.0 Zen manual,2025,59290.0,29630.0,SP,São Paulo,Prata,manual,LC,False,False,2758878,2758878,https://img0.icarros.com/dbimg/imgadicionalanuncio/1/478629240_1.jpg,kwid,renault,2026-05-12T23:09:50.829515,025266-2,KWID Zen 1.0 Flex 12V 5p Mec.,56737.0,3,exato,0.04499709184482789
57494944,https://www.icarros.com.br/comprar/sao-paulo-sp/renault/kwid/2025/d57494944,Renault,Kwid,1.0 Zen manual,Renault Kwid Kwid 1.0 Zen manual,2025,59890.0,37035.0,SP,São Paulo,Prata,manual,LC,False,False,2758878,2758878,https://img1.icarros.com/dbimg/imgadicionalanuncio/1/478628880_1.jpg,kwid,renault,2026-05-12T23:09:50.829736,025266-2,KWID Zen 1.0 Flex 12V 5p Mec.,56737.0,3,exato,0.0555722015615912
57494988,https://www.icarros.com.br/comprar/sao-paulo-sp/renault/kwid/2025/d57494988,Renault,Kwid,1.0 Zen manual,Renault Kwid Kwid 1.0 Zen manual,2025,60190.0,33123.0,SP,São Paulo,Prata,manual,LC,False,False,2758878,2758878,https://img0.icarros.com/dbimg/imgadicionalanuncio/1/478629298_1.jpg,kwid,renault,2026-05-12T23:09:50.829942,025266-2,KWID Zen 1.0 Flex 12V 5p Mec.,56737.0,3,exato,0.060859756419972856
57495032,https://www.icarros.com.br/comprar/sao-paulo-sp/renault/kwid/2025/d57495032,Renault,Kwid,1.0 Zen manual,Renault Kwid Kwid 1.0 Zen manual,2025,60190.0,32036.0,SP,São Paulo,Preto,manual,LC,False,False,2758878,2758878,https://img2.icarros.com/dbimg/imgadicionalanuncio/1/478629753_1.jpg,kwid,renault,2026-05-12T23:09:50.830144,025266-2,KWID Zen 1.0 Flex 12V 5p Mec.,56737.0,3,exato,0.060859756419972856
56848147,https://www.icarros.com.br/comprar/sorocaba-sp/renault/kwid/2025/d56848147,Renault,Kwid,1.0 Zen manual,Renault Kwid Kwid 1.0 Zen manual,2025,59900.0,36377.0,SP,Sorocaba,Preto,manual,PJ,False,False,156972,156972,https://img1.icarros.com/dbimg/imgadicionalanuncio/1/474896417_1.jpg,kwid,renault,2026-05-12T23:09:50.830348,025266-2,KWID Zen 1.0 Flex 12V 5p Mec.,56737.0,3,exato,0.05574845339020392
56605957,https://www.icarros.com.br/comprar/limeira-sp/renault/kwid/2024/d56605957,Renault,Kwid,1.0 Outsider manual,Renault Kwid Kwid 1.0 Outsider manual,2024,61900.0,80000.0,SP,Limeira,Preto,manual,PJ,False,False,2428114,2428114,https://img1.icarros.com/dbimg/imgadicionalanuncio/1/469242131_1.jpg,kwid,renault,2026-05-12T23:09:50.831774,025279-4,KWID OUTSIDER 1.0 Flex 12V 5p Mec.,58710.0,3,exato,0.05433486629194345
56874477,https://www.icarros.com.br/comprar/americana-sp/renault/kwid/2026/d56874477,Renault,Kwid,1.0 Zen manual,Renault Kwid Kwid 1.0 Zen manual,2026,64990.0,27000.0,SP,Americana,Preto,manual,PJ,False,False,36477,36477,https://img0.icarros.com/dbimg/imgadicionalanuncio/1/472287374_1.jpg,kwid,renault,2026-05-12T23:09:50.831972,025266-2,KWID Zen 1.0 Flex 12V 5p Mec.,62834.0,3,exato,0.034312633287710476
56552655,https://www.icarros.com.br/comprar/leme-sp/renault/kwid/2023/d56552655,Renault,Kwid,1.0 Outsider manual,Renault Kwid Kwid 1.0 Outsider manual,2023,59890.0,44800.0,SP,Leme,Branco,manual,PJ,False,False,663639,663639,https://img0.icarros.com/dbimg/imgadicionalanuncio/1/477611701_1.jpg,kwid,renault,2026-05-12T23:09:50.906190,025279-4,KWID OUTSIDER 1.0 Flex 12V 5p Mec.,55283.0,3,exato,0.08333484072861458
56770807,https://www.icarros.com.br/comprar/paulinia-sp/renault/kwid/2019/d56770807,Renault,Kwid,Intense 1.0 12v SCe (Flex) manual,Renault Kwid Kwid Intense 1.0 12v SCe (Flex) manual,2019,42000.0,88829.0,SP,Paulínia,Branco,manual,PJ,False,False,2612625,2612625,https://img1.icarros.com/dbimg/imgadicionalanuncio/1/471089963_1.jpg,kwid,renault,2026-05-12T23:09:50.906394,025267-0,KWID Intense 1.0 Flex 12V 5p Mec.,39001.0,3,exato,0.07689546421886619
56890166,https://www.icarros.com.br/comprar/jundiai-sp/renault/kwid/2024/d56890166,Renault,Kwid,1.0 Zen manual,Renault Kwid Kwid 1.0 Zen manual,2024,56690.0,33399.0,SP,Jundiaí,Branco,manual,LC,False,False,1842344,1842344,https://img2.icarros.com/dbimg/imgadicionalanuncio/1/472467873_1.jpg,kwid,renault,2026-05-12T23:09:50.906601,025266-2,KWID Zen 1.0 Flex 12V 5p Mec.,52585.0,3,exato,0.07806408671674432
56889980,https://www.icarros.com.br/comprar/jundiai-sp/renault/kwid/2025/d56889980,Renault,Kwid,1.0 Zen manual,Renault Kwid Kwid 1.0 Zen manual,2025,59690.0,65285.0,SP,Jundiaí,Branco,manual,LC,False,False,1842344,1842344,https://img2.icarros.com/dbimg/imgadicionalanuncio/1/472466190_1.jpg,kwid,renault,2026-05-12T23:09:50.906807,025266-2,KWID Zen 1.0 Flex 12V 5p Mec.,56737.0,3,exato,0.052047164989336765
57485690,https://www.icarros.com.br/comprar/jundiai-sp/renault/kwid/2026/d57485690,Renault,Kwid,1.0 Zen manual,Renault Kwid Kwid 1.0 Zen manual,2026,66590.0,24732.0,SP,Jundiaí,Prata,manual,LC,False,False,1842344,1842344,https://img2.icarros.com/dbimg/imgadicionalanuncio/1/478537607_1.jpg,kwid,renault,2026-05-12T23:09:50.907014,025266-2,KWID Zen 1.0 Flex 12V 5p Mec.,62834.0,3,exato,0.059776554094916765
57461619,https://www.icarros.com.br/comprar/ribeirao-preto-sp/renault/kwid/2025/d57461619,Renault,Kwid,1.0 Zen manual,Renault Kwid Kwid 1.0 Zen manual,2025,57990.0,29208.0,SP,Ribeirão Preto,Prata,manual,PJ,False,False,2322847,2322847,https://img0.icarros.com/dbimg/imgadicionalanuncio/1/478296316_1.jpg,kwid,renault,2026-05-12T23:09:50.907217,025266-2,KWID Zen 1.0 Flex 12V 5p Mec.,56737.0,3,exato,0.02208435412517405
57448196,https://www.icarros.com.br/comprar/sao-paulo-sp/renault/kwid/2023/d57448196,Renault,Kwid,1.0 Outsider manual,Renault Kwid Kwid 1.0 Outsider manual,2023,53999.0,51480.0,SP,São Paulo,Branco,manual,PJ,False,False,2507748,2507748,https://img2.icarros.com/dbimg/imgadicionalanuncio/1/478160641_1.jpg,kwid,renault,2026-05-12T23:09:50.909224,025279-4,KWID OUTSIDER 1.0 Flex 12V 5p Mec.,55283.0,3,exato,-0.023225946493497098
56795831,https://www.icarros.com.br/comprar/sao-paulo-sp/renault/kwid/2024/d56795831,Renault,Kwid,1.0 Zen manual,Renault Kwid Kwid 1.0 Zen manual,2024,55990.0,40230.0,SP,São Paulo,Prata,manual,PJ,False,False,149173,149173,https://img2.icarros.com/dbimg/imgadicionalanuncio/1/471387473_1.jpg,kwid,renault,2026-05-12T23:09:50.909420,025266-2,KWID Zen 1.0 Flex 12V 5p Mec.,52585.0,3,exato,0.0647523057906247
56719018,https://www.icarros.com.br/comprar/botucatu-sp/renault/kwid/2024/d56719018,Renault,Kwid,1.0 Intense manual,Renault Kwid Kwid 1.0 Intense manual,2024,57900.0,46000.0,SP,Botucatu,Preto,manual,PJ,False,False,2591067,2591067,https://img1.icarros.com/dbimg/imgadicionalanuncio/1/470504976_1.jpg,kwid,renault,2026-05-12T23:09:50.909616,025267-0,KWID Intense 1.0 Flex 12V 5p Mec.,56013.0,3,exato,0.03368860800171389
57354495,https://www.icarros.com.br/comprar/taubate-sp/renault/kwid/2025/d57354495,Renault,Kwid,1.0 Intense manual,Renault Kwid Kwid 1.0 Intense manual,2025,64900.0,42000.0,SP,Taubaté,Branco,manual,PJ,False,False,514374,514374,https://img0.icarros.com/dbimg/imgadicionalanuncio/1/477217134_1.jpg,kwid,renault,2026-05-12T23:09:50.983329,025267-0,KWID Intense 1.0 Flex 12V 5p Mec.,60550.0,3,exato,0.07184145334434351
56631610,https://www.icarros.com.br/comprar/osasco-sp/renault/kwid/2024/d56631610,Renault,Kwid,1.0 Intense manual,Renault Kwid Kwid 1.0 Intense manual,2024,56990.0,14000.0,SP,Osasco,Preto,manual,PJ,False,False,624438,624438,https://img1.icarros.com/dbimg/imgadicionalanuncio/1/469525814_1.jpg,kwid,renault,2026-05-12T23:09:51.061054,025267-0,KWID Intense 1.0 Flex 12V 5p Mec.,56013.0,3,exato,0.01744237944762823
56579159,https://www.icarros.com.br/comprar/osasco-sp/renault/kwid/2025/d56579159,Renault,Kwid,1.0 Outsider manual,Renault Kwid Kwid 1.0 Outsider manual,2025,64900.0,11949.0,SP,Osasco,Vermelho,manual,PJ,False,False,624438,624438,https://img2.icarros.com/dbimg/imgadicionalanuncio/1/468944437_1.jpg,kwid,renault,2026-05-12T23:09:51.061254,025279-4,KWID OUTSIDER 1.0 Flex 12V 5p Mec.,64340.0,3,exato,0.008703761268262356
56729691,https://www.icarros.com.br/comprar/osasco-sp/renault/kwid/2026/d56729691,Renault,Kwid,1.0 Zen manual,Renault Kwid Kwid 1.0 Zen manual,2026,64990.0,0.0,SP,Osasco,Preto,manual,PJ,False,False,624438,624438,https://img0.icarros.com/dbimg/imgadicionalanuncio/1/470623673_1.jpg,kwid,renault,2026-05-12T23:09:51.061458,025266-2,KWID Zen 1.0 Flex 12V 5p Mec.,62834.0,3,exato,0.034312633287710476
56731508,https://www.icarros.com.br/comprar/osasco-sp/renault/kwid/2026/d56731508,Renault,Kwid,1.0 Intense manual,Renault Kwid Kwid 1.0 Intense manual,2026,67990.0,0.0,SP,Osasco,Preto,manual,PJ,False,False,624438,624438,https://img2.icarros.com/dbimg/imgadicionalanuncio/1/470646910_1.jpg,kwid,renault,2026-05-12T23:09:51.061661,025267-0,KWID Intense 1.0 Flex 12V 5p Mec.,66428.0,3,exato,0.023514180767146384
56729750,https://www.icarros.com.br/comprar/osasco-sp/renault/kwid/2026/d56729750,Renault,Kwid,1.0 Outsider manual,Renault Kwid Kwid 1.0 Outsider manual,2026,74990.0,0.0,SP,Osasco,Preto,manual,PJ,False,False,624438,624438,https://img2.icarros.com/dbimg/imgadicionalanuncio/1/470624409_1.jpg,kwid,renault,2026-05-12T23:09:51.061862,025279-4,KWID OUTSIDER 1.0 Flex 12V 5p Mec.,69873.0,3,exato,0.07323286534140512
56731716,https://www.icarros.com.br/comprar/osasco-sp/renault/kwid/2026/d56731716,Renault,Kwid,1.0 Iconic manual,Renault Kwid Kwid 1.0 Iconic manual,2026,75890.0,0.0,SP,Osasco,Branco,manual,PJ,False,False,624438,624438,https://img0.icarros.com/dbimg/imgadicionalanuncio/1/470649319_1.jpg,kwid,renault,2026-05-12T23:09:51.062063,025333-2,KWID Iconic 1.0 Flex 12V 5p Mec.,70009.0,3,exato,0.08400348526618007
57491609,https://www.icarros.com.br/comprar/ribeirao-preto-sp/renault/kwid/2025/d57491609,Renault,Kwid,1.0 Zen manual,Renault Kwid Kwid 1.0 Zen manual,2025,58390.0,37497.0,SP,Ribeirão Preto,Preto,manual,LC,False,False,2796993,2796993,https://img2.icarros.com/dbimg/imgadicionalanuncio/1/478596040_1.jpg,kwid,renault,2026-05-12T23:09:51.062460,025266-2,KWID Zen 1.0 Flex 12V 5p Mec.,56737.0,3,exato,0.029134427269682923
57518642,https://www.icarros.com.br/comprar/ribeirao-preto-sp/renault/kwid/2025/d57518642,Renault,Kwid,1.0 Zen manual,Renault Kwid Kwid 1.0 Zen manual,2025,58890.0,20986.0,SP,Ribeirão Preto,Prata,manual,LC,False,False,2796993,2796993,https://img2.icarros.com/dbimg/imgadicionalanuncio/1/478876184_1.jpg,kwid,renault,2026-05-12T23:09:51.062662,025266-2,KWID Zen 1.0 Flex 12V 5p Mec.,56737.0,3,exato,0.03794701870031902
57491416,https://www.icarros.com.br/comprar/ribeirao-preto-sp/renault/kwid/2025/d57491416,Renault,Kwid,1.0 Zen manual,Renault Kwid Kwid 1.0 Zen manual,2025,59090.0,32823.0,SP,Ribeirão Preto,Branco,manual,LC,False,False,2796993,2796993,https://img1.icarros.com/dbimg/imgadicionalanuncio/1/478594130_1.jpg,kwid,renault,2026-05-12T23:09:51.062863,025266-2,KWID Zen 1.0 Flex 12V 5p Mec.,56737.0,3,exato,0.04147205527257345
57491433,https://www.icarros.com.br/comprar/ribeirao-preto-sp/renault/kwid/2025/d57491433,Renault,Kwid,1.0 Zen manual,Renault Kwid Kwid 1.0 Zen manual,2025,59190.0,31138.0,SP,Ribeirão Preto,Vermelho,manual,LC,False,False,2796993,2796993,https://img0.icarros.com/dbimg/imgadicionalanuncio/1/478594302_1.jpg,kwid,renault,2026-05-12T23:09:51.063063,025266-2,KWID Zen 1.0 Flex 12V 5p Mec.,56737.0,3,exato,0.043234573558700674
57491457,https://www.icarros.com.br/comprar/ribeirao-preto-sp/renault/kwid/2025/d57491457,Renault,Kwid,1.0 Zen manual,Renault Kwid Kwid 1.0 Zen manual,2025,59590.0,29363.0,SP,Ribeirão Preto,Vermelho,manual,LC,False,False,2796993,2796993,https://img0.icarros.com/dbimg/imgadicionalanuncio/1/478594556_1.jpg,kwid,renault,2026-05-12T23:09:51.063263,025266-2,KWID Zen 1.0 Flex 12V 5p Mec.,56737.0,3,exato,0.05028464670320955
57491491,https://www.icarros.com.br/comprar/ribeirao-preto-sp/renault/kwid/2025/d57491491,Renault,Kwid,1.0 Zen manual,Renault Kwid Kwid 1.0 Zen manual,2025,59990.0,27199.0,SP,Ribeirão Preto,Preto,manual,LC,False,False,2796993,2796993,https://img1.icarros.com/dbimg/imgadicionalanuncio/1/478594888_1.jpg,kwid,renault,2026-05-12T23:09:51.063462,025266-2,KWID Zen 1.0 Flex 12V 5p Mec.,56737.0,3,exato,0.05733471984771842
57491447,https://www.icarros.com.br/comprar/ribeirao-preto-sp/renault/kwid/2025/d57491447,Renault,Kwid,1.0 Zen manual,Renault Kwid Kwid 1.0 Zen manual,2025,60190.0,23359.0,SP,Ribeirão Preto,Vermelho,manual,LC,False,False,2796993,2796993,https://img2.icarros.com/dbimg/imgadicionalanuncio/1/478594413_1.jpg,kwid,renault,2026-05-12T23:09:51.063659,025266-2,KWID Zen 1.0 Flex 12V 5p Mec.,56737.0,3,exato,0.060859756419972856
57492039,https://www.icarros.com.br/comprar/ribeirao-preto-sp/renault/kwid/2026/d57492039,Renault,Kwid,1.0 Zen manual,Renault Kwid Kwid 1.0 Zen manual,2026,64490.0,37013.0,SP,Ribeirão Preto,Branco,manual,LC,False,False,2796993,2796993,https://img0.icarros.com/dbimg/imgadicionalanuncio/1/478600272_1.jpg,kwid,renault,2026-05-12T23:09:51.137477,025266-2,KWID Zen 1.0 Flex 12V 5p Mec.,62834.0,3,exato,0.02635515803545851
57492076,https://www.icarros.com.br/comprar/ribeirao-preto-sp/renault/kwid/2026/d57492076,Renault,Kwid,1.0 Zen manual,Renault Kwid Kwid 1.0 Zen manual,2026,64690.0,34775.0,SP,Ribeirão Preto,Branco,manual,LC,False,False,2796993,2796993,https://img1.icarros.com/dbimg/imgadicionalanuncio/1/478600632_1.jpg,kwid,renault,2026-05-12T23:09:51.137692,025266-2,KWID Zen 1.0 Flex 12V 5p Mec.,62834.0,3,exato,0.029538148136359296
57478732,https://www.icarros.com.br/comprar/marilia-sp/renault/kwid/2025/d57478732,Renault,Kwid,1.0 Zen manual,Renault Kwid Kwid 1.0 Zen manual,2025,56490.0,43599.0,SP,Marília,Prata,manual,LC,False,False,1574328,1574328,https://img1.icarros.com/dbimg/imgadicionalanuncio/1/478468547_1.jpg,kwid,renault,2026-05-12T23:09:51.138098,025266-2,KWID Zen 1.0 Flex 12V 5p Mec.,56737.0,3,exato,-0.00435342016673423
57478729,https://www.icarros.com.br/comprar/marilia-sp/renault/kwid/2025/d57478729,Renault,Kwid,1.0 Zen manual,Renault Kwid Kwid 1.0 Zen manual,2025,56490.0,41977.0,SP,Marília,Prata,manual,LC,False,False,1574328,1574328,https://img1.icarros.com/dbimg/imgadicionalanuncio/1/478468530_1.jpg,kwid,renault,2026-05-12T23:09:51.138299,025266-2,KWID Zen 1.0 Flex 12V 5p Mec.,56737.0,3,exato,-0.00435342016673423
57487326,https://www.icarros.com.br/comprar/marilia-sp/renault/kwid/2025/d57487326,Renault,Kwid,1.0 Zen manual,Renault Kwid Kwid 1.0 Zen manual,2025,58190.0,32310.0,SP,Marília,Branco,manual,LC,False,False,1574328,1574328,https://img0.icarros.com/dbimg/imgadicionalanuncio/1/478553758_1.jpg,kwid,renault,2026-05-12T23:09:51.138504,025266-2,KWID Zen 1.0 Flex 12V 5p Mec.,56737.0,3,exato,0.025609390697428486
57478650,https://www.icarros.com.br/comprar/marilia-sp/renault/kwid/2025/d57478650,Renault,Kwid,1.0 Zen manual,Renault Kwid Kwid 1.0 Zen manual,2025,58490.0,24983.0,SP,Marília,Prata,manual,LC,False,False,1574328,1574328,https://img0.icarros.com/dbimg/imgadicionalanuncio/1/478467747_1.jpg,kwid,renault,2026-05-12T23:09:51.138712,025266-2,KWID Zen 1.0 Flex 12V 5p Mec.,56737.0,3,exato,0.030896945555810143
57478587,https://www.icarros.com.br/comprar/marilia-sp/renault/kwid/2025/d57478587,Renault,Kwid,1.0 Zen manual,Renault Kwid Kwid 1.0 Zen manual,2025,59090.0,37694.0,SP,Marília,Prata,manual,LC,False,False,1574328,1574328,https://img0.icarros.com/dbimg/imgadicionalanuncio/1/478467059_1.jpg,kwid,renault,2026-05-12T23:09:51.138914,025266-2,KWID Zen 1.0 Flex 12V 5p Mec.,56737.0,3,exato,0.04147205527257345
57478824,https://www.icarros.com.br/comprar/marilia-sp/renault/kwid/2025/d57478824,Renault,Kwid,1.0 Zen manual,Renault Kwid Kwid 1.0 Zen manual,2025,59090.0,37830.0,SP,Marília,Prata,manual,LC,False,False,1574328,1574328,https://img0.icarros.com/dbimg/imgadicionalanuncio/1/478469464_1.jpg,kwid,renault,2026-05-12T23:09:51.139114,025266-2,KWID Zen 1.0 Flex 12V 5p Mec.,56737.0,3,exato,0.04147205527257345
57478748,https://www.icarros.com.br/comprar/marilia-sp/renault/kwid/2025/d57478748,Renault,Kwid,1.0 Zen manual,Renault Kwid Kwid 1.0 Zen manual,2025,59290.0,29393.0,SP,Marília,Prata,manual,LC,False,False,1574328,1574328,https://img2.icarros.com/dbimg/imgadicionalanuncio/1/478468652_1.jpg,kwid,renault,2026-05-12T23:09:51.139315,025266-2,KWID Zen 1.0 Flex 12V 5p Mec.,56737.0,3,exato,0.04499709184482789
57478731,https://www.icarros.com.br/comprar/marilia-sp/renault/kwid/2025/d57478731,Renault,Kwid,1.0 Zen manual,Renault Kwid Kwid 1.0 Zen manual,2025,59390.0,32165.0,SP,Marília,Prata,manual,LC,False,False,1574328,1574328,https://img0.icarros.com/dbimg/imgadicionalanuncio/1/478468540_1.jpg,kwid,renault,2026-05-12T23:09:51.139516,025266-2,KWID Zen 1.0 Flex 12V 5p Mec.,56737.0,3,exato,0.04675961013095511
57478584,https://www.icarros.com.br/comprar/marilia-sp/renault/kwid/2025/d57478584,Renault,Kwid,1.0 Zen manual,Renault Kwid Kwid 1.0 Zen manual,2025,59490.0,24581.0,SP,Marília,Prata,manual,LC,False,False,1574328,1574328,https://img0.icarros.com/dbimg/imgadicionalanuncio/1/478467048_1.jpg,kwid,renault,2026-05-12T23:09:51.139717,025266-2,KWID Zen 1.0 Flex 12V 5p Mec.,56737.0,3,exato,0.048522128417082325
57478699,https://www.icarros.com.br/comprar/marilia-sp/renault/kwid/2025/d57478699,Renault,Kwid,1.0 Zen manual,Renault Kwid Kwid 1.0 Zen manual,2025,59490.0,31989.0,SP,Marília,Prata,manual,LC,False,False,1574328,1574328,https://img1.icarros.com/dbimg/imgadicionalanuncio/1/478468193_1.jpg,kwid,renault,2026-05-12T23:09:51.139915,025266-2,KWID Zen 1.0 Flex 12V 5p Mec.,56737.0,3,exato,0.048522128417082325
57487340,https://www.icarros.com.br/comprar/marilia-sp/renault/kwid/2025/d57487340,Renault,Kwid,1.0 Zen manual,Renault Kwid Kwid 1.0 Zen manual,2025,59990.0,21520.0,SP,Marília,Prata,manual,LC,False,False,1574328,1574328,https://img2.icarros.com/dbimg/imgadicionalanuncio/1/478553900_1.jpg,kwid,renault,2026-05-12T23:09:51.140117,025266-2,KWID Zen 1.0 Flex 12V 5p Mec.,56737.0,3,exato,0.05733471984771842
57487333,https://www.icarros.com.br/comprar/marilia-sp/renault/kwid/2025/d57487333,Renault,Kwid,1.0 Zen manual,Renault Kwid Kwid 1.0 Zen manual,2025,59990.0,27497.0,SP,Marília,Prata,manual,LC,False,False,1574328,1574328,https://img1.icarros.com/dbimg/imgadicionalanuncio/1/478553840_1.jpg,kwid,renault,2026-05-12T23:09:51.140319,025266-2,KWID Zen 1.0 Flex 12V 5p Mec.,56737.0,3,exato,0.05733471984771842
57478625,https://www.icarros.com.br/comprar/marilia-sp/renault/kwid/2025/d57478625,Renault,Kwid,1.0 Zen manual,Renault Kwid Kwid 1.0 Zen manual,2025,59990.0,26703.0,SP,Marília,Prata,manual,LC,False,False,1574328,1574328,https://img2.icarros.com/dbimg/imgadicionalanuncio/1/478467453_1.jpg,kwid,renault,2026-05-12T23:09:51.140517,025266-2,KWID Zen 1.0 Flex 12V 5p Mec.,56737.0,3,exato,0.05733471984771842
57487327,https://www.icarros.com.br/comprar/marilia-sp/renault/kwid/2025/d57487327,Renault,Kwid,1.0 Zen manual,Renault Kwid Kwid 1.0 Zen manual,2025,60190.0,25932.0,SP,Marília,Branco,manual,LC,False,False,1574328,1574328,https://img1.icarros.com/dbimg/imgadicionalanuncio/1/478553771_1.jpg,kwid,renault,2026-05-12T23:09:51.140718,025266-2,KWID Zen 1.0 Flex 12V 5p Mec.,56737.0,3,exato,0.060859756419972856
57478728,https://www.icarros.com.br/comprar/marilia-sp/renault/kwid/2025/d57478728,Renault,Kwid,1.0 Zen manual,Renault Kwid Kwid 1.0 Zen manual,2025,60490.0,22502.0,SP,Marília,Prata,manual,LC,False,False,1574328,1574328,https://img0.icarros.com/dbimg/imgadicionalanuncio/1/478468514_1.jpg,kwid,renault,2026-05-12T23:09:51.140916,025266-2,KWID Zen 1.0 Flex 12V 5p Mec.,56737.0,3,exato,0.0661473112783545
57478317,https://www.icarros.com.br/comprar/marilia-sp/renault/kwid/2026/d57478317,Renault,Kwid,1.0 Zen manual,Renault Kwid Kwid 1.0 Zen manual,2026,64490.0,33405.0,SP,Marília,Branco,manual,LC,False,False,1574328,1574328,https://img0.icarros.com/dbimg/imgadicionalanuncio/1/478464415_1.jpg,kwid,renault,2026-05-12T23:09:51.141115,025266-2,KWID Zen 1.0 Flex 12V 5p Mec.,62834.0,3,exato,0.02635515803545851
57478358,https://www.icarros.com.br/comprar/marilia-sp/renault/kwid/2026/d57478358,Renault,Kwid,1.0 Zen manual,Renault Kwid Kwid 1.0 Zen manual,2026,64590.0,30034.0,SP,Marília,Prata,manual,LC,False,False,1574328,1574328,https://img2.icarros.com/dbimg/imgadicionalanuncio/1/478464778_1.jpg,kwid,renault,2026-05-12T23:09:51.141314,025266-2,KWID Zen 1.0 Flex 12V 5p Mec.,62834.0,3,exato,0.027946653085908903
57478407,https://www.icarros.com.br/comprar/marilia-sp/renault/kwid/2026/d57478407,Renault,Kwid,1.0 Zen manual,Renault Kwid Kwid 1.0 Zen manual,2026,64790.0,33419.0,SP,Marília,Branco,manual,LC,False,False,1574328,1574328,https://img0.icarros.com/dbimg/imgadicionalanuncio/1/478465297_1.jpg,kwid,renault,2026-05-12T23:09:51.214142,025266-2,KWID Zen 1.0 Flex 12V 5p Mec.,62834.0,3,exato,0.031129643186809688
57478379,https://www.icarros.com.br/comprar/marilia-sp/renault/kwid/2026/d57478379,Renault,Kwid,1.0 Zen manual,Renault Kwid Kwid 1.0 Zen manual,2026,64890.0,31467.0,SP,Marília,Branco,manual,LC,False,False,1574328,1574328,https://img2.icarros.com/dbimg/imgadicionalanuncio/1/478465004_1.jpg,kwid,renault,2026-05-12T23:09:51.214357,025266-2,KWID Zen 1.0 Flex 12V 5p Mec.,62834.0,3,exato,0.03272113823726008
57487213,https://www.icarros.com.br/comprar/marilia-sp/renault/kwid/2026/d57487213,Renault,Kwid,1.0 Zen manual,Renault Kwid Kwid 1.0 Zen manual,2026,65090.0,29507.0,SP,Marília,Branco,manual,LC,False,False,1574328,1574328,https://img1.icarros.com/dbimg/imgadicionalanuncio/1/478552680_1.jpg,kwid,renault,2026-05-12T23:09:51.214565,025266-2,KWID Zen 1.0 Flex 12V 5p Mec.,62834.0,3,exato,0.03590412833816087
57487210,https://www.icarros.com.br/comprar/marilia-sp/renault/kwid/2026/d57487210,Renault,Kwid,1.0 Zen manual,Renault Kwid Kwid 1.0 Zen manual,2026,65090.0,29364.0,SP,Marília,Branco,manual,LC,False,False,1574328,1574328,https://img1.icarros.com/dbimg/imgadicionalanuncio/1/478552635_1.jpg,kwid,renault,2026-05-12T23:09:51.214769,025266-2,KWID Zen 1.0 Flex 12V 5p Mec.,62834.0,3,exato,0.03590412833816087
57487219,https://www.icarros.com.br/comprar/marilia-sp/renault/kwid/2026/d57487219,Renault,Kwid,1.0 Zen manual,Renault Kwid Kwid 1.0 Zen manual,2026,65490.0,27821.0,SP,Marília,Branco,manual,LC,False,False,1574328,1574328,https://img1.icarros.com/dbimg/imgadicionalanuncio/1/478552735_1.jpg,kwid,renault,2026-05-12T23:09:51.214972,025266-2,KWID Zen 1.0 Flex 12V 5p Mec.,62834.0,3,exato,0.042270108539962443
57487229,https://www.icarros.com.br/comprar/marilia-sp/renault/kwid/2026/d57487229,Renault,Kwid,1.0 Zen manual,Renault Kwid Kwid 1.0 Zen manual,2026,65790.0,25579.0,SP,Marília,Branco,manual,LC,False,False,1574328,1574328,https://img2.icarros.com/dbimg/imgadicionalanuncio/1/478552808_1.jpg,kwid,renault,2026-05-12T23:09:51.215175,025266-2,KWID Zen 1.0 Flex 12V 5p Mec.,62834.0,3,exato,0.04704459369131362
54320168,https://www.icarros.com.br/comprar/ribeirao-preto-sp/renault/kwid/2023/d54320168,Renault,Kwid,1.0 Zen manual,Renault Kwid Kwid 1.0 Zen manual,2023,48990.0,79281.0,SP,Ribeirão Preto,Branco,manual,PJ,False,False,2090202,2090202,https://img2.icarros.com/dbimg/imgadicionalanuncio/1/445111347_1.jpg,kwid,renault,2026-05-12T23:09:51.357073,025266-2,KWID Zen 1.0 Flex 12V 5p Mec.,49655.0,3,exato,-0.013392407612526433
57486900,https://www.icarros.com.br/comprar/mogi-das-cruzes-sp/renault/kwid/2025/d57486900,Renault,Kwid,1.0 Zen manual,Renault Kwid Kwid 1.0 Zen manual,2025,60490.0,26015.0,SP,Mogi das Cruzes,Vermelho,manual,LC,False,False,2562325,2562325,https://img0.icarros.com/dbimg/imgadicionalanuncio/1/478549650_1.jpg,kwid,renault,2026-05-12T23:09:51.357281,025266-2,KWID Zen 1.0 Flex 12V 5p Mec.,56737.0,3,exato,0.0661473112783545
57486867,https://www.icarros.com.br/comprar/mogi-das-cruzes-sp/renault/kwid/2025/d57486867,Renault,Kwid,1.0 Zen manual,Renault Kwid Kwid 1.0 Zen manual,2025,60490.0,28556.0,SP,Mogi das Cruzes,Preto,manual,LC,False,False,2562325,2562325,https://img0.icarros.com/dbimg/imgadicionalanuncio/1/478549333_1.jpg,kwid,renault,2026-05-12T23:09:51.357486,025266-2,KWID Zen 1.0 Flex 12V 5p Mec.,56737.0,3,exato,0.0661473112783545
57486837,https://www.icarros.com.br/comprar/mogi-das-cruzes-sp/renault/kwid/2025/d57486837,Renault,Kwid,1.0 Zen manual,Renault Kwid Kwid 1.0 Zen manual,2025,60490.0,29291.0,SP,Mogi das Cruzes,Prata,manual,LC,False,False,2562325,2562325,https://img0.icarros.com/dbimg/imgadicionalanuncio/1/478549027_1.jpg,kwid,renault,2026-05-12T23:09:51.357693,025266-2,KWID Zen 1.0 Flex 12V 5p Mec.,56737.0,3,exato,0.0661473112783545
57487585,https://www.icarros.com.br/comprar/mogi-das-cruzes-sp/renault/kwid/2026/d57487585,Renault,Kwid,1.0 Zen manual,Renault Kwid Kwid 1.0 Zen manual,2026,65590.0,32493.0,SP,Mogi das Cruzes,Preto,manual,LC,False,False,2562325,2562325,https://img1.icarros.com/dbimg/imgadicionalanuncio/1/478556351_1.jpg,kwid,renault,2026-05-12T23:09:51.357901,025266-2,KWID Zen 1.0 Flex 12V 5p Mec.,62834.0,3,exato,0.043861603590412836
57514794,https://www.icarros.com.br/comprar/mogi-das-cruzes-sp/renault/kwid/2026/d57514794,Renault,Kwid,1.0 Zen manual,Renault Kwid Kwid 1.0 Zen manual,2026,65590.0,32001.0,SP,Mogi das Cruzes,Branco,manual,LC,False,False,2562325,2562325,https://img0.icarros.com/dbimg/imgadicionalanuncio/1/478835120_1.jpg,kwid,renault,2026-05-12T23:09:51.358107,025266-2,KWID Zen 1.0 Flex 12V 5p Mec.,62834.0,3,exato,0.043861603590412836
57519442,https://www.icarros.com.br/comprar/mogi-das-cruzes-sp/renault/kwid/2026/d57519442,Renault,Kwid,1.0 Zen manual,Renault Kwid Kwid 1.0 Zen manual,2026,67090.0,20865.0,SP,Mogi das Cruzes,Prata,manual,LC,False,False,2562325,2562325,https://img1.icarros.com/dbimg/imgadicionalanuncio/1/478884474_1.jpg,kwid,renault,2026-05-12T23:09:51.358311,025266-2,KWID Zen 1.0 Flex 12V 5p Mec.,62834.0,3,exato,0.06773402934716873
56846471,https://www.icarros.com.br/comprar/sao-jose-dos-campos-sp/renault/kwid/2022/d56846471,Renault,Kwid,1.0 Zen manual,Renault Kwid Kwid 1.0 Zen manual,2022,46900.0,118689.0,SP,São José dos Campos,Prata,manual,PJ,False,False,2582072,2582072,https://img2.icarros.com/dbimg/imgadicionalanuncio/1/476659191_1.jpg,kwid,renault,2026-05-12T23:09:51.358515,025266-2,KWID Zen 1.0 Flex 12V 5p Mec.,44383.0,3,exato,0.05671090282315301
56849547,https://www.icarros.com.br/comprar/sao-jose-dos-campos-sp/renault/kwid/2024/d56849547,Renault,Kwid,1.0 Zen manual,Renault Kwid Kwid 1.0 Zen manual,2024,53900.0,65292.0,SP,São José dos Campos,Branco,manual,PJ,False,False,2582072,2582072,https://img0.icarros.com/dbimg/imgadicionalanuncio/1/476681096_1.jpg,kwid,renault,2026-05-12T23:09:51.358715,025266-2,KWID Zen 1.0 Flex 12V 5p Mec.,52585.0,3,exato,0.02500713131121042
56440389,https://www.icarros.com.br/comprar/campinas-sp/renault/kwid/2024/d56440389,Renault,Kwid,1.0 Zen manual,Renault Kwid Kwid 1.0 Zen manual,2024,56990.0,38208.0,SP,Campinas,Branco,manual,PJ,False,False,2034894,2034894,https://img0.icarros.com/dbimg/imgadicionalanuncio/1/467403045_1.jpg,kwid,renault,2026-05-12T23:09:51.359091,025266-2,KWID Zen 1.0 Flex 12V 5p Mec.,52585.0,3,exato,0.08376913568508129
56849584,https://www.icarros.com.br/comprar/campinas-sp/renault/kwid/2024/d56849584,Renault,Kwid,1.0 Zen manual,Renault Kwid Kwid 1.0 Zen manual,2024,56990.0,49200.0,SP,Campinas,Prata,manual,PJ,False,False,2034894,2034894,https://img1.icarros.com/dbimg/imgadicionalanuncio/1/472009379_1.jpg,kwid,renault,2026-05-12T23:09:51.359290,025266-2,KWID Zen 1.0 Flex 12V 5p Mec.,52585.0,3,exato,0.08376913568508129
56764258,https://www.icarros.com.br/comprar/campinas-sp/renault/kwid/2025/d56764258,Renault,Kwid,1.0 Zen manual,Renault Kwid Kwid 1.0 Zen manual,2025,58990.0,49000.0,SP,Campinas,Branco,manual,PJ,False,False,2034894,2034894,https://img1.icarros.com/dbimg/imgadicionalanuncio/1/471018011_1.jpg,kwid,renault,2026-05-12T23:09:51.359488,025266-2,KWID Zen 1.0 Flex 12V 5p Mec.,56737.0,3,exato,0.039709536986446234
56593641,https://www.icarros.com.br/comprar/campinas-sp/renault/kwid/2025/d56593641,Renault,Kwid,1.0 Zen manual,Renault Kwid Kwid 1.0 Zen manual,2025,58990.0,39000.0,SP,Campinas,Branco,manual,PJ,False,False,2034894,2034894,https://img0.icarros.com/dbimg/imgadicionalanuncio/1/469107219_1.jpg,kwid,renault,2026-05-12T23:09:51.359688,025266-2,KWID Zen 1.0 Flex 12V 5p Mec.,56737.0,3,exato,0.039709536986446234
56905921,https://www.icarros.com.br/comprar/santo-andre-sp/renault/kwid/2025/d56905921,Renault,Kwid,1.0 Intense manual,Renault Kwid Kwid 1.0 Intense manual,2025,66900.0,12000.0,SP,Santo André,Azul,manual,PJ,False,False,1087054,1087054,https://img1.icarros.com/dbimg/imgadicionalanuncio/1/472636147_1.jpg,kwid,renault,2026-05-12T23:09:51.436314,025267-0,KWID Intense 1.0 Flex 12V 5p Mec.,60550.0,3,exato,0.10487200660611065
56719667,https://www.icarros.com.br/comprar/sao-jose-dos-campos-sp/renault/kwid/2023/d56719667,Renault,Kwid,1.0 Zen manual,Renault Kwid Kwid 1.0 Zen manual,2023,50900.0,61757.0,SP,São José dos Campos,Branco,manual,PJ,False,False,2433986,2433986,https://img2.icarros.com/dbimg/imgadicionalanuncio/1/471396258_1.jpg,kwid,renault,2026-05-12T23:09:51.436514,025266-2,KWID Zen 1.0 Flex 12V 5p Mec.,49655.0,3,exato,0.02507300372570738
57497317,https://www.icarros.com.br/comprar/americana-sp/renault/kwid/2023/d57497317,Renault,Kwid,1.0 Intense manual,Renault Kwid Kwid 1.0 Intense manual,2023,54290.0,62196.0,SP,Americana,Branco,manual,LC,False,False,1967053,1967053,https://img1.icarros.com/dbimg/imgadicionalanuncio/1/478654730_1.jpg,kwid,renault,2026-05-12T23:09:51.436713,025267-0,KWID Intense 1.0 Flex 12V 5p Mec.,52452.0,3,exato,0.03504156180889194
57477510,https://www.icarros.com.br/comprar/americana-sp/renault/kwid/2025/d57477510,Renault,Kwid,1.0 Zen manual,Renault Kwid Kwid 1.0 Zen manual,2025,59190.0,34741.0,SP,Americana,Branco,manual,LC,False,False,1967053,1967053,https://img0.icarros.com/dbimg/imgadicionalanuncio/1/478456335_1.jpg,kwid,renault,2026-05-12T23:09:51.436914,025266-2,KWID Zen 1.0 Flex 12V 5p Mec.,56737.0,3,exato,0.043234573558700674
57486015,https://www.icarros.com.br/comprar/americana-sp/renault/kwid/2025/d57486015,Renault,Kwid,1.0 Zen manual,Renault Kwid Kwid 1.0 Zen manual,2025,59990.0,27821.0,SP,Americana,Branco,manual,LC,False,False,1967053,1967053,https://img0.icarros.com/dbimg/imgadicionalanuncio/1/478540886_1.jpg,kwid,renault,2026-05-12T23:09:51.437117,025266-2,KWID Zen 1.0 Flex 12V 5p Mec.,56737.0,3,exato,0.05733471984771842
57477538,https://www.icarros.com.br/comprar/americana-sp/renault/kwid/2025/d57477538,Renault,Kwid,1.0 Zen manual,Renault Kwid Kwid 1.0 Zen manual,2025,60390.0,18342.0,SP,Americana,Preto,manual,LC,False,False,1967053,1967053,https://img1.icarros.com/dbimg/imgadicionalanuncio/1/478456449_1.jpg,kwid,renault,2026-05-12T23:09:51.509609,025266-2,KWID Zen 1.0 Flex 12V 5p Mec.,56737.0,3,exato,0.0643847929922273
57477537,https://www.icarros.com.br/comprar/americana-sp/renault/kwid/2025/d57477537,Renault,Kwid,1.0 Zen manual,Renault Kwid Kwid 1.0 Zen manual,2025,60690.0,20819.0,SP,Americana,Branco,manual,LC,False,False,1967053,1967053,https://img0.icarros.com/dbimg/imgadicionalanuncio/1/478456458_1.jpg,kwid,renault,2026-05-12T23:09:51.509830,025266-2,KWID Zen 1.0 Flex 12V 5p Mec.,56737.0,3,exato,0.06967234785060895
57490271,https://www.icarros.com.br/comprar/americana-sp/renault/kwid/2026/d57490271,Renault,Kwid,1.0 Zen manual,Renault Kwid Kwid 1.0 Zen manual,2026,63890.0,46404.0,SP,Americana,Branco,manual,LC,False,False,1967053,1967053,https://img2.icarros.com/dbimg/imgadicionalanuncio/1/478582795_1.jpg,kwid,renault,2026-05-12T23:09:51.510039,025266-2,KWID Zen 1.0 Flex 12V 5p Mec.,62834.0,3,exato,0.01680618773275615
57490284,https://www.icarros.com.br/comprar/americana-sp/renault/kwid/2026/d57490284,Renault,Kwid,1.0 Zen manual,Renault Kwid Kwid 1.0 Zen manual,2026,64490.0,37920.0,SP,Americana,Branco,manual,LC,False,False,1967053,1967053,https://img0.icarros.com/dbimg/imgadicionalanuncio/1/478582892_1.jpg,kwid,renault,2026-05-12T23:09:51.510245,025266-2,KWID Zen 1.0 Flex 12V 5p Mec.,62834.0,3,exato,0.02635515803545851
57485943,https://www.icarros.com.br/comprar/americana-sp/renault/kwid/2026/d57485943,Renault,Kwid,1.0 Zen manual,Renault Kwid Kwid 1.0 Zen manual,2026,64690.0,35387.0,SP,Americana,Branco,manual,LC,False,False,1967053,1967053,https://img0.icarros.com/dbimg/imgadicionalanuncio/1/478540167_1.jpg,kwid,renault,2026-05-12T23:09:51.510453,025266-2,KWID Zen 1.0 Flex 12V 5p Mec.,62834.0,3,exato,0.029538148136359296
57485933,https://www.icarros.com.br/comprar/americana-sp/renault/kwid/2026/d57485933,Renault,Kwid,1.0 Zen manual,Renault Kwid Kwid 1.0 Zen manual,2026,65490.0,26663.0,SP,Americana,Branco,manual,LC,False,False,1967053,1967053,https://img2.icarros.com/dbimg/imgadicionalanuncio/1/478540075_1.jpg,kwid,renault,2026-05-12T23:09:51.510658,025266-2,KWID Zen 1.0 Flex 12V 5p Mec.,62834.0,3,exato,0.042270108539962443
57392369,https://www.icarros.com.br/comprar/sao-paulo-sp/renault/kwid/2026/d57392369,Renault,Kwid,1.0 Zen manual,Renault Kwid Kwid 1.0 Zen manual,2026,65990.0,102.0,SP,São Paulo,Cinza,manual,PJ,False,False,372177,372177,https://img2.icarros.com/dbimg/imgadicionalanuncio/1/477595985_1.jpg,kwid,renault,2026-05-12T23:09:51.510862,025266-2,KWID Zen 1.0 Flex 12V 5p Mec.,62834.0,3,exato,0.050227583792214404
57392365,https://www.icarros.com.br/comprar/sao-paulo-sp/renault/kwid/2026/d57392365,Renault,Kwid,1.0 Outsider manual,Renault Kwid Kwid 1.0 Outsider manual,2026,69990.0,100.0,SP,São Paulo,Branco,manual,PJ,False,False,372177,372177,https://img1.icarros.com/dbimg/imgadicionalanuncio/1/477595943_1.jpg,kwid,renault,2026-05-12T23:09:51.511066,025279-4,KWID OUTSIDER 1.0 Flex 12V 5p Mec.,69873.0,3,exato,0.001674466532136877
57392367,https://www.icarros.com.br/comprar/sao-paulo-sp/renault/kwid/2026/d57392367,Renault,Kwid,1.0 Iconic manual,Renault Kwid Kwid 1.0 Iconic manual,2026,70990.0,100.0,SP,São Paulo,Prata,manual,PJ,False,False,372177,372177,https://img0.icarros.com/dbimg/imgadicionalanuncio/1/477595975_1.jpg,kwid,renault,2026-05-12T23:09:51.511269,025333-2,KWID Iconic 1.0 Flex 12V 5p Mec.,70009.0,3,exato,0.014012484109185961
57240827,https://www.icarros.com.br/comprar/sao-paulo-sp/renault/kwid/2024/d57240827,Renault,Kwid,1.0 Zen manual,Renault Kwid Kwid 1.0 Zen manual,2024,54990.0,35400.0,SP,São Paulo,Prata,manual,PJ,False,False,162964,162964,https://img2.icarros.com/dbimg/imgadicionalanuncio/1/476068330_1.jpg,kwid,renault,2026-05-12T23:09:51.511896,025266-2,KWID Zen 1.0 Flex 12V 5p Mec.,52585.0,3,exato,0.04573547589616811
56872867,https://www.icarros.com.br/comprar/hortolandia-sp/renault/kwid/2023/d56872867,Renault,Kwid,1.0 Outsider manual,Renault Kwid Kwid 1.0 Outsider manual,2023,59900.0,39190.0,SP,Hortolândia,Azul,manual,PJ,False,False,2478797,2478797,https://img1.icarros.com/dbimg/imgadicionalanuncio/1/472268601_1.jpg,kwid,renault,2026-05-12T23:09:51.512489,025279-4,KWID OUTSIDER 1.0 Flex 12V 5p Mec.,55283.0,3,exato,0.08351572816236456
57225132,https://www.icarros.com.br/comprar/sao-bernardo-do-campo-sp/renault/kwid/2023/d57225132,Renault,Kwid,1.0 Zen manual,Renault Kwid Kwid 1.0 Zen manual,2023,48900.0,33000.0,SP,São Bernardo do Campo,Branco,manual,PJ,False,False,767795,767795,https://img0.icarros.com/dbimg/imgadicionalanuncio/1/475908317_1.jpg,kwid,renault,2026-05-12T23:09:51.513285,025266-2,KWID Zen 1.0 Flex 12V 5p Mec.,49655.0,3,exato,-0.015204913905951063
57361905,https://www.icarros.com.br/comprar/sao-bernardo-do-campo-sp/renault/kwid/2024/d57361905,Renault,Kwid,1.0 Zen manual,Renault Kwid Kwid 1.0 Zen manual,2024,52900.0,37000.0,SP,São Bernardo do Campo,Prata,manual,PJ,False,False,767795,767795,https://img0.icarros.com/dbimg/imgadicionalanuncio/1/477290640_1.jpg,kwid,renault,2026-05-12T23:09:51.513484,025266-2,KWID Zen 1.0 Flex 12V 5p Mec.,52585.0,3,exato,0.005990301416753827
57485580,https://www.icarros.com.br/comprar/sao-paulo-sp/renault/kwid/2025/d57485580,Renault,Kwid,1.0 Zen manual,Renault Kwid Kwid 1.0 Zen manual,2025,60190.0,32986.0,SP,São Paulo,Prata,manual,LC,False,False,2562310,2562310,https://img0.icarros.com/dbimg/imgadicionalanuncio/1/478536547_1.jpg,kwid,renault,2026-05-12T23:09:51.587778,025266-2,KWID Zen 1.0 Flex 12V 5p Mec.,56737.0,3,exato,0.060859756419972856
56471855,https://www.icarros.com.br/comprar/sao-paulo-sp/renault/kwid/2022/d56471855,Renault,Kwid,1.0 Outsider manual,Renault Kwid Kwid 1.0 Outsider manual,2022,49990.0,79588.0,SP,São Paulo,Preto,manual,PJ,False,False,1203701,1203701,https://img2.icarros.com/dbimg/imgadicionalanuncio/1/467730692_1.jpg,kwid,renault,2026-05-12T23:09:51.588381,025279-4,KWID OUTSIDER 1.0 Flex 12V 5p Mec.,50265.0,3,exato,-0.005471003680493385
56729698,https://www.icarros.com.br/comprar/sao-paulo-sp/renault/kwid/2026/d56729698,Renault,Kwid,1.0 Zen manual,Renault Kwid Kwid 1.0 Zen manual,2026,64990.0,0.0,SP,São Paulo,Preto,manual,PJ,False,False,1203701,1203701,https://img1.icarros.com/dbimg/imgadicionalanuncio/1/470623729_1.jpg,kwid,renault,2026-05-12T23:09:51.588586,025266-2,KWID Zen 1.0 Flex 12V 5p Mec.,62834.0,3,exato,0.034312633287710476
56731514,https://www.icarros.com.br/comprar/sao-paulo-sp/renault/kwid/2026/d56731514,Renault,Kwid,1.0 Intense manual,Renault Kwid Kwid 1.0 Intense manual,2026,67990.0,0.0,SP,São Paulo,Preto,manual,PJ,False,False,1203701,1203701,https://img2.icarros.com/dbimg/imgadicionalanuncio/1/470646978_1.jpg,kwid,renault,2026-05-12T23:09:51.588795,025267-0,KWID Intense 1.0 Flex 12V 5p Mec.,66428.0,3,exato,0.023514180767146384
56729756,https://www.icarros.com.br/comprar/sao-paulo-sp/renault/kwid/2026/d56729756,Renault,Kwid,1.0 Outsider manual,Renault Kwid Kwid 1.0 Outsider manual,2026,74990.0,0.0,SP,São Paulo,Preto,manual,PJ,False,False,1203701,1203701,https://img2.icarros.com/dbimg/imgadicionalanuncio/1/470624434_1.jpg,kwid,renault,2026-05-12T23:09:51.589001,025279-4,KWID OUTSIDER 1.0 Flex 12V 5p Mec.,69873.0,3,exato,0.07323286534140512
57457093,https://www.icarros.com.br/comprar/sao-carlos-sp/renault/kwid/2022/d57457093,Renault,Kwid,1.0 Zen manual,Renault Kwid Kwid 1.0 Zen manual,2022,43000.0,16000.0,SP,São Carlos,Branco,manual,PJ,False,False,1216539,1216539,https://img1.icarros.com/dbimg/imgadicionalanuncio/1/478249809_1.jpg,kwid,renault,2026-05-12T23:09:51.589199,025266-2,KWID Zen 1.0 Flex 12V 5p Mec.,44383.0,3,exato,-0.031160579501160354
57111256,https://www.icarros.com.br/comprar/sorocaba-sp/renault/kwid/2022/d57111256,Renault,Kwid,1.0 Zen manual,Renault Kwid Kwid 1.0 Zen manual,2022,44890.0,82000.0,SP,Sorocaba,Branco,manual,PJ,False,False,2335406,2335406,https://img1.icarros.com/dbimg/imgadicionalanuncio/1/474751717_1.jpg,kwid,renault,2026-05-12T23:09:51.664316,025266-2,KWID Zen 1.0 Flex 12V 5p Mec.,44383.0,3,exato,0.011423292702160737
56881334,https://www.icarros.com.br/comprar/lins-sp/renault/kwid/2025/d56881334,Renault,Kwid,1.0 Zen manual,Renault Kwid Kwid 1.0 Zen manual,2025,58990.0,26000.0,SP,Lins,Branco,manual,PJ,False,False,2430535,2430535,https://img2.icarros.com/dbimg/imgadicionalanuncio/1/472367654_1.jpg,kwid,renault,2026-05-12T23:09:51.744174,025266-2,KWID Zen 1.0 Flex 12V 5p Mec.,56737.0,3,exato,0.039709536986446234
56888089,https://www.icarros.com.br/comprar/sorocaba-sp/renault/kwid/2023/d56888089,Renault,Kwid,1.0 Zen manual,Renault Kwid Kwid 1.0 Zen manual,2023,51900.0,45000.0,SP,Sorocaba,Branco,manual,PJ,False,False,2278493,2278493,https://img1.icarros.com/dbimg/imgadicionalanuncio/1/472444521_1.jpg,kwid,renault,2026-05-12T23:09:51.744572,025266-2,KWID Zen 1.0 Flex 12V 5p Mec.,49655.0,3,exato,0.0452119625415366
56887971,https://www.icarros.com.br/comprar/sorocaba-sp/renault/kwid/2024/d56887971,Renault,Kwid,1.0 Zen manual,Renault Kwid Kwid 1.0 Zen manual,2024,55900.0,38000.0,SP,Sorocaba,Vermelho,manual,PJ,False,False,2278493,2278493,https://img0.icarros.com/dbimg/imgadicionalanuncio/1/472443088_1.jpg,kwid,renault,2026-05-12T23:09:51.744773,025266-2,KWID Zen 1.0 Flex 12V 5p Mec.,52585.0,3,exato,0.0630407911001236
56715725,https://www.icarros.com.br/comprar/sorocaba-sp/renault/kwid/2024/d56715725,Renault,Kwid,1.0 Outsider manual,Renault Kwid Kwid 1.0 Outsider manual,2024,62900.0,35000.0,SP,Sorocaba,Prata,manual,PJ,False,False,2278493,2278493,https://img2.icarros.com/dbimg/imgadicionalanuncio/1/470468468_1.jpg,kwid,renault,2026-05-12T23:09:51.744972,025279-4,KWID OUTSIDER 1.0 Flex 12V 5p Mec.,58710.0,3,exato,0.07136773973769375
57341871,https://www.icarros.com.br/comprar/bauru-sp/renault/kwid/2018/d57341871,Renault,Kwid,Intense 1.0 12v SCe (Flex) manual,Renault Kwid Kwid Intense 1.0 12v SCe (Flex) manual,2018,39900.0,100000.0,SP,Bauru,Branco,manual,PJ,False,False,2678104,2678104,https://img0.icarros.com/dbimg/imgadicionalanuncio/1/477086265_1.jpg,kwid,renault,2026-05-12T23:09:51.818022,025267-0,KWID Intense 1.0 Flex 12V 5p Mec.,37837.0,3,exato,0.0545233501598964
56722043,https://www.icarros.com.br/comprar/sao-paulo-sp/renault/kwid/2025/d56722043,Renault,Kwid,1.0 Zen manual,Renault Kwid Kwid 1.0 Zen manual,2025,58480.0,14200.0,SP,São Paulo,Prata,manual,PJ,False,False,130123,130123,https://img2.icarros.com/dbimg/imgadicionalanuncio/1/470538273_1.jpg,kwid,renault,2026-05-12T23:09:51.819045,025266-2,KWID Zen 1.0 Flex 12V 5p Mec.,56737.0,3,exato,0.03072069372719742
56721838,https://www.icarros.com.br/comprar/sao-paulo-sp/renault/kwid/2025/d56721838,Renault,Kwid,1.0 Zen manual,Renault Kwid Kwid 1.0 Zen manual,2025,58870.0,16400.0,SP,São Paulo,Preto,manual,PJ,False,False,130123,130123,https://img1.icarros.com/dbimg/imgadicionalanuncio/1/470535899_1.jpg,kwid,renault,2026-05-12T23:09:51.819236,025266-2,KWID Zen 1.0 Flex 12V 5p Mec.,56737.0,3,exato,0.03759451504309357
56632301,https://www.icarros.com.br/comprar/sao-bernardo-do-campo-sp/renault/kwid/2023/d56632301,Renault,Kwid,1.0 Zen manual,Renault Kwid Kwid 1.0 Zen manual,2023,45900.0,65820.0,SP,São Bernardo do Campo,Branco,manual,PJ,False,False,2278571,2278571,https://img2.icarros.com/dbimg/imgadicionalanuncio/1/470111773_1.jpg,kwid,renault,2026-05-12T23:09:51.819438,025266-2,KWID Zen 1.0 Flex 12V 5p Mec.,49655.0,3,exato,-0.07562179035343873
57501646,https://www.icarros.com.br/comprar/sao-paulo-sp/renault/kwid/2024/d57501646,Renault,Kwid,1.0 Zen manual,Renault Kwid Kwid 1.0 Zen manual,2024,51790.0,78637.0,SP,São Paulo,Branco,manual,PJ,False,False,1292778,1292778,https://img1.icarros.com/dbimg/imgadicionalanuncio/1/478699996_1.jpg,kwid,renault,2026-05-12T23:09:51.819832,025266-2,KWID Zen 1.0 Flex 12V 5p Mec.,52585.0,3,exato,-0.015118379766092992
57397204,https://www.icarros.com.br/comprar/sao-paulo-sp/renault/kwid/2019/d57397204,Renault,Kwid,Zen 1.0 12v SCe (Flex) manual,Renault Kwid Kwid Zen 1.0 12v SCe (Flex) manual,2019,43900.0,52110.0,SP,São Paulo,Prata,manual,PJ,False,False,2790905,2790905,https://img1.icarros.com/dbimg/imgadicionalanuncio/1/477649885_1.jpg,kwid,renault,2026-05-12T23:09:51.820235,025266-2,KWID Zen 1.0 Flex 12V 5p Mec.,37254.0,3,exato,0.17839695066301606
56430179,https://www.icarros.com.br/comprar/presidente-prudente-sp/renault/kwid/2023/d56430179,Renault,Kwid,1.0 Zen manual,Renault Kwid Kwid 1.0 Zen manual,2023,52790.0,66265.0,SP,Presidente Prudente,Vermelho,manual,LC,False,False,2298504,2298504,https://img2.icarros.com/dbimg/imgadicionalanuncio/1/467296280_1.jpg,kwid,renault,2026-05-12T23:09:51.820438,025266-2,KWID Zen 1.0 Flex 12V 5p Mec.,49655.0,3,exato,0.06313563588762461
57490242,https://www.icarros.com.br/comprar/presidente-prudente-sp/renault/kwid/2025/d57490242,Renault,Kwid,1.0 Zen manual,Renault Kwid Kwid 1.0 Zen manual,2025,56490.0,40377.0,SP,Presidente Prudente,Branco,manual,LC,False,False,2298504,2298504,https://img0.icarros.com/dbimg/imgadicionalanuncio/1/478582488_1.jpg,kwid,renault,2026-05-12T23:09:51.820641,025266-2,KWID Zen 1.0 Flex 12V 5p Mec.,56737.0,3,exato,-0.00435342016673423
57496162,https://www.icarros.com.br/comprar/presidente-prudente-sp/renault/kwid/2025/d57496162,Renault,Kwid,1.0 Zen manual,Renault Kwid Kwid 1.0 Zen manual,2025,57390.0,37897.0,SP,Presidente Prudente,Preto,manual,LC,False,False,2298504,2298504,https://img1.icarros.com/dbimg/imgadicionalanuncio/1/478641737_1.jpg,kwid,renault,2026-05-12T23:09:51.820844,025266-2,KWID Zen 1.0 Flex 12V 5p Mec.,56737.0,3,exato,0.011509244408410738
57496501,https://www.icarros.com.br/comprar/presidente-prudente-sp/renault/kwid/2025/d57496501,Renault,Kwid,1.0 Zen manual,Renault Kwid Kwid 1.0 Zen manual,2025,57790.0,39095.0,SP,Presidente Prudente,Preto,manual,LC,False,False,2298504,2298504,https://img1.icarros.com/dbimg/imgadicionalanuncio/1/478645156_1.jpg,kwid,renault,2026-05-12T23:09:51.821052,025266-2,KWID Zen 1.0 Flex 12V 5p Mec.,56737.0,3,exato,0.01855931755291961
57490312,https://www.icarros.com.br/comprar/presidente-prudente-sp/renault/kwid/2025/d57490312,Renault,Kwid,1.0 Zen manual,Renault Kwid Kwid 1.0 Zen manual,2025,58790.0,26739.0,SP,Presidente Prudente,Preto,manual,LC,False,False,2298504,2298504,https://img1.icarros.com/dbimg/imgadicionalanuncio/1/478583204_1.jpg,kwid,renault,2026-05-12T23:09:51.821258,025266-2,KWID Zen 1.0 Flex 12V 5p Mec.,56737.0,3,exato,0.0361845004141918
57477600,https://www.icarros.com.br/comprar/presidente-prudente-sp/renault/kwid/2025/d57477600,Renault,Kwid,1.0 Zen manual,Renault Kwid Kwid 1.0 Zen manual,2025,59190.0,34278.0,SP,Presidente Prudente,Prata,manual,LC,False,False,2298504,2298504,https://img0.icarros.com/dbimg/imgadicionalanuncio/1/478457178_1.jpg,kwid,renault,2026-05-12T23:09:51.821461,025266-2,KWID Zen 1.0 Flex 12V 5p Mec.,56737.0,3,exato,0.043234573558700674
57477622,https://www.icarros.com.br/comprar/presidente-prudente-sp/renault/kwid/2025/d57477622,Renault,Kwid,1.0 Zen manual,Renault Kwid Kwid 1.0 Zen manual,2025,59190.0,35620.0,SP,Presidente Prudente,Vermelho,manual,LC,False,False,2298504,2298504,https://img1.icarros.com/dbimg/imgadicionalanuncio/1/478457428_1.jpg,kwid,renault,2026-05-12T23:09:51.821666,025266-2,KWID Zen 1.0 Flex 12V 5p Mec.,56737.0,3,exato,0.043234573558700674
57490318,https://www.icarros.com.br/comprar/presidente-prudente-sp/renault/kwid/2025/d57490318,Renault,Kwid,1.0 Zen manual,Renault Kwid Kwid 1.0 Zen manual,2025,59390.0,32998.0,SP,Presidente Prudente,Preto,manual,LC,False,False,2298504,2298504,https://img1.icarros.com/dbimg/imgadicionalanuncio/1/478583265_1.jpg,kwid,renault,2026-05-12T23:09:51.821867,025266-2,KWID Zen 1.0 Flex 12V 5p Mec.,56737.0,3,exato,0.04675961013095511
57477630,https://www.icarros.com.br/comprar/presidente-prudente-sp/renault/kwid/2025/d57477630,Renault,Kwid,1.0 Zen manual,Renault Kwid Kwid 1.0 Zen manual,2025,60490.0,23646.0,SP,Presidente Prudente,Branco,manual,LC,False,False,2298504,2298504,https://img0.icarros.com/dbimg/imgadicionalanuncio/1/478457449_1.jpg,kwid,renault,2026-05-12T23:09:51.894825,025266-2,KWID Zen 1.0 Flex 12V 5p Mec.,56737.0,3,exato,0.0661473112783545
56471752,https://www.icarros.com.br/comprar/sao-paulo-sp/renault/kwid/2018/d56471752,Renault,Kwid,Zen 1.0 12v SCe (Flex) manual,Renault Kwid Kwid Zen 1.0 12v SCe (Flex) manual,2018,39900.0,139200.0,SP,São Paulo,Prata,manual,PJ,False,False,2653020,2653020,https://img1.icarros.com/dbimg/imgadicionalanuncio/1/467729614_1.jpg,kwid,renault,2026-05-12T23:09:51.896043,025266-2,KWID Zen 1.0 Flex 12V 5p Mec.,35854.0,3,exato,0.11284654431862554
57232170,https://www.icarros.com.br/comprar/sao-jose-dos-campos-sp/renault/kwid/2022/d57232170,Renault,Kwid,1.0 Zen manual,Renault Kwid Kwid 1.0 Zen manual,2022,52990.0,73235.0,SP,São José dos Campos,Branco,manual,PJ,False,False,2505063,2505063,https://img0.icarros.com/dbimg/imgadicionalanuncio/1/475995139_1.jpg,kwid,renault,2026-05-12T23:09:51.896241,025266-2,KWID Zen 1.0 Flex 12V 5p Mec.,44383.0,3,exato,0.1939256021449654
56618841,https://www.icarros.com.br/comprar/piracicaba-sp/renault/kwid/2024/d56618841,Renault,Kwid,1.0 Zen manual,Renault Kwid Kwid 1.0 Zen manual,2024,54090.0,41686.0,SP,Piracicaba,Prata,manual,LC,False,False,1234895,1234895,https://img0.icarros.com/dbimg/imgadicionalanuncio/1/469380890_1.jpg,kwid,renault,2026-05-12T23:09:51.896441,025266-2,KWID Zen 1.0 Flex 12V 5p Mec.,52585.0,3,exato,0.028620328991157174
57477452,https://www.icarros.com.br/comprar/piracicaba-sp/renault/kwid/2025/d57477452,Renault,Kwid,1.0 Zen manual,Renault Kwid Kwid 1.0 Zen manual,2025,59490.0,30436.0,SP,Piracicaba,Prata,manual,LC,False,False,1234895,1234895,https://img2.icarros.com/dbimg/imgadicionalanuncio/1/478455746_1.jpg,kwid,renault,2026-05-12T23:09:51.896643,025266-2,KWID Zen 1.0 Flex 12V 5p Mec.,56737.0,3,exato,0.048522128417082325
57515527,https://www.icarros.com.br/comprar/piracicaba-sp/renault/kwid/2025/d57515527,Renault,Kwid,1.0 Zen manual,Renault Kwid Kwid 1.0 Zen manual,2025,59490.0,31820.0,SP,Piracicaba,Preto,manual,LC,False,False,1234895,1234895,https://img1.icarros.com/dbimg/imgadicionalanuncio/1/478843514_1.jpg,kwid,renault,2026-05-12T23:09:51.896844,025266-2,KWID Zen 1.0 Flex 12V 5p Mec.,56737.0,3,exato,0.048522128417082325
57477482,https://www.icarros.com.br/comprar/piracicaba-sp/renault/kwid/2025/d57477482,Renault,Kwid,1.0 Zen manual,Renault Kwid Kwid 1.0 Zen manual,2025,59990.0,26933.0,SP,Piracicaba,Prata,manual,LC,False,False,1234895,1234895,https://img2.icarros.com/dbimg/imgadicionalanuncio/1/478456051_1.jpg,kwid,renault,2026-05-12T23:09:51.897044,025266-2,KWID Zen 1.0 Flex 12V 5p Mec.,56737.0,3,exato,0.05733471984771842
57477507,https://www.icarros.com.br/comprar/piracicaba-sp/renault/kwid/2025/d57477507,Renault,Kwid,1.0 Zen manual,Renault Kwid Kwid 1.0 Zen manual,2025,59990.0,27019.0,SP,Piracicaba,Preto,manual,LC,False,False,1234895,1234895,https://img0.icarros.com/dbimg/imgadicionalanuncio/1/478456307_1.jpg,kwid,renault,2026-05-12T23:09:51.897244,025266-2,KWID Zen 1.0 Flex 12V 5p Mec.,56737.0,3,exato,0.05733471984771842
57486016,https://www.icarros.com.br/comprar/piracicaba-sp/renault/kwid/2025/d57486016,Renault,Kwid,1.0 Zen manual,Renault Kwid Kwid 1.0 Zen manual,2025,59990.0,27821.0,SP,Piracicaba,Branco,manual,LC,False,False,1234895,1234895,https://img1.icarros.com/dbimg/imgadicionalanuncio/1/478540917_1.jpg,kwid,renault,2026-05-12T23:09:51.897444,025266-2,KWID Zen 1.0 Flex 12V 5p Mec.,56737.0,3,exato,0.05733471984771842
57484726,https://www.icarros.com.br/comprar/piracicaba-sp/renault/kwid/2025/d57484726,Renault,Kwid,1.0 Zen manual,Renault Kwid Kwid 1.0 Zen manual,2025,60490.0,22911.0,SP,Piracicaba,Prata,manual,LC,False,False,1234895,1234895,https://img1.icarros.com/dbimg/imgadicionalanuncio/1/478528130_1.jpg,kwid,renault,2026-05-12T23:09:51.897647,025266-2,KWID Zen 1.0 Flex 12V 5p Mec.,56737.0,3,exato,0.0661473112783545
57486054,https://www.icarros.com.br/comprar/piracicaba-sp/renault/kwid/2025/d57486054,Renault,Kwid,1.0 Zen manual,Renault Kwid Kwid 1.0 Zen manual,2025,60490.0,23505.0,SP,Piracicaba,Preto,manual,LC,False,False,1234895,1234895,https://img0.icarros.com/dbimg/imgadicionalanuncio/1/478541288_1.jpg,kwid,renault,2026-05-12T23:09:51.897850,025266-2,KWID Zen 1.0 Flex 12V 5p Mec.,56737.0,3,exato,0.0661473112783545
57477521,https://www.icarros.com.br/comprar/piracicaba-sp/renault/kwid/2025/d57477521,Renault,Kwid,1.0 Zen manual,Renault Kwid Kwid 1.0 Zen manual,2025,60690.0,20819.0,SP,Piracicaba,Branco,manual,LC,False,False,1234895,1234895,https://img2.icarros.com/dbimg/imgadicionalanuncio/1/478456433_1.jpg,kwid,renault,2026-05-12T23:09:51.898050,025266-2,KWID Zen 1.0 Flex 12V 5p Mec.,56737.0,3,exato,0.06967234785060895
57490270,https://www.icarros.com.br/comprar/piracicaba-sp/renault/kwid/2026/d57490270,Renault,Kwid,1.0 Zen manual,Renault Kwid Kwid 1.0 Zen manual,2026,63890.0,46404.0,SP,Piracicaba,Branco,manual,LC,False,False,1234895,1234895,https://img1.icarros.com/dbimg/imgadicionalanuncio/1/478582789_1.jpg,kwid,renault,2026-05-12T23:09:51.898250,025266-2,KWID Zen 1.0 Flex 12V 5p Mec.,62834.0,3,exato,0.01680618773275615
57490285,https://www.icarros.com.br/comprar/piracicaba-sp/renault/kwid/2026/d57490285,Renault,Kwid,1.0 Zen manual,Renault Kwid Kwid 1.0 Zen manual,2026,64490.0,37920.0,SP,Piracicaba,Branco,manual,LC,False,False,1234895,1234895,https://img1.icarros.com/dbimg/imgadicionalanuncio/1/478582894_1.jpg,kwid,renault,2026-05-12T23:09:51.898451,025266-2,KWID Zen 1.0 Flex 12V 5p Mec.,62834.0,3,exato,0.02635515803545851
57477405,https://www.icarros.com.br/comprar/piracicaba-sp/renault/kwid/2026/d57477405,Renault,Kwid,1.0 Zen manual,Renault Kwid Kwid 1.0 Zen manual,2026,64490.0,37540.0,SP,Piracicaba,Branco,manual,LC,False,False,1234895,1234895,https://img0.icarros.com/dbimg/imgadicionalanuncio/1/478455226_1.jpg,kwid,renault,2026-05-12T23:09:51.898651,025266-2,KWID Zen 1.0 Flex 12V 5p Mec.,62834.0,3,exato,0.02635515803545851
57477552,https://www.icarros.com.br/comprar/piracicaba-sp/renault/kwid/2026/d57477552,Renault,Kwid,1.0 Zen manual,Renault Kwid Kwid 1.0 Zen manual,2026,64790.0,32604.0,SP,Piracicaba,Branco,manual,LC,False,False,1234895,1234895,https://img0.icarros.com/dbimg/imgadicionalanuncio/1/478456756_1.jpg,kwid,renault,2026-05-12T23:09:51.971596,025266-2,KWID Zen 1.0 Flex 12V 5p Mec.,62834.0,3,exato,0.031129643186809688
57477543,https://www.icarros.com.br/comprar/piracicaba-sp/renault/kwid/2026/d57477543,Renault,Kwid,1.0 Zen manual,Renault Kwid Kwid 1.0 Zen manual,2026,65090.0,29406.0,SP,Piracicaba,Branco,manual,LC,False,False,1234895,1234895,https://img0.icarros.com/dbimg/imgadicionalanuncio/1/478456665_1.jpg,kwid,renault,2026-05-12T23:09:51.971818,025266-2,KWID Zen 1.0 Flex 12V 5p Mec.,62834.0,3,exato,0.03590412833816087
57490290,https://www.icarros.com.br/comprar/piracicaba-sp/renault/kwid/2026/d57490290,Renault,Kwid,1.0 Zen manual,Renault Kwid Kwid 1.0 Zen manual,2026,65490.0,26922.0,SP,Piracicaba,Branco,manual,LC,False,False,1234895,1234895,https://img0.icarros.com/dbimg/imgadicionalanuncio/1/478582919_1.jpg,kwid,renault,2026-05-12T23:09:51.972028,025266-2,KWID Zen 1.0 Flex 12V 5p Mec.,62834.0,3,exato,0.042270108539962443
57477404,https://www.icarros.com.br/comprar/piracicaba-sp/renault/kwid/2026/d57477404,Renault,Kwid,1.0 Zen manual,Renault Kwid Kwid 1.0 Zen manual,2026,65490.0,27996.0,SP,Piracicaba,Branco,manual,LC,False,False,1234895,1234895,https://img2.icarros.com/dbimg/imgadicionalanuncio/1/478455210_1.jpg,kwid,renault,2026-05-12T23:09:51.972236,025266-2,KWID Zen 1.0 Flex 12V 5p Mec.,62834.0,3,exato,0.042270108539962443
57485946,https://www.icarros.com.br/comprar/piracicaba-sp/renault/kwid/2026/d57485946,Renault,Kwid,1.0 Zen manual,Renault Kwid Kwid 1.0 Zen manual,2026,65490.0,26656.0,SP,Piracicaba,Prata,manual,LC,False,False,1234895,1234895,https://img0.icarros.com/dbimg/imgadicionalanuncio/1/478540210_1.jpg,kwid,renault,2026-05-12T23:09:51.972442,025266-2,KWID Zen 1.0 Flex 12V 5p Mec.,62834.0,3,exato,0.042270108539962443
57301046,https://www.icarros.com.br/comprar/campinas-sp/renault/kwid/2025/d57301046,Renault,Kwid,1.0 Zen manual,Renault Kwid Kwid 1.0 Zen manual,2025,54900.0,41382.0,SP,Campinas,Branco,manual,PJ,False,False,1338599,1338599,https://img2.icarros.com/dbimg/imgadicionalanuncio/1/476676263_1.jpg,kwid,renault,2026-05-12T23:09:51.972843,025266-2,KWID Zen 1.0 Flex 12V 5p Mec.,56737.0,3,exato,-0.03237746091615701
56868952,https://www.icarros.com.br/comprar/campinas-sp/renault/kwid/2023/d56868952,Renault,Kwid,1.0 Outsider manual,Renault Kwid Kwid 1.0 Outsider manual,2023,59900.0,39190.0,SP,Campinas,Azul,manual,PJ,False,False,1338599,1338599,https://img1.icarros.com/dbimg/imgadicionalanuncio/1/472220453_1.jpg,kwid,renault,2026-05-12T23:09:51.973045,025279-4,KWID OUTSIDER 1.0 Flex 12V 5p Mec.,55283.0,3,exato,0.08351572816236456
56481379,https://www.icarros.com.br/comprar/mococa-sp/renault/kwid/2023/d56481379,Renault,Kwid,1.0 Zen manual,Renault Kwid Kwid 1.0 Zen manual,2023,55000.0,65000.0,SP,Mococa,Branco,manual,PJ,False,False,1873966,1873966,https://img1.icarros.com/dbimg/imgadicionalanuncio/1/467832390_1.jpg,kwid,renault,2026-05-12T23:09:51.973239,025266-2,KWID Zen 1.0 Flex 12V 5p Mec.,49655.0,3,exato,0.10764273487060719
57450067,https://www.icarros.com.br/comprar/sao-bernardo-do-campo-sp/renault/kwid/2025/d57450067,Renault,Kwid,1.0 Zen manual,Renault Kwid Kwid 1.0 Zen manual,2025,58990.0,22708.0,SP,São Bernardo do Campo,Branco,manual,PJ,False,False,29549,29549,https://img1.icarros.com/dbimg/imgadicionalanuncio/1/478179086_1.jpg,kwid,renault,2026-05-12T23:09:51.973643,025266-2,KWID Zen 1.0 Flex 12V 5p Mec.,56737.0,3,exato,0.039709536986446234
57485582,https://www.icarros.com.br/comprar/sao-paulo-sp/renault/kwid/2025/d57485582,Renault,Kwid,1.0 Zen manual,Renault Kwid Kwid 1.0 Zen manual,2025,60190.0,32986.0,SP,São Paulo,Prata,manual,LC,False,False,1201120,1201120,https://img2.icarros.com/dbimg/imgadicionalanuncio/1/478536581_1.jpg,kwid,renault,2026-05-12T23:09:51.974240,025266-2,KWID Zen 1.0 Flex 12V 5p Mec.,56737.0,3,exato,0.060859756419972856
56830664,https://www.icarros.com.br/comprar/jundiai-sp/renault/kwid/2025/d56830664,Renault,Kwid,1.0 Zen manual,Renault Kwid Kwid 1.0 Zen manual,2025,59900.0,65001.0,SP,Jundiaí,Branco,manual,PJ,False,False,1448064,1448064,https://img2.icarros.com/dbimg/imgadicionalanuncio/1/471800536_1.jpg,kwid,renault,2026-05-12T23:09:51.974842,025266-2,KWID Zen 1.0 Flex 12V 5p Mec.,56737.0,3,exato,0.05574845339020392
57101877,https://www.icarros.com.br/comprar/sao-paulo-sp/renault/kwid/2025/d57101877,Renault,Kwid,1.0 Zen manual,Renault Kwid Kwid 1.0 Zen manual,2025,60900.0,22000.0,SP,São Paulo,Preto,manual,PJ,False,False,2696793,2696793,https://img0.icarros.com/dbimg/imgadicionalanuncio/1/474654472_1.jpg,kwid,renault,2026-05-12T23:09:51.975246,025266-2,KWID Zen 1.0 Flex 12V 5p Mec.,56737.0,3,exato,0.07337363625147611
57492478,https://www.icarros.com.br/comprar/sao-jose-do-rio-preto-sp/renault/kwid/2025/d57492478,Renault,Kwid,1.0 Zen manual,Renault Kwid Kwid 1.0 Zen manual,2025,56490.0,55699.0,SP,São José do Rio Preto,Prata,manual,LC,False,False,2160552,2160552,https://img1.icarros.com/dbimg/imgadicionalanuncio/1/478604513_1.jpg,kwid,renault,2026-05-12T23:09:52.049823,025266-2,KWID Zen 1.0 Flex 12V 5p Mec.,56737.0,3,exato,-0.00435342016673423
57492488,https://www.icarros.com.br/comprar/sao-jose-do-rio-preto-sp/renault/kwid/2025/d57492488,Renault,Kwid,1.0 Zen manual,Renault Kwid Kwid 1.0 Zen manual,2025,58990.0,39423.0,SP,São José do Rio Preto,Preto,manual,LC,False,False,2160552,2160552,https://img2.icarros.com/dbimg/imgadicionalanuncio/1/478604635_1.jpg,kwid,renault,2026-05-12T23:09:52.050025,025266-2,KWID Zen 1.0 Flex 12V 5p Mec.,56737.0,3,exato,0.039709536986446234
57493528,https://www.icarros.com.br/comprar/sao-jose-do-rio-preto-sp/renault/kwid/2025/d57493528,Renault,Kwid,1.0 Zen manual,Renault Kwid Kwid 1.0 Zen manual,2025,59090.0,36924.0,SP,São José do Rio Preto,Preto,manual,LC,False,False,2160552,2160552,https://img1.icarros.com/dbimg/imgadicionalanuncio/1/478614864_1.jpg,kwid,renault,2026-05-12T23:09:52.050229,025266-2,KWID Zen 1.0 Flex 12V 5p Mec.,56737.0,3,exato,0.04147205527257345
57493467,https://www.icarros.com.br/comprar/sao-jose-do-rio-preto-sp/renault/kwid/2025/d57493467,Renault,Kwid,1.0 Zen manual,Renault Kwid Kwid 1.0 Zen manual,2025,59590.0,28599.0,SP,São José do Rio Preto,Preto,manual,LC,False,False,2160552,2160552,https://img0.icarros.com/dbimg/imgadicionalanuncio/1/478614255_1.jpg,kwid,renault,2026-05-12T23:09:52.050433,025266-2,KWID Zen 1.0 Flex 12V 5p Mec.,56737.0,3,exato,0.05028464670320955
57492471,https://www.icarros.com.br/comprar/sao-jose-do-rio-preto-sp/renault/kwid/2025/d57492471,Renault,Kwid,1.0 Zen manual,Renault Kwid Kwid 1.0 Zen manual,2025,60490.0,22580.0,SP,São José do Rio Preto,Preto,manual,LC,False,False,2160552,2160552,https://img0.icarros.com/dbimg/imgadicionalanuncio/1/478604439_1.jpg,kwid,renault,2026-05-12T23:09:52.050638,025266-2,KWID Zen 1.0 Flex 12V 5p Mec.,56737.0,3,exato,0.0661473112783545
57492960,https://www.icarros.com.br/comprar/sao-jose-do-rio-preto-sp/renault/kwid/2026/d57492960,Renault,Kwid,1.0 Zen manual,Renault Kwid Kwid 1.0 Zen manual,2026,64790.0,32462.0,SP,São José do Rio Preto,Branco,manual,LC,False,False,2160552,2160552,https://img0.icarros.com/dbimg/imgadicionalanuncio/1/478609254_1.jpg,kwid,renault,2026-05-12T23:09:52.050837,025266-2,KWID Zen 1.0 Flex 12V 5p Mec.,62834.0,3,exato,0.031129643186809688
56836604,https://www.icarros.com.br/comprar/hortolandia-sp/renault/kwid/2025/d56836604,Renault,Kwid,1.0 Zen manual,Renault Kwid Kwid 1.0 Zen manual,2025,59990.0,34067.0,SP,Hortolândia,Prata,manual,PJ,False,False,1104164,1104164,https://img2.icarros.com/dbimg/imgadicionalanuncio/1/471865236_1.jpg,kwid,renault,2026-05-12T23:09:52.201340,025266-2,KWID Zen 1.0 Flex 12V 5p Mec.,56737.0,3,exato,0.05733471984771842
56596935,https://www.icarros.com.br/comprar/praia-grande-sp/renault/kwid/2023/d56596935,Renault,Kwid,1.0 Zen manual,Renault Kwid Kwid 1.0 Zen manual,2023,50990.0,48000.0,SP,Praia Grande,Branco,manual,PJ,False,False,779384,779384,https://img0.icarros.com/dbimg/imgadicionalanuncio/1/469144473_1.jpg,kwid,renault,2026-05-12T23:09:52.354717,025266-2,KWID Zen 1.0 Flex 12V 5p Mec.,49655.0,3,exato,0.02688551001913201
56907239,https://www.icarros.com.br/comprar/campinas-sp/renault/kwid/2023/d56907239,Renault,Kwid,1.0 Zen manual,Renault Kwid Kwid 1.0 Zen manual,2023,48890.0,89000.0,SP,Campinas,Branco,manual,PJ,False,False,197838,197838,https://img2.icarros.com/dbimg/imgadicionalanuncio/1/472648554_1.jpg,kwid,renault,2026-05-12T23:09:52.354944,025266-2,KWID Zen 1.0 Flex 12V 5p Mec.,49655.0,3,exato,-0.015406303494109354
56288073,https://www.icarros.com.br/comprar/catanduva-sp/renault/kwid/2023/d56288073,Renault,Kwid,1.0 Zen manual,Renault Kwid Kwid 1.0 Zen manual,2023,51900.0,50000.0,SP,Catanduva,Branco,manual,PJ,False,False,2148148,2148148,https://img0.icarros.com/dbimg/imgadicionalanuncio/1/465808472_1.jpg,kwid,renault,2026-05-12T23:09:52.355150,025266-2,KWID Zen 1.0 Flex 12V 5p Mec.,49655.0,3,exato,0.0452119625415366
56816709,https://www.icarros.com.br/comprar/carapicuiba-sp/renault/kwid/2022/d56816709,Renault,Kwid,1.0 Zen manual,Renault Kwid Kwid 1.0 Zen manual,2022,48900.0,81715.0,SP,Carapicuíba,Branco,manual,PJ,False,False,2821725,2821725,https://img0.icarros.com/dbimg/imgadicionalanuncio/1/471637555_1.jpg,kwid,renault,2026-05-12T23:09:52.356158,025266-2,KWID Zen 1.0 Flex 12V 5p Mec.,44383.0,3,exato,0.10177320145100602
56827517,https://www.icarros.com.br/comprar/campinas-sp/renault/kwid/2023/d56827517,Renault,Kwid,1.0 Outsider manual,Renault Kwid Kwid 1.0 Outsider manual,2023,49990.0,64750.0,SP,Campinas,Branco,manual,PJ,False,False,2823359,2823359,https://img2.icarros.com/dbimg/imgadicionalanuncio/1/472021483_1.jpg,kwid,renault,2026-05-12T23:09:52.356361,025279-4,KWID OUTSIDER 1.0 Flex 12V 5p Mec.,55283.0,3,exato,-0.09574371868386303
56840938,https://www.icarros.com.br/comprar/sao-paulo-sp/renault/kwid/2022/d56840938,Renault,Kwid,1.0 Outsider manual,Renault Kwid Kwid 1.0 Outsider manual,2022,51887.0,46162.0,SP,São Paulo,Prata,manual,PJ,False,False,2823300,2823300,https://img1.icarros.com/dbimg/imgadicionalanuncio/1/472457378_1.jpg,kwid,renault,2026-05-12T23:09:52.356558,025279-4,KWID OUTSIDER 1.0 Flex 12V 5p Mec.,50265.0,3,exato,0.03226897443549189
56880163,https://www.icarros.com.br/comprar/sao-paulo-sp/renault/kwid/2023/d56880163,Renault,Kwid,1.0 Intense manual,Renault Kwid Kwid 1.0 Intense manual,2023,54887.0,44364.0,SP,São Paulo,Prata,manual,PJ,False,False,2823300,2823300,https://img1.icarros.com/dbimg/imgadicionalanuncio/1/473345069_1.jpg,kwid,renault,2026-05-12T23:09:52.356754,025267-0,KWID Intense 1.0 Flex 12V 5p Mec.,52452.0,3,exato,0.04642339662929917
56827512,https://www.icarros.com.br/comprar/campinas-sp/renault/kwid/2022/d56827512,Renault,Kwid,1.0 Outsider manual,Renault Kwid Kwid 1.0 Outsider manual,2022,54990.0,33800.0,SP,Campinas,Prata,manual,PJ,False,False,2823359,2823359,https://img0.icarros.com/dbimg/imgadicionalanuncio/1/471764274_1.jpg,kwid,renault,2026-05-12T23:09:52.357158,025279-4,KWID OUTSIDER 1.0 Flex 12V 5p Mec.,50265.0,3,exato,0.09400179051029543
57221698,https://www.icarros.com.br/comprar/sao-bernardo-do-campo-sp/renault/kwid/2024/d57221698,Renault,Kwid,1.0 Intense manual,Renault Kwid Kwid 1.0 Intense manual,2024,61900.0,50000.0,SP,São Bernardo do Campo,Branco,manual,PJ,False,False,2823456,2823456,https://img1.icarros.com/dbimg/imgadicionalanuncio/1/475873711_1.jpg,kwid,renault,2026-05-12T23:09:52.431397,025267-0,KWID Intense 1.0 Flex 12V 5p Mec.,56013.0,3,exato,0.10510060164604645
57183248,https://www.icarros.com.br/comprar/sao-paulo-sp/renault/kwid/2026/d57183248,Renault,Kwid,1.0 Outsider manual,Renault Kwid Kwid 1.0 Outsider manual,2026,69990.0,5.0,SP,São Paulo,Branco,manual,PJ,False,False,2383391,2383391,https://img2.icarros.com/dbimg/imgadicionalanuncio/1/475485410_1.jpg,kwid,renault,2026-05-12T23:09:52.431997,025279-4,KWID OUTSIDER 1.0 Flex 12V 5p Mec.,69873.0,3,exato,0.001674466532136877
57183245,https://www.icarros.com.br/comprar/sao-paulo-sp/renault/kwid/2026/d57183245,Renault,Kwid,1.0 Iconic manual,Renault Kwid Kwid 1.0 Iconic manual,2026,72990.0,39.0,SP,São Paulo,Prata,manual,PJ,False,False,2383391,2383391,https://img2.icarros.com/dbimg/imgadicionalanuncio/1/475485365_1.jpg,kwid,renault,2026-05-12T23:09:52.432200,025333-2,KWID Iconic 1.0 Flex 12V 5p Mec.,70009.0,3,exato,0.042580239683469266
56850075,https://www.icarros.com.br/comprar/campinas-sp/renault/kwid/2025/d56850075,Renault,Kwid,1.0 Zen manual,Renault Kwid Kwid 1.0 Zen manual,2025,53880.0,35000.0,SP,Campinas,Branco,manual,PJ,False,False,126983,126983,https://img0.icarros.com/dbimg/imgadicionalanuncio/1/473260967_1.jpg,kwid,renault,2026-05-12T23:09:52.506621,025266-2,KWID Zen 1.0 Flex 12V 5p Mec.,56737.0,3,exato,-0.050355147434654635
57158852,https://www.icarros.com.br/comprar/sao-jose-do-rio-preto-sp/renault/kwid/2024/d57158852,Renault,Kwid,1.0 Zen manual,Renault Kwid Kwid 1.0 Zen manual,2024,52900.0,49534.0,SP,São José do Rio Preto,Prata,manual,PJ,False,False,484968,484968,https://img2.icarros.com/dbimg/imgadicionalanuncio/1/475228929_1.jpg,kwid,renault,2026-05-12T23:09:52.507231,025266-2,KWID Zen 1.0 Flex 12V 5p Mec.,52585.0,3,exato,0.005990301416753827
57360434,https://www.icarros.com.br/comprar/campinas-sp/renault/kwid/2020/d57360434,Renault,Kwid,1.0 Zen manual,Renault Kwid Kwid 1.0 Zen manual,2020,40990.0,69000.0,SP,Campinas,Branco,manual,PJ,False,False,2638869,2638869,https://img2.icarros.com/dbimg/imgadicionalanuncio/1/477275970_1.jpg,kwid,renault,2026-05-12T23:09:52.507429,025266-2,KWID Zen 1.0 Flex 12V 5p Mec.,38186.0,3,exato,0.07343005289896821
56920954,https://www.icarros.com.br/comprar/barueri-sp/renault/kwid/2025/d56920954,Renault,Kwid,1.0 Outsider manual,Renault Kwid Kwid 1.0 Outsider manual,2025,63990.0,21342.0,SP,Barueri,Preto,manual,PJ,False,False,414511,414511,https://img1.icarros.com/dbimg/imgadicionalanuncio/1/472801223_1.jpg,kwid,renault,2026-05-12T23:09:52.508030,025279-4,KWID OUTSIDER 1.0 Flex 12V 5p Mec.,64340.0,3,exato,-0.005439850792663973
57491834,https://www.icarros.com.br/comprar/santo-andre-sp/renault/kwid/2025/d57491834,Renault,Kwid,1.0 Zen manual,Renault Kwid Kwid 1.0 Zen manual,2025,60490.0,28187.0,SP,Santo André,Prata,manual,LC,False,False,876867,876867,https://img2.icarros.com/dbimg/imgadicionalanuncio/1/478598297_1.jpg,kwid,renault,2026-05-12T23:09:52.508235,025266-2,KWID Zen 1.0 Flex 12V 5p Mec.,56737.0,3,exato,0.0661473112783545
57487600,https://www.icarros.com.br/comprar/santo-andre-sp/renault/kwid/2025/d57487600,Renault,Kwid,1.0 Zen manual,Renault Kwid Kwid 1.0 Zen manual,2025,60490.0,26515.0,SP,Santo André,Prata,manual,LC,False,False,876867,876867,https://img1.icarros.com/dbimg/imgadicionalanuncio/1/478556482_1.jpg,kwid,renault,2026-05-12T23:09:52.508439,025266-2,KWID Zen 1.0 Flex 12V 5p Mec.,56737.0,3,exato,0.0661473112783545
57496609,https://www.icarros.com.br/comprar/santo-andre-sp/renault/kwid/2025/d57496609,Renault,Kwid,1.0 Zen manual,Renault Kwid Kwid 1.0 Zen manual,2025,61090.0,25523.0,SP,Santo André,Branco,manual,LC,False,False,876867,876867,https://img1.icarros.com/dbimg/imgadicionalanuncio/1/478646265_1.jpg,kwid,renault,2026-05-12T23:09:52.508642,025266-2,KWID Zen 1.0 Flex 12V 5p Mec.,56737.0,3,exato,0.07672242099511782
57487394,https://www.icarros.com.br/comprar/santo-andre-sp/renault/kwid/2026/d57487394,Renault,Kwid,1.0 Zen manual,Renault Kwid Kwid 1.0 Zen manual,2026,66290.0,26514.0,SP,Santo André,Branco,manual,LC,False,False,876867,876867,https://img2.icarros.com/dbimg/imgadicionalanuncio/1/478554418_1.jpg,kwid,renault,2026-05-12T23:09:52.508844,025266-2,KWID Zen 1.0 Flex 12V 5p Mec.,62834.0,3,exato,0.05500206894356559
57494483,https://www.icarros.com.br/comprar/santo-andre-sp/renault/kwid/2026/d57494483,Renault,Kwid,1.0 Zen manual,Renault Kwid Kwid 1.0 Zen manual,2026,66290.0,27250.0,SP,Santo André,Branco,manual,LC,False,False,876867,876867,https://img2.icarros.com/dbimg/imgadicionalanuncio/1/478624330_1.jpg,kwid,renault,2026-05-12T23:09:52.509048,025266-2,KWID Zen 1.0 Flex 12V 5p Mec.,62834.0,3,exato,0.05500206894356559
57494553,https://www.icarros.com.br/comprar/santo-andre-sp/renault/kwid/2026/d57494553,Renault,Kwid,1.0 Zen manual,Renault Kwid Kwid 1.0 Zen manual,2026,66590.0,25600.0,SP,Santo André,Branco,manual,LC,False,False,876867,876867,https://img0.icarros.com/dbimg/imgadicionalanuncio/1/478625014_1.jpg,kwid,renault,2026-05-12T23:09:52.509250,025266-2,KWID Zen 1.0 Flex 12V 5p Mec.,62834.0,3,exato,0.059776554094916765
56653017,https://www.icarros.com.br/comprar/campinas-sp/renault/kwid/2025/d56653017,Renault,Kwid,1.0 Zen manual,Renault Kwid Kwid 1.0 Zen manual,2025,57990.0,35500.0,SP,Campinas,Branco,manual,PJ,False,False,669365,669365,https://img0.icarros.com/dbimg/imgadicionalanuncio/1/469769867_1.jpg,kwid,renault,2026-05-12T23:09:52.583159,025266-2,KWID Zen 1.0 Flex 12V 5p Mec.,56737.0,3,exato,0.02208435412517405
56729703,https://www.icarros.com.br/comprar/sao-paulo-sp/renault/kwid/2026/d56729703,Renault,Kwid,1.0 Zen manual,Renault Kwid Kwid 1.0 Zen manual,2026,67990.0,0.0,SP,São Paulo,Preto,manual,PJ,False,False,2686077,2686077,https://img0.icarros.com/dbimg/imgadicionalanuncio/1/470623778_1.jpg,kwid,renault,2026-05-12T23:09:52.583782,025266-2,KWID Zen 1.0 Flex 12V 5p Mec.,62834.0,3,exato,0.08205748480122227
56731518,https://www.icarros.com.br/comprar/sao-paulo-sp/renault/kwid/2026/d56731518,Renault,Kwid,1.0 Intense manual,Renault Kwid Kwid 1.0 Intense manual,2026,71990.0,0.0,SP,São Paulo,Preto,manual,PJ,False,False,2686077,2686077,https://img0.icarros.com/dbimg/imgadicionalanuncio/1/470647010_1.jpg,kwid,renault,2026-05-12T23:09:52.583990,025267-0,KWID Intense 1.0 Flex 12V 5p Mec.,66428.0,3,exato,0.08372975251400012
56729758,https://www.icarros.com.br/comprar/sao-paulo-sp/renault/kwid/2026/d56729758,Renault,Kwid,1.0 Outsider manual,Renault Kwid Kwid 1.0 Outsider manual,2026,74990.0,0.0,SP,São Paulo,Preto,manual,PJ,False,False,2686077,2686077,https://img1.icarros.com/dbimg/imgadicionalanuncio/1/470624463_1.jpg,kwid,renault,2026-05-12T23:09:52.584194,025279-4,KWID OUTSIDER 1.0 Flex 12V 5p Mec.,69873.0,3,exato,0.07323286534140512
56731722,https://www.icarros.com.br/comprar/sao-paulo-sp/renault/kwid/2026/d56731722,Renault,Kwid,1.0 Iconic manual,Renault Kwid Kwid 1.0 Iconic manual,2026,75890.0,0.0,SP,São Paulo,Branco,manual,PJ,False,False,2686077,2686077,https://img0.icarros.com/dbimg/imgadicionalanuncio/1/470649338_1.jpg,kwid,renault,2026-05-12T23:09:52.584398,025333-2,KWID Iconic 1.0 Flex 12V 5p Mec.,70009.0,3,exato,0.08400348526618007
56671597,https://www.icarros.com.br/comprar/sao-paulo-sp/renault/kwid/2025/d56671597,Renault,Kwid,1.0 Zen manual,Renault Kwid Kwid 1.0 Zen manual,2025,57900.0,21305.0,SP,São Paulo,Preto,manual,PJ,False,False,65346,65346,https://img1.icarros.com/dbimg/imgadicionalanuncio/1/469980788_1.jpg,kwid,renault,2026-05-12T23:09:52.584596,025266-2,KWID Zen 1.0 Flex 12V 5p Mec.,56737.0,3,exato,0.02049808766765955
57348918,https://www.icarros.com.br/comprar/santos-sp/renault/kwid/2024/d57348918,Renault,Kwid,1.0 Zen manual,Renault Kwid Kwid 1.0 Zen manual,2024,55000.0,54000.0,SP,Santos,Branco,manual,PJ,False,False,2779520,2779520,https://img0.icarros.com/dbimg/imgadicionalanuncio/1/477160556_1.jpg,kwid,renault,2026-05-12T23:09:52.585199,025266-2,KWID Zen 1.0 Flex 12V 5p Mec.,52585.0,3,exato,0.04592564419511268
56902758,https://www.icarros.com.br/comprar/ribeirao-pires-sp/renault/kwid/2024/d56902758,Renault,Kwid,1.0 Intense manual,Renault Kwid Kwid 1.0 Intense manual,2024,69900.0,27000.0,SP,Ribeirão Pires,Azul,manual,PJ,False,False,2785709,2785709,https://img0.icarros.com/dbimg/imgadicionalanuncio/1/472614542_1.jpg,kwid,renault,2026-05-12T23:09:52.586189,025267-0,KWID Intense 1.0 Flex 12V 5p Mec.,56013.0,3,exato,0.2479245889347116
56902739,https://www.icarros.com.br/comprar/ribeirao-pires-sp/renault/kwid/2024/d56902739,Renault,Kwid,1.0 Intense manual,Renault Kwid Kwid 1.0 Intense manual,2024,69900.0,27000.0,SP,Ribeirão Pires,Azul,manual,PJ,False,False,2785709,2785709,https://img2.icarros.com/dbimg/imgadicionalanuncio/1/472614501_1.jpg,kwid,renault,2026-05-12T23:09:52.658849,025267-0,KWID Intense 1.0 Flex 12V 5p Mec.,56013.0,3,exato,0.2479245889347116
57222740,https://www.icarros.com.br/comprar/sorocaba-sp/renault/kwid/2025/d57222740,Renault,Kwid,1.0 Zen manual,Renault Kwid Kwid 1.0 Zen manual,2025,58490.0,78000.0,SP,Sorocaba,Branco,manual,PJ,False,False,1085742,1085742,https://img2.icarros.com/dbimg/imgadicionalanuncio/1/475882667_1.jpg,kwid,renault,2026-05-12T23:09:52.659066,025266-2,KWID Zen 1.0 Flex 12V 5p Mec.,56737.0,3,exato,0.030896945555810143
56840427,https://www.icarros.com.br/comprar/botucatu-sp/renault/kwid/2020/d56840427,Renault,Kwid,1.0 Intense manual,Renault Kwid Kwid 1.0 Intense manual,2020,54990.0,70666.0,SP,Botucatu,Prata,manual,PJ,False,False,2436275,2436275,https://img0.icarros.com/dbimg/imgadicionalanuncio/1/471908117_1.jpg,kwid,renault,2026-05-12T23:09:52.659266,025267-0,KWID Intense 1.0 Flex 12V 5p Mec.,39977.0,3,exato,0.375540936038222
56758762,https://www.icarros.com.br/comprar/jundiai-sp/renault/kwid/2026/d56758762,Renault,Kwid,1.0 Intense manual,Renault Kwid Kwid 1.0 Intense manual,2026,72900.0,3900.0,SP,Jundiaí,Prata,manual,PJ,False,False,133296,133296,https://img1.icarros.com/dbimg/imgadicionalanuncio/1/470959987_1.jpg,kwid,renault,2026-05-12T23:09:52.659466,025267-0,KWID Intense 1.0 Flex 12V 5p Mec.,66428.0,3,exato,0.09742879508640935
56881048,https://www.icarros.com.br/comprar/sorocaba-sp/renault/kwid/2023/d56881048,Renault,Kwid,1.0 Zen manual,Renault Kwid Kwid 1.0 Zen manual,2023,53900.0,65855.0,SP,Sorocaba,Branco,manual,PJ,False,False,139480,139480,https://img1.icarros.com/dbimg/imgadicionalanuncio/1/472364207_1.jpg,kwid,renault,2026-05-12T23:09:52.660475,025266-2,KWID Zen 1.0 Flex 12V 5p Mec.,49655.0,3,exato,0.08548988017319505
57107697,https://www.icarros.com.br/comprar/sorocaba-sp/renault/kwid/2022/d57107697,Renault,Kwid,1.0 Outsider manual,Renault Kwid Kwid 1.0 Outsider manual,2022,53900.0,79639.0,SP,Sorocaba,Laranja,manual,PJ,False,False,139480,139480,https://img0.icarros.com/dbimg/imgadicionalanuncio/1/474714874_1.jpg,kwid,renault,2026-05-12T23:09:52.660676,025279-4,KWID OUTSIDER 1.0 Flex 12V 5p Mec.,50265.0,3,exato,0.07231672137670347
57114641,https://www.icarros.com.br/comprar/sorocaba-sp/renault/kwid/2024/d57114641,Renault,Kwid,1.0 Zen manual,Renault Kwid Kwid 1.0 Zen manual,2024,56900.0,51788.0,SP,Sorocaba,Branco,manual,PJ,False,False,139480,139480,https://img2.icarros.com/dbimg/imgadicionalanuncio/1/474786186_1.jpg,kwid,renault,2026-05-12T23:09:52.660876,025266-2,KWID Zen 1.0 Flex 12V 5p Mec.,52585.0,3,exato,0.08205762099458021
56913814,https://www.icarros.com.br/comprar/sao-bernardo-do-campo-sp/renault/kwid/2023/d56913814,Renault,Kwid,1.0 Outsider manual,Renault Kwid Kwid 1.0 Outsider manual,2023,54900.0,39000.0,SP,São Bernardo do Campo,Branco,manual,PJ,False,False,2698026,2698026,https://img1.icarros.com/dbimg/imgadicionalanuncio/1/472714822_1.jpg,kwid,renault,2026-05-12T23:09:52.661076,025279-4,KWID OUTSIDER 1.0 Flex 12V 5p Mec.,55283.0,3,exato,-0.006927988712624134
57480820,https://www.icarros.com.br/comprar/campinas-sp/renault/kwid/2025/d57480820,Renault,Kwid,1.0 Zen manual,Renault Kwid Kwid 1.0 Zen manual,2025,59090.0,25057.0,SP,Campinas,Prata,manual,LC,False,False,2267107,2267107,https://img1.icarros.com/dbimg/imgadicionalanuncio/1/478489382_1.jpg,kwid,renault,2026-05-12T23:09:52.661479,025266-2,KWID Zen 1.0 Flex 12V 5p Mec.,56737.0,3,exato,0.04147205527257345
57494912,https://www.icarros.com.br/comprar/campinas-sp/renault/kwid/2025/d57494912,Renault,Kwid,1.0 Zen manual,Renault Kwid Kwid 1.0 Zen manual,2025,59090.0,37593.0,SP,Campinas,Preto,manual,LC,False,False,2267107,2267107,https://img2.icarros.com/dbimg/imgadicionalanuncio/1/478628538_1.jpg,kwid,renault,2026-05-12T23:09:52.661683,025266-2,KWID Zen 1.0 Flex 12V 5p Mec.,56737.0,3,exato,0.04147205527257345
57480398,https://www.icarros.com.br/comprar/campinas-sp/renault/kwid/2025/d57480398,Renault,Kwid,1.0 Zen manual,Renault Kwid Kwid 1.0 Zen manual,2025,59190.0,31863.0,SP,Campinas,Prata,manual,LC,False,False,2267107,2267107,https://img2.icarros.com/dbimg/imgadicionalanuncio/1/478485127_1.jpg,kwid,renault,2026-05-12T23:09:52.661890,025266-2,KWID Zen 1.0 Flex 12V 5p Mec.,56737.0,3,exato,0.043234573558700674
57480351,https://www.icarros.com.br/comprar/campinas-sp/renault/kwid/2025/d57480351,Renault,Kwid,1.0 Zen manual,Renault Kwid Kwid 1.0 Zen manual,2025,59290.0,28733.0,SP,Campinas,Prata,manual,LC,False,False,2267107,2267107,https://img0.icarros.com/dbimg/imgadicionalanuncio/1/478484624_1.jpg,kwid,renault,2026-05-12T23:09:52.662091,025266-2,KWID Zen 1.0 Flex 12V 5p Mec.,56737.0,3,exato,0.04499709184482789
57494225,https://www.icarros.com.br/comprar/campinas-sp/renault/kwid/2025/d57494225,Renault,Kwid,1.0 Zen manual,Renault Kwid Kwid 1.0 Zen manual,2025,59390.0,32299.0,SP,Campinas,Branco,manual,LC,False,False,2267107,2267107,https://img2.icarros.com/dbimg/imgadicionalanuncio/1/478621781_1.jpg,kwid,renault,2026-05-12T23:09:52.662292,025266-2,KWID Zen 1.0 Flex 12V 5p Mec.,56737.0,3,exato,0.04675961013095511
57494227,https://www.icarros.com.br/comprar/campinas-sp/renault/kwid/2025/d57494227,Renault,Kwid,1.0 Zen manual,Renault Kwid Kwid 1.0 Zen manual,2025,59590.0,28079.0,SP,Campinas,Prata,manual,LC,False,False,2267107,2267107,https://img1.icarros.com/dbimg/imgadicionalanuncio/1/478621808_1.jpg,kwid,renault,2026-05-12T23:09:52.662493,025266-2,KWID Zen 1.0 Flex 12V 5p Mec.,56737.0,3,exato,0.05028464670320955
56438453,https://www.icarros.com.br/comprar/campinas-sp/renault/kwid/2023/d56438453,Renault,Kwid,1.0 Intense manual,Renault Kwid Kwid 1.0 Intense manual,2023,59790.0,22700.0,SP,Campinas,Preto,manual,LC,False,False,2267107,2267107,https://img2.icarros.com/dbimg/imgadicionalanuncio/1/467383410_1.jpg,kwid,renault,2026-05-12T23:09:52.662695,025267-0,KWID Intense 1.0 Flex 12V 5p Mec.,52452.0,3,exato,0.13989933653626171
57494243,https://www.icarros.com.br/comprar/campinas-sp/renault/kwid/2025/d57494243,Renault,Kwid,1.0 Zen manual,Renault Kwid Kwid 1.0 Zen manual,2025,59990.0,27868.0,SP,Campinas,Preto,manual,LC,False,False,2267107,2267107,https://img2.icarros.com/dbimg/imgadicionalanuncio/1/478621962_1.jpg,kwid,renault,2026-05-12T23:09:52.736009,025266-2,KWID Zen 1.0 Flex 12V 5p Mec.,56737.0,3,exato,0.05733471984771842
57494945,https://www.icarros.com.br/comprar/campinas-sp/renault/kwid/2025/d57494945,Renault,Kwid,1.0 Zen manual,Renault Kwid Kwid 1.0 Zen manual,2025,59990.0,26041.0,SP,Campinas,Preto,manual,LC,False,False,2267107,2267107,https://img2.icarros.com/dbimg/imgadicionalanuncio/1/478628887_1.jpg,kwid,renault,2026-05-12T23:09:52.736229,025266-2,KWID Zen 1.0 Flex 12V 5p Mec.,56737.0,3,exato,0.05733471984771842
57480303,https://www.icarros.com.br/comprar/campinas-sp/renault/kwid/2025/d57480303,Renault,Kwid,1.0 Zen manual,Renault Kwid Kwid 1.0 Zen manual,2025,60190.0,23717.0,SP,Campinas,Prata,manual,LC,False,False,2267107,2267107,https://img0.icarros.com/dbimg/imgadicionalanuncio/1/478484191_1.jpg,kwid,renault,2026-05-12T23:09:52.736436,025266-2,KWID Zen 1.0 Flex 12V 5p Mec.,56737.0,3,exato,0.060859756419972856
57480372,https://www.icarros.com.br/comprar/campinas-sp/renault/kwid/2025/d57480372,Renault,Kwid,1.0 Zen manual,Renault Kwid Kwid 1.0 Zen manual,2025,60190.0,24701.0,SP,Campinas,Preto,manual,LC,False,False,2267107,2267107,https://img0.icarros.com/dbimg/imgadicionalanuncio/1/478484840_1.jpg,kwid,renault,2026-05-12T23:09:52.736641,025266-2,KWID Zen 1.0 Flex 12V 5p Mec.,56737.0,3,exato,0.060859756419972856
57494212,https://www.icarros.com.br/comprar/campinas-sp/renault/kwid/2025/d57494212,Renault,Kwid,1.0 Zen manual,Renault Kwid Kwid 1.0 Zen manual,2025,60190.0,24867.0,SP,Campinas,Prata,manual,LC,False,False,2267107,2267107,https://img1.icarros.com/dbimg/imgadicionalanuncio/1/478621646_1.jpg,kwid,renault,2026-05-12T23:09:52.736844,025266-2,KWID Zen 1.0 Flex 12V 5p Mec.,56737.0,3,exato,0.060859756419972856
57487829,https://www.icarros.com.br/comprar/campinas-sp/renault/kwid/2025/d57487829,Renault,Kwid,1.0 Zen manual,Renault Kwid Kwid 1.0 Zen manual,2025,60490.0,22840.0,SP,Campinas,Prata,manual,LC,False,False,2267107,2267107,https://img2.icarros.com/dbimg/imgadicionalanuncio/1/478558766_1.jpg,kwid,renault,2026-05-12T23:09:52.737049,025266-2,KWID Zen 1.0 Flex 12V 5p Mec.,56737.0,3,exato,0.0661473112783545
57494261,https://www.icarros.com.br/comprar/campinas-sp/renault/kwid/2025/d57494261,Renault,Kwid,1.0 Zen manual,Renault Kwid Kwid 1.0 Zen manual,2025,60490.0,23381.0,SP,Campinas,Prata,manual,LC,False,False,2267107,2267107,https://img2.icarros.com/dbimg/imgadicionalanuncio/1/478622133_1.jpg,kwid,renault,2026-05-12T23:09:52.737255,025266-2,KWID Zen 1.0 Flex 12V 5p Mec.,56737.0,3,exato,0.0661473112783545
57493822,https://www.icarros.com.br/comprar/campinas-sp/renault/kwid/2026/d57493822,Renault,Kwid,1.0 Zen manual,Renault Kwid Kwid 1.0 Zen manual,2026,63290.0,50807.0,SP,Campinas,Branco,manual,LC,False,False,2267107,2267107,https://img1.icarros.com/dbimg/imgadicionalanuncio/1/478617775_1.jpg,kwid,renault,2026-05-12T23:09:52.737461,025266-2,KWID Zen 1.0 Flex 12V 5p Mec.,62834.0,3,exato,0.007257217430053793
57487778,https://www.icarros.com.br/comprar/campinas-sp/renault/kwid/2026/d57487778,Renault,Kwid,1.0 Zen manual,Renault Kwid Kwid 1.0 Zen manual,2026,64390.0,39406.0,SP,Campinas,Branco,manual,LC,False,False,2267107,2267107,https://img2.icarros.com/dbimg/imgadicionalanuncio/1/478558258_1.jpg,kwid,renault,2026-05-12T23:09:52.737666,025266-2,KWID Zen 1.0 Flex 12V 5p Mec.,62834.0,3,exato,0.024763662985008116
57494599,https://www.icarros.com.br/comprar/campinas-sp/renault/kwid/2026/d57494599,Renault,Kwid,1.0 Zen manual,Renault Kwid Kwid 1.0 Zen manual,2026,64690.0,35840.0,SP,Campinas,Prata,manual,LC,False,False,2267107,2267107,https://img1.icarros.com/dbimg/imgadicionalanuncio/1/478625443_1.jpg,kwid,renault,2026-05-12T23:09:52.737870,025266-2,KWID Zen 1.0 Flex 12V 5p Mec.,62834.0,3,exato,0.029538148136359296
57480464,https://www.icarros.com.br/comprar/campinas-sp/renault/kwid/2026/d57480464,Renault,Kwid,1.0 Zen manual,Renault Kwid Kwid 1.0 Zen manual,2026,65090.0,28508.0,SP,Campinas,Branco,manual,LC,False,False,2267107,2267107,https://img2.icarros.com/dbimg/imgadicionalanuncio/1/478485796_1.jpg,kwid,renault,2026-05-12T23:09:52.738073,025266-2,KWID Zen 1.0 Flex 12V 5p Mec.,62834.0,3,exato,0.03590412833816087
57487706,https://www.icarros.com.br/comprar/campinas-sp/renault/kwid/2026/d57487706,Renault,Kwid,1.0 Zen manual,Renault Kwid Kwid 1.0 Zen manual,2026,65490.0,27835.0,SP,Campinas,Branco,manual,LC,False,False,2267107,2267107,https://img2.icarros.com/dbimg/imgadicionalanuncio/1/478557526_1.jpg,kwid,renault,2026-05-12T23:09:52.738276,025266-2,KWID Zen 1.0 Flex 12V 5p Mec.,62834.0,3,exato,0.042270108539962443
57493938,https://www.icarros.com.br/comprar/campinas-sp/renault/kwid/2026/d57493938,Renault,Kwid,1.0 Zen manual,Renault Kwid Kwid 1.0 Zen manual,2026,65490.0,27727.0,SP,Campinas,Branco,manual,LC,False,False,2267107,2267107,https://img0.icarros.com/dbimg/imgadicionalanuncio/1/478618932_1.jpg,kwid,renault,2026-05-12T23:09:52.738478,025266-2,KWID Zen 1.0 Flex 12V 5p Mec.,62834.0,3,exato,0.042270108539962443
57493830,https://www.icarros.com.br/comprar/campinas-sp/renault/kwid/2026/d57493830,Renault,Kwid,1.0 Zen manual,Renault Kwid Kwid 1.0 Zen manual,2026,65490.0,26946.0,SP,Campinas,Prata,manual,LC,False,False,2267107,2267107,https://img0.icarros.com/dbimg/imgadicionalanuncio/1/478617842_1.jpg,kwid,renault,2026-05-12T23:09:52.738680,025266-2,KWID Zen 1.0 Flex 12V 5p Mec.,62834.0,3,exato,0.042270108539962443
57500265,https://www.icarros.com.br/comprar/campinas-sp/renault/kwid/2026/d57500265,Renault,Kwid,1.0 Zen manual,Renault Kwid Kwid 1.0 Zen manual,2026,65490.0,26121.0,SP,Campinas,Prata,manual,LC,False,False,2267107,2267107,https://img0.icarros.com/dbimg/imgadicionalanuncio/1/478685512_1.jpg,kwid,renault,2026-05-12T23:09:52.738881,025266-2,KWID Zen 1.0 Flex 12V 5p Mec.,62834.0,3,exato,0.042270108539962443
57487791,https://www.icarros.com.br/comprar/campinas-sp/renault/kwid/2026/d57487791,Renault,Kwid,1.0 Zen manual,Renault Kwid Kwid 1.0 Zen manual,2026,65790.0,25730.0,SP,Campinas,Branco,manual,LC,False,False,2267107,2267107,https://img0.icarros.com/dbimg/imgadicionalanuncio/1/478558368_1.jpg,kwid,renault,2026-05-12T23:09:52.739081,025266-2,KWID Zen 1.0 Flex 12V 5p Mec.,62834.0,3,exato,0.04704459369131362
57359840,https://www.icarros.com.br/comprar/santos-sp/renault/kwid/2026/d57359840,Renault,Kwid,1.0 Iconic manual,Renault Kwid Kwid 1.0 Iconic manual,2026,72890.0,40000.0,SP,Santos,Prata,manual,PJ,False,False,2473152,2473152,https://img2.icarros.com/dbimg/imgadicionalanuncio/1/477269765_1.jpg,kwid,renault,2026-05-12T23:09:52.739454,025333-2,KWID Iconic 1.0 Flex 12V 5p Mec.,70009.0,3,exato,0.0411518519047551
56766212,https://www.icarros.com.br/comprar/jundiai-sp/renault/kwid/2026/d56766212,Renault,Kwid,1.0 Outsider manual,Renault Kwid Kwid 1.0 Outsider manual,2026,70980.0,11000.0,SP,Jundiaí,Prata,manual,PJ,False,False,1648183,1648183,https://img2.icarros.com/dbimg/imgadicionalanuncio/1/471037206_1.jpg,kwid,renault,2026-05-12T23:09:52.817306,025279-4,KWID OUTSIDER 1.0 Flex 12V 5p Mec.,69873.0,3,exato,0.01584302949637199
56780820,https://www.icarros.com.br/comprar/santos-sp/renault/kwid/2026/d56780820,Renault,Kwid,1.0 Zen manual,Renault Kwid Kwid 1.0 Zen manual,2026,67990.0,3000.0,SP,Santos,Cinza,manual,PJ,False,False,2031416,2031416,https://img0.icarros.com/dbimg/imgadicionalanuncio/1/471325621_1.jpg,kwid,renault,2026-05-12T23:09:52.817509,025266-2,KWID Zen 1.0 Flex 12V 5p Mec.,62834.0,3,exato,0.08205748480122227
57158359,https://www.icarros.com.br/comprar/atibaia-sp/renault/kwid/2025/d57158359,Renault,Kwid,1.0 Zen manual,Renault Kwid Kwid 1.0 Zen manual,2025,52990.0,34100.0,SP,Atibaia,Branco,manual,PJ,False,False,129542,129542,https://img1.icarros.com/dbimg/imgadicionalanuncio/1/475240161_1.jpg,kwid,renault,2026-05-12T23:09:52.817707,025266-2,KWID Zen 1.0 Flex 12V 5p Mec.,56737.0,3,exato,-0.06604156018118688
56773583,https://www.icarros.com.br/comprar/diadema-sp/renault/kwid/2026/d56773583,Renault,Kwid,1.0 Zen manual,Renault Kwid Kwid 1.0 Zen manual,2026,65990.0,100.0,SP,Diadema,Cinza,manual,PJ,False,False,1139508,1139508,https://img2.icarros.com/dbimg/imgadicionalanuncio/1/471119511_1.jpg,kwid,renault,2026-05-12T23:09:52.817906,025266-2,KWID Zen 1.0 Flex 12V 5p Mec.,62834.0,3,exato,0.050227583792214404
56541082,https://www.icarros.com.br/comprar/diadema-sp/renault/kwid/2026/d56541082,Renault,Kwid,1.0 Zen manual,Renault Kwid Kwid 1.0 Zen manual,2026,65990.0,100.0,SP,Diadema,Prata,manual,PJ,False,False,1139508,1139508,https://img1.icarros.com/dbimg/imgadicionalanuncio/1/468508338_1.jpg,kwid,renault,2026-05-12T23:09:52.818106,025266-2,KWID Zen 1.0 Flex 12V 5p Mec.,62834.0,3,exato,0.050227583792214404
56772538,https://www.icarros.com.br/comprar/diadema-sp/renault/kwid/2026/d56772538,Renault,Kwid,1.0 Zen manual,Renault Kwid Kwid 1.0 Zen manual,2026,65990.0,100.0,SP,Diadema,Prata,manual,PJ,False,False,1139508,1139508,https://img1.icarros.com/dbimg/imgadicionalanuncio/1/471109914_1.jpg,kwid,renault,2026-05-12T23:09:52.818304,025266-2,KWID Zen 1.0 Flex 12V 5p Mec.,62834.0,3,exato,0.050227583792214404
56541218,https://www.icarros.com.br/comprar/diadema-sp/renault/kwid/2026/d56541218,Renault,Kwid,1.0 Zen manual,Renault Kwid Kwid 1.0 Zen manual,2026,65990.0,100.0,SP,Diadema,Prata,manual,PJ,False,False,1139508,1139508,https://img2.icarros.com/dbimg/imgadicionalanuncio/1/468509720_1.jpg,kwid,renault,2026-05-12T23:09:52.818503,025266-2,KWID Zen 1.0 Flex 12V 5p Mec.,62834.0,3,exato,0.050227583792214404
56635713,https://www.icarros.com.br/comprar/sao-paulo-sp/renault/kwid/2021/d56635713,Renault,Kwid,1.0 Zen manual,Renault Kwid Kwid 1.0 Zen manual,2021,47900.0,47800.0,SP,São Paulo,Prata,manual,PJ,False,False,972212,972212,https://img0.icarros.com/dbimg/imgadicionalanuncio/1/469572592_1.jpg,kwid,renault,2026-05-12T23:09:53.036779,025266-2,KWID Zen 1.0 Flex 12V 5p Mec.,39513.0,3,exato,0.21225925644724522
57224324,https://www.icarros.com.br/comprar/sao-paulo-sp/renault/kwid/2023/d57224324,Renault,Kwid,1.0 Zen manual,Renault Kwid Kwid 1.0 Zen manual,2023,50900.0,28000.0,SP,São Paulo,Branco,manual,PJ,False,False,162966,162966,https://img2.icarros.com/dbimg/imgadicionalanuncio/1/475899783_1.jpg,kwid,renault,2026-05-12T23:09:53.038624,025266-2,KWID Zen 1.0 Flex 12V 5p Mec.,49655.0,3,exato,0.02507300372570738
57280323,https://www.icarros.com.br/comprar/sao-bernardo-do-campo-sp/renault/kwid/2023/d57280323,Renault,Kwid,1.0 Zen manual,Renault Kwid Kwid 1.0 Zen manual,2023,54900.0,44876.0,SP,São Bernardo do Campo,Branco,manual,PJ,False,False,2747582,2747582,https://img0.icarros.com/dbimg/imgadicionalanuncio/1/476464045_1.jpg,kwid,renault,2026-05-12T23:09:53.116386,025266-2,KWID Zen 1.0 Flex 12V 5p Mec.,49655.0,3,exato,0.10562883898902427
56507574,https://www.icarros.com.br/comprar/sao-paulo-sp/renault/kwid/2024/d56507574,Renault,Kwid,1.0 Zen manual,Renault Kwid Kwid 1.0 Zen manual,2024,59900.0,59000.0,SP,São Paulo,Branco,manual,PJ,False,False,756213,756213,https://img0.icarros.com/dbimg/imgadicionalanuncio/1/468139364_1.jpg,kwid,renault,2026-05-12T23:09:53.189839,025266-2,KWID Zen 1.0 Flex 12V 5p Mec.,52585.0,3,exato,0.13910811067794998
56517989,https://www.icarros.com.br/comprar/bauru-sp/renault/kwid/2024/d56517989,Renault,Kwid,1.0 Zen manual,Renault Kwid Kwid 1.0 Zen manual,2024,53900.0,49000.0,SP,Bauru,Prata,manual,PJ,False,False,2755126,2755126,https://img2.icarros.com/dbimg/imgadicionalanuncio/1/468251812_1.jpg,kwid,renault,2026-05-12T23:09:53.190656,025266-2,KWID Zen 1.0 Flex 12V 5p Mec.,52585.0,3,exato,0.02500713131121042
56810416,https://www.icarros.com.br/comprar/santo-andre-sp/renault/kwid/2022/d56810416,Renault,Kwid,1.0 Outsider manual,Renault Kwid Kwid 1.0 Outsider manual,2022,51900.0,83944.0,SP,Santo André,Branco,manual,PJ,False,False,2500542,2500542,https://img1.icarros.com/dbimg/imgadicionalanuncio/1/471565317_1.jpg,kwid,renault,2026-05-12T23:09:53.191265,025279-4,KWID OUTSIDER 1.0 Flex 12V 5p Mec.,50265.0,3,exato,0.032527603700387944
57499978,https://www.icarros.com.br/comprar/sao-paulo-sp/renault/kwid/2025/d57499978,Renault,Kwid,1.0 Zen manual,Renault Kwid Kwid 1.0 Zen manual,2025,60290.0,31373.0,SP,São Paulo,Branco,manual,LC,False,False,1195217,1195217,https://img1.icarros.com/dbimg/imgadicionalanuncio/1/478682530_1.jpg,kwid,renault,2026-05-12T23:09:53.192076,025266-2,KWID Zen 1.0 Flex 12V 5p Mec.,56737.0,3,exato,0.06262227470610007
57478060,https://www.icarros.com.br/comprar/sao-paulo-sp/renault/kwid/2025/d57478060,Renault,Kwid,1.0 Zen manual,Renault Kwid Kwid 1.0 Zen manual,2025,60490.0,27650.0,SP,São Paulo,Prata,manual,LC,False,False,1195217,1195217,https://img1.icarros.com/dbimg/imgadicionalanuncio/1/478461836_1.jpg,kwid,renault,2026-05-12T23:09:53.192279,025266-2,KWID Zen 1.0 Flex 12V 5p Mec.,56737.0,3,exato,0.0661473112783545
57488393,https://www.icarros.com.br/comprar/sao-paulo-sp/renault/kwid/2025/d57488393,Renault,Kwid,1.0 Zen manual,Renault Kwid Kwid 1.0 Zen manual,2025,60690.0,23635.0,SP,São Paulo,Prata,manual,LC,False,False,1195217,1195217,https://img2.icarros.com/dbimg/imgadicionalanuncio/1/478564355_1.jpg,kwid,renault,2026-05-12T23:09:53.192482,025266-2,KWID Zen 1.0 Flex 12V 5p Mec.,56737.0,3,exato,0.06967234785060895
57490922,https://www.icarros.com.br/comprar/sao-paulo-sp/renault/kwid/2025/d57490922,Renault,Kwid,1.0 Zen manual,Renault Kwid Kwid 1.0 Zen manual,2025,61090.0,24668.0,SP,São Paulo,Prata,manual,LC,False,False,1195217,1195217,https://img2.icarros.com/dbimg/imgadicionalanuncio/1/478589240_1.jpg,kwid,renault,2026-05-12T23:09:53.192685,025266-2,KWID Zen 1.0 Flex 12V 5p Mec.,56737.0,3,exato,0.07672242099511782
57449692,https://www.icarros.com.br/comprar/caraguatatuba-sp/renault/kwid/2025/d57449692,Renault,Kwid,1.0 Zen manual,Renault Kwid Kwid 1.0 Zen manual,2025,56900.0,26768.0,SP,Caraguatatuba,Prata,manual,PJ,False,False,2379700,2379700,https://img1.icarros.com/dbimg/imgadicionalanuncio/1/478175583_1.jpg,kwid,renault,2026-05-12T23:09:53.267304,025266-2,KWID Zen 1.0 Flex 12V 5p Mec.,56737.0,3,exato,0.002872904806387366
56845365,https://www.icarros.com.br/comprar/caraguatatuba-sp/renault/kwid/2026/d56845365,Renault,Kwid,1.0 Zen manual,Renault Kwid Kwid 1.0 Zen manual,2026,62399.0,28277.0,SP,Caraguatatuba,Prata,manual,PJ,False,False,2379700,2379700,https://img0.icarros.com/dbimg/imgadicionalanuncio/1/471963602_1.jpg,kwid,renault,2026-05-12T23:09:53.267502,025266-2,KWID Zen 1.0 Flex 12V 5p Mec.,62834.0,3,exato,-0.00692300346945921
56697462,https://www.icarros.com.br/comprar/sao-paulo-sp/renault/kwid/2023/d56697462,Renault,Kwid,1.0 Zen manual,Renault Kwid Kwid 1.0 Zen manual,2023,43900.0,92600.0,SP,São Paulo,Branco,manual,PJ,False,False,912704,912704,https://img0.icarros.com/dbimg/imgadicionalanuncio/1/470270589_1.jpg,kwid,renault,2026-05-12T23:09:53.268937,025266-2,KWID Zen 1.0 Flex 12V 5p Mec.,49655.0,3,exato,-0.11589970798509718
56605954,https://www.icarros.com.br/comprar/sao-paulo-sp/renault/kwid/2023/d56605954,Renault,Kwid,1.0 Zen manual,Renault Kwid Kwid 1.0 Zen manual,2023,45900.0,60900.0,SP,São Paulo,Branco,manual,PJ,False,False,912704,912704,https://img1.icarros.com/dbimg/imgadicionalanuncio/1/469242105_1.jpg,kwid,renault,2026-05-12T23:09:53.269131,025266-2,KWID Zen 1.0 Flex 12V 5p Mec.,49655.0,3,exato,-0.07562179035343873
56468776,https://www.icarros.com.br/comprar/sao-paulo-sp/renault/kwid/2024/d56468776,Renault,Kwid,1.0 Zen manual,Renault Kwid Kwid 1.0 Zen manual,2024,46800.0,84900.0,SP,São Paulo,Branco,manual,PJ,False,False,912704,912704,https://img1.icarros.com/dbimg/imgadicionalanuncio/1/467697424_1.jpg,kwid,renault,2026-05-12T23:09:53.269328,025266-2,KWID Zen 1.0 Flex 12V 5p Mec.,52585.0,3,exato,-0.1100123609394314
56803820,https://www.icarros.com.br/comprar/sao-paulo-sp/renault/kwid/2023/d56803820,Renault,Kwid,1.0 Zen manual,Renault Kwid Kwid 1.0 Zen manual,2023,46900.0,33900.0,SP,São Paulo,Branco,manual,PJ,False,False,912704,912704,https://img2.icarros.com/dbimg/imgadicionalanuncio/1/471483042_1.jpg,kwid,renault,2026-05-12T23:09:53.340760,025266-2,KWID Zen 1.0 Flex 12V 5p Mec.,49655.0,3,exato,-0.05548283153760951
56666299,https://www.icarros.com.br/comprar/sao-paulo-sp/renault/kwid/2024/d56666299,Renault,Kwid,1.0 Zen manual,Renault Kwid Kwid 1.0 Zen manual,2024,47900.0,21900.0,SP,São Paulo,Branco,manual,PJ,False,False,912704,912704,https://img1.icarros.com/dbimg/imgadicionalanuncio/1/469916059_1.jpg,kwid,renault,2026-05-12T23:09:53.340971,025266-2,KWID Zen 1.0 Flex 12V 5p Mec.,52585.0,3,exato,-0.08909384805552914
56697479,https://www.icarros.com.br/comprar/sao-paulo-sp/renault/kwid/2024/d56697479,Renault,Kwid,1.0 Zen manual,Renault Kwid Kwid 1.0 Zen manual,2024,47900.0,88000.0,SP,São Paulo,Branco,manual,PJ,False,False,912704,912704,https://img2.icarros.com/dbimg/imgadicionalanuncio/1/470270775_1.jpg,kwid,renault,2026-05-12T23:09:53.341174,025266-2,KWID Zen 1.0 Flex 12V 5p Mec.,52585.0,3,exato,-0.08909384805552914
56937361,https://www.icarros.com.br/comprar/sao-paulo-sp/renault/kwid/2024/d56937361,Renault,Kwid,1.0 Zen manual,Renault Kwid Kwid 1.0 Zen manual,2024,48900.0,47900.0,SP,São Paulo,Branco,manual,PJ,False,False,912704,912704,https://img1.icarros.com/dbimg/imgadicionalanuncio/1/472977075_1.jpg,kwid,renault,2026-05-12T23:09:53.341374,025266-2,KWID Zen 1.0 Flex 12V 5p Mec.,52585.0,3,exato,-0.07007701816107255
57133106,https://www.icarros.com.br/comprar/sao-paulo-sp/renault/kwid/2023/d57133106,Renault,Kwid,1.0 Zen manual,Renault Kwid Kwid 1.0 Zen manual,2023,48900.0,26900.0,SP,São Paulo,Branco,manual,PJ,False,False,912704,912704,https://img2.icarros.com/dbimg/imgadicionalanuncio/1/474971571_1.jpg,kwid,renault,2026-05-12T23:09:53.341570,025266-2,KWID Zen 1.0 Flex 12V 5p Mec.,49655.0,3,exato,-0.015204913905951063
56837006,https://www.icarros.com.br/comprar/sao-paulo-sp/renault/kwid/2023/d56837006,Renault,Kwid,1.0 Intense manual,Renault Kwid Kwid 1.0 Intense manual,2023,51800.0,47900.0,SP,São Paulo,Branco,manual,PJ,False,False,912704,912704,https://img2.icarros.com/dbimg/imgadicionalanuncio/1/471869693_1.jpg,kwid,renault,2026-05-12T23:09:53.341767,025267-0,KWID Intense 1.0 Flex 12V 5p Mec.,52452.0,3,exato,-0.012430412567680927
56838768,https://www.icarros.com.br/comprar/sao-paulo-sp/renault/kwid/2023/d56838768,Renault,Kwid,1.0 Outsider manual,Renault Kwid Kwid 1.0 Outsider manual,2023,51900.0,73900.0,SP,São Paulo,Branco,manual,PJ,False,False,912704,912704,https://img0.icarros.com/dbimg/imgadicionalanuncio/1/471890078_1.jpg,kwid,renault,2026-05-12T23:09:53.341966,025279-4,KWID OUTSIDER 1.0 Flex 12V 5p Mec.,55283.0,3,exato,-0.06119421883761735
56839192,https://www.icarros.com.br/comprar/sao-paulo-sp/renault/kwid/2023/d56839192,Renault,Kwid,1.0 Outsider manual,Renault Kwid Kwid 1.0 Outsider manual,2023,51900.0,51900.0,SP,São Paulo,Branco,manual,PJ,False,False,912704,912704,https://img1.icarros.com/dbimg/imgadicionalanuncio/1/471894689_1.jpg,kwid,renault,2026-05-12T23:09:53.342160,025279-4,KWID OUTSIDER 1.0 Flex 12V 5p Mec.,55283.0,3,exato,-0.06119421883761735
57320711,https://www.icarros.com.br/comprar/sao-paulo-sp/renault/kwid/2023/d57320711,Renault,Kwid,1.0 Intense manual,Renault Kwid Kwid 1.0 Intense manual,2023,52400.0,50900.0,SP,São Paulo,Vermelho,manual,PJ,False,False,912704,912704,https://img2.icarros.com/dbimg/imgadicionalanuncio/1/476874255_1.jpg,kwid,renault,2026-05-12T23:09:53.342356,025267-0,KWID Intense 1.0 Flex 12V 5p Mec.,52452.0,3,exato,-0.0009913825974224052
56491356,https://www.icarros.com.br/comprar/sao-paulo-sp/renault/kwid/2025/d56491356,Renault,Kwid,1.0 Zen manual,Renault Kwid Kwid 1.0 Zen manual,2025,52800.0,35000.0,SP,São Paulo,Prata,manual,PJ,False,False,912704,912704,https://img0.icarros.com/dbimg/imgadicionalanuncio/1/467953672_1.jpg,kwid,renault,2026-05-12T23:09:53.342552,025266-2,KWID Zen 1.0 Flex 12V 5p Mec.,56737.0,3,exato,-0.0693903449248286
56852504,https://www.icarros.com.br/comprar/sao-paulo-sp/renault/kwid/2024/d56852504,Renault,Kwid,1.0 Zen manual,Renault Kwid Kwid 1.0 Zen manual,2024,52800.0,15900.0,SP,São Paulo,Prata,manual,PJ,False,False,912704,912704,https://img2.icarros.com/dbimg/imgadicionalanuncio/1/472042407_1.jpg,kwid,renault,2026-05-12T23:09:53.342749,025266-2,KWID Zen 1.0 Flex 12V 5p Mec.,52585.0,3,exato,0.004088618427308168
57067951,https://www.icarros.com.br/comprar/sao-paulo-sp/renault/kwid/2023/d57067951,Renault,Kwid,1.0 Intense manual,Renault Kwid Kwid 1.0 Intense manual,2023,52900.0,13900.0,SP,São Paulo,Vermelho,manual,PJ,False,False,912704,912704,https://img1.icarros.com/dbimg/imgadicionalanuncio/1/474310910_1.jpg,kwid,renault,2026-05-12T23:09:53.342946,025267-0,KWID Intense 1.0 Flex 12V 5p Mec.,52452.0,3,exato,0.00854114237779303
57253154,https://www.icarros.com.br/comprar/sao-paulo-sp/renault/kwid/2024/d57253154,Renault,Kwid,1.0 Zen manual,Renault Kwid Kwid 1.0 Zen manual,2024,53400.0,15900.0,SP,São Paulo,Prata,manual,PJ,False,False,912704,912704,https://img2.icarros.com/dbimg/imgadicionalanuncio/1/476193670_1.jpg,kwid,renault,2026-05-12T23:09:53.343140,025266-2,KWID Zen 1.0 Flex 12V 5p Mec.,52585.0,3,exato,0.015498716363982125
56937756,https://www.icarros.com.br/comprar/sao-paulo-sp/renault/kwid/2023/d56937756,Renault,Kwid,1.0 Intense manual,Renault Kwid Kwid 1.0 Intense manual,2023,54800.0,28900.0,SP,São Paulo,Azul,manual,PJ,False,False,912704,912704,https://img0.icarros.com/dbimg/imgadicionalanuncio/1/472981072_1.jpg,kwid,renault,2026-05-12T23:09:53.343334,025267-0,KWID Intense 1.0 Flex 12V 5p Mec.,52452.0,3,exato,0.04476473728361168
56785476,https://www.icarros.com.br/comprar/sao-paulo-sp/renault/kwid/2025/d56785476,Renault,Kwid,1.0 Zen manual,Renault Kwid Kwid 1.0 Zen manual,2025,55900.0,15900.0,SP,São Paulo,Prata,manual,PJ,False,False,912704,912704,https://img0.icarros.com/dbimg/imgadicionalanuncio/1/471258006_1.jpg,kwid,renault,2026-05-12T23:09:53.343528,025266-2,KWID Zen 1.0 Flex 12V 5p Mec.,56737.0,3,exato,-0.01475227805488482
56620964,https://www.icarros.com.br/comprar/sao-paulo-sp/renault/kwid/2023/d56620964,Renault,Kwid,1.0 Outsider manual,Renault Kwid Kwid 1.0 Outsider manual,2023,55900.0,22900.0,SP,São Paulo,Azul,manual,PJ,False,False,912704,912704,https://img2.icarros.com/dbimg/imgadicionalanuncio/1/469402225_1.jpg,kwid,renault,2026-05-12T23:09:53.343722,025279-4,KWID OUTSIDER 1.0 Flex 12V 5p Mec.,55283.0,3,exato,0.011160754662373604
56729786,https://www.icarros.com.br/comprar/sao-paulo-sp/renault/kwid/2024/d56729786,Renault,Kwid,1.0 Outsider manual,Renault Kwid Kwid 1.0 Outsider manual,2024,56800.0,37900.0,SP,São Paulo,Prata,manual,PJ,False,False,912704,912704,https://img2.icarros.com/dbimg/imgadicionalanuncio/1/470624880_1.jpg,kwid,renault,2026-05-12T23:09:53.343916,025279-4,KWID OUTSIDER 1.0 Flex 12V 5p Mec.,58710.0,3,exato,-0.03253278828138307
57252712,https://www.icarros.com.br/comprar/sao-paulo-sp/renault/kwid/2024/d57252712,Renault,Kwid,1.0 Intense manual,Renault Kwid Kwid 1.0 Intense manual,2024,56900.0,20900.0,SP,São Paulo,Prata,manual,PJ,False,False,912704,912704,https://img1.icarros.com/dbimg/imgadicionalanuncio/1/476189311_1.jpg,kwid,renault,2026-05-12T23:09:53.344109,025267-0,KWID Intense 1.0 Flex 12V 5p Mec.,56013.0,3,exato,0.015835609590630746
56852536,https://www.icarros.com.br/comprar/sao-paulo-sp/renault/kwid/2024/d56852536,Renault,Kwid,1.0 Outsider manual,Renault Kwid Kwid 1.0 Outsider manual,2024,58800.0,14900.0,SP,São Paulo,Vermelho,manual,PJ,False,False,912704,912704,https://img1.icarros.com/dbimg/imgadicionalanuncio/1/472042680_1.jpg,kwid,renault,2026-05-12T23:09:53.344301,025279-4,KWID OUTSIDER 1.0 Flex 12V 5p Mec.,58710.0,3,exato,0.0015329586101175269
56703582,https://www.icarros.com.br/comprar/limeira-sp/renault/kwid/2025/d56703582,Renault,Kwid,1.0 Zen manual,Renault Kwid Kwid 1.0 Zen manual,2025,59990.0,20944.0,SP,Limeira,Branco,manual,PJ,False,False,2703213,2703213,https://img0.icarros.com/dbimg/imgadicionalanuncio/1/470339225_1.jpg,kwid,renault,2026-05-12T23:09:53.418341,025266-2,KWID Zen 1.0 Flex 12V 5p Mec.,56737.0,3,exato,0.05733471984771842
57494707,https://www.icarros.com.br/comprar/sao-paulo-sp/renault/kwid/2025/d57494707,Renault,Kwid,1.0 Zen manual,Renault Kwid Kwid 1.0 Zen manual,2025,60490.0,27546.0,SP,São Paulo,Prata,manual,LC,False,False,2786863,2786863,https://img1.icarros.com/dbimg/imgadicionalanuncio/1/478626530_1.jpg,kwid,renault,2026-05-12T23:09:53.419170,025266-2,KWID Zen 1.0 Flex 12V 5p Mec.,56737.0,3,exato,0.0661473112783545
57494818,https://www.icarros.com.br/comprar/sao-paulo-sp/renault/kwid/2025/d57494818,Renault,Kwid,1.0 Zen manual,Renault Kwid Kwid 1.0 Zen manual,2025,60790.0,24196.0,SP,São Paulo,Branco,manual,LC,False,False,2786863,2786863,https://img1.icarros.com/dbimg/imgadicionalanuncio/1/478627625_1.jpg,kwid,renault,2026-05-12T23:09:53.419370,025266-2,KWID Zen 1.0 Flex 12V 5p Mec.,56737.0,3,exato,0.07143486613673616
57494713,https://www.icarros.com.br/comprar/sao-paulo-sp/renault/kwid/2025/d57494713,Renault,Kwid,1.0 Zen manual,Renault Kwid Kwid 1.0 Zen manual,2025,60790.0,25017.0,SP,São Paulo,Branco,manual,LC,False,False,2786863,2786863,https://img1.icarros.com/dbimg/imgadicionalanuncio/1/478626621_1.jpg,kwid,renault,2026-05-12T23:09:53.419571,025266-2,KWID Zen 1.0 Flex 12V 5p Mec.,56737.0,3,exato,0.07143486613673616
57495228,https://www.icarros.com.br/comprar/sao-paulo-sp/renault/kwid/2026/d57495228,Renault,Kwid,1.0 Zen manual,Renault Kwid Kwid 1.0 Zen manual,2026,64890.0,40000.0,SP,São Paulo,Prata,manual,LC,False,False,2786863,2786863,https://img0.icarros.com/dbimg/imgadicionalanuncio/1/478631641_1.jpg,kwid,renault,2026-05-12T23:09:53.419771,025266-2,KWID Zen 1.0 Flex 12V 5p Mec.,62834.0,3,exato,0.03272113823726008
57495254,https://www.icarros.com.br/comprar/sao-paulo-sp/renault/kwid/2026/d57495254,Renault,Kwid,1.0 Zen manual,Renault Kwid Kwid 1.0 Zen manual,2026,65590.0,28380.0,SP,São Paulo,Prata,manual,LC,False,False,2786863,2786863,https://img2.icarros.com/dbimg/imgadicionalanuncio/1/478631933_1.jpg,kwid,renault,2026-05-12T23:09:53.419967,025266-2,KWID Zen 1.0 Flex 12V 5p Mec.,62834.0,3,exato,0.043861603590412836
56799847,https://www.icarros.com.br/comprar/sao-paulo-sp/renault/kwid/2024/d56799847,Renault,Kwid,1.0 Zen manual,Renault Kwid Kwid 1.0 Zen manual,2024,52800.0,60000.0,SP,São Paulo,Vermelho,manual,PJ,False,False,2704440,2704440,https://img1.icarros.com/dbimg/imgadicionalanuncio/1/471436233_1.jpg,kwid,renault,2026-05-12T23:09:53.420167,025266-2,KWID Zen 1.0 Flex 12V 5p Mec.,52585.0,3,exato,0.004088618427308168
56833280,https://www.icarros.com.br/comprar/sao-paulo-sp/renault/kwid/2024/d56833280,Renault,Kwid,1.0 Zen manual,Renault Kwid Kwid 1.0 Zen manual,2024,52800.0,39000.0,SP,São Paulo,Branco,manual,PJ,False,False,2704440,2704440,https://img2.icarros.com/dbimg/imgadicionalanuncio/1/471829715_1.jpg,kwid,renault,2026-05-12T23:09:53.420367,025266-2,KWID Zen 1.0 Flex 12V 5p Mec.,52585.0,3,exato,0.004088618427308168
56596062,https://www.icarros.com.br/comprar/campinas-sp/renault/kwid/2024/d56596062,Renault,Kwid,1.0 Zen manual,Renault Kwid Kwid 1.0 Zen manual,2024,51900.0,57421.0,SP,Campinas,Branco,manual,PJ,False,False,34361,34361,https://img0.icarros.com/dbimg/imgadicionalanuncio/1/474514023_1.jpg,kwid,renault,2026-05-12T23:09:53.421768,025266-2,KWID Zen 1.0 Flex 12V 5p Mec.,52585.0,3,exato,-0.013026528477702767
56596491,https://www.icarros.com.br/comprar/campinas-sp/renault/kwid/2024/d56596491,Renault,Kwid,1.0 Zen manual,Renault Kwid Kwid 1.0 Zen manual,2024,51900.0,56842.0,SP,Campinas,Branco,manual,PJ,False,False,34361,34361,https://img0.icarros.com/dbimg/imgadicionalanuncio/1/474539041_1.jpg,kwid,renault,2026-05-12T23:09:53.421961,025266-2,KWID Zen 1.0 Flex 12V 5p Mec.,52585.0,3,exato,-0.013026528477702767
56857920,https://www.icarros.com.br/comprar/campinas-sp/renault/kwid/2024/d56857920,Renault,Kwid,1.0 Zen manual,Renault Kwid Kwid 1.0 Zen manual,2024,53900.0,44339.0,SP,Campinas,Branco,manual,PJ,False,False,34361,34361,https://img0.icarros.com/dbimg/imgadicionalanuncio/1/474562176_1.jpg,kwid,renault,2026-05-12T23:09:53.422155,025266-2,KWID Zen 1.0 Flex 12V 5p Mec.,52585.0,3,exato,0.02500713131121042
56597850,https://www.icarros.com.br/comprar/campinas-sp/renault/kwid/2025/d56597850,Renault,Kwid,1.0 Zen manual,Renault Kwid Kwid 1.0 Zen manual,2025,54890.0,39386.0,SP,Campinas,Prata,manual,PJ,False,False,34361,34361,https://img0.icarros.com/dbimg/imgadicionalanuncio/1/474542119_1.jpg,kwid,renault,2026-05-12T23:09:53.494373,025266-2,KWID Zen 1.0 Flex 12V 5p Mec.,56737.0,3,exato,-0.032553712744769724
56719984,https://www.icarros.com.br/comprar/campinas-sp/renault/kwid/2024/d56719984,Renault,Kwid,1.0 Zen automático,Renault Kwid Kwid 1.0 Zen automático,2024,55900.0,57967.0,SP,Campinas,Branco,automático,PJ,False,False,34361,34361,https://img1.icarros.com/dbimg/imgadicionalanuncio/1/474546776_1.jpg,kwid,renault,2026-05-12T23:09:53.494588,,p25_filtrada (n=1),71299.0,0,fallback_p25,-0.21597778369963114
56719954,https://www.icarros.com.br/comprar/campinas-sp/renault/kwid/2024/d56719954,Renault,Kwid,1.0 Zen manual,Renault Kwid Kwid 1.0 Zen manual,2024,55900.0,78106.0,SP,Campinas,Branco,manual,PJ,False,False,34361,34361,https://img1.icarros.com/dbimg/imgadicionalanuncio/1/474546408_1.jpg,kwid,renault,2026-05-12T23:09:53.494790,025266-2,KWID Zen 1.0 Flex 12V 5p Mec.,52585.0,3,exato,0.0630407911001236
56719907,https://www.icarros.com.br/comprar/campinas-sp/renault/kwid/2024/d56719907,Renault,Kwid,1.0 Zen manual,Renault Kwid Kwid 1.0 Zen manual,2024,55900.0,74727.0,SP,Campinas,Branco,manual,PJ,False,False,34361,34361,https://img2.icarros.com/dbimg/imgadicionalanuncio/1/474546013_1.jpg,kwid,renault,2026-05-12T23:09:53.494991,025266-2,KWID Zen 1.0 Flex 12V 5p Mec.,52585.0,3,exato,0.0630407911001236
56720030,https://www.icarros.com.br/comprar/campinas-sp/renault/kwid/2024/d56720030,Renault,Kwid,1.0 Zen manual,Renault Kwid Kwid 1.0 Zen manual,2024,55900.0,71034.0,SP,Campinas,Branco,manual,PJ,False,False,34361,34361,https://img2.icarros.com/dbimg/imgadicionalanuncio/1/474547222_1.jpg,kwid,renault,2026-05-12T23:09:53.495191,025266-2,KWID Zen 1.0 Flex 12V 5p Mec.,52585.0,3,exato,0.0630407911001236
57484828,https://www.icarros.com.br/comprar/sao-paulo-sp/renault/kwid/2024/d57484828,Renault,Kwid,1.0 Zen manual,Renault Kwid Kwid 1.0 Zen manual,2024,57690.0,43861.0,SP,São Paulo,Branco,manual,LC,False,False,1195207,1195207,https://img1.icarros.com/dbimg/imgadicionalanuncio/1/478529129_1.jpg,kwid,renault,2026-05-12T23:09:53.495604,025266-2,KWID Zen 1.0 Flex 12V 5p Mec.,52585.0,3,exato,0.09708091661120091
57486318,https://www.icarros.com.br/comprar/sao-paulo-sp/renault/kwid/2025/d57486318,Renault,Kwid,1.0 Zen manual,Renault Kwid Kwid 1.0 Zen manual,2025,60090.0,35077.0,SP,São Paulo,Preto,manual,LC,False,False,1195207,1195207,https://img0.icarros.com/dbimg/imgadicionalanuncio/1/478543922_1.jpg,kwid,renault,2026-05-12T23:09:53.495807,025266-2,KWID Zen 1.0 Flex 12V 5p Mec.,56737.0,3,exato,0.05909723813384564
57486564,https://www.icarros.com.br/comprar/sao-paulo-sp/renault/kwid/2025/d57486564,Renault,Kwid,1.0 Zen manual,Renault Kwid Kwid 1.0 Zen manual,2025,61590.0,20671.0,SP,São Paulo,Prata,manual,LC,False,False,1195207,1195207,https://img0.icarros.com/dbimg/imgadicionalanuncio/1/478546317_1.jpg,kwid,renault,2026-05-12T23:09:53.496010,025266-2,KWID Zen 1.0 Flex 12V 5p Mec.,56737.0,3,exato,0.08553501242575391
56310389,https://www.icarros.com.br/comprar/sao-paulo-sp/renault/kwid/2024/d56310389,Renault,Kwid,1.0 Zen manual,Renault Kwid Kwid 1.0 Zen manual,2024,61890.0,6265.0,SP,São Paulo,Branco,manual,LC,False,False,1195207,1195207,https://img2.icarros.com/dbimg/imgadicionalanuncio/1/466053784_1.jpg,kwid,renault,2026-05-12T23:09:53.496214,025266-2,KWID Zen 1.0 Flex 12V 5p Mec.,52585.0,3,exato,0.1769516021679186
57504086,https://www.icarros.com.br/comprar/ribeirao-preto-sp/renault/kwid/2025/d57504086,Renault,Kwid,1.0 Zen manual,Renault Kwid Kwid 1.0 Zen manual,2025,56490.0,40917.0,SP,Ribeirão Preto,Preto,manual,LC,False,False,2166522,2166522,https://img2.icarros.com/dbimg/imgadicionalanuncio/1/478725595_1.jpg,kwid,renault,2026-05-12T23:09:53.497008,025266-2,KWID Zen 1.0 Flex 12V 5p Mec.,56737.0,3,exato,-0.00435342016673423
57482522,https://www.icarros.com.br/comprar/ribeirao-preto-sp/renault/kwid/2025/d57482522,Renault,Kwid,1.0 Zen manual,Renault Kwid Kwid 1.0 Zen manual,2025,58790.0,36934.0,SP,Ribeirão Preto,Vermelho,manual,LC,False,False,2166522,2166522,https://img2.icarros.com/dbimg/imgadicionalanuncio/1/478506337_1.jpg,kwid,renault,2026-05-12T23:09:53.497210,025266-2,KWID Zen 1.0 Flex 12V 5p Mec.,56737.0,3,exato,0.0361845004141918
57513594,https://www.icarros.com.br/comprar/ribeirao-preto-sp/renault/kwid/2025/d57513594,Renault,Kwid,1.0 Zen manual,Renault Kwid Kwid 1.0 Zen manual,2025,59090.0,37878.0,SP,Ribeirão Preto,Branco,manual,LC,False,False,2166522,2166522,https://img0.icarros.com/dbimg/imgadicionalanuncio/1/478822657_1.jpg,kwid,renault,2026-05-12T23:09:53.497412,025266-2,KWID Zen 1.0 Flex 12V 5p Mec.,56737.0,3,exato,0.04147205527257345
57513687,https://www.icarros.com.br/comprar/ribeirao-preto-sp/renault/kwid/2025/d57513687,Renault,Kwid,1.0 Zen manual,Renault Kwid Kwid 1.0 Zen manual,2025,60190.0,24396.0,SP,Ribeirão Preto,Preto,manual,LC,False,False,2166522,2166522,https://img0.icarros.com/dbimg/imgadicionalanuncio/1/478823568_1.jpg,kwid,renault,2026-05-12T23:09:53.497612,025266-2,KWID Zen 1.0 Flex 12V 5p Mec.,56737.0,3,exato,0.060859756419972856
57490972,https://www.icarros.com.br/comprar/ribeirao-preto-sp/renault/kwid/2026/d57490972,Renault,Kwid,1.0 Zen manual,Renault Kwid Kwid 1.0 Zen manual,2026,64690.0,35412.0,SP,Ribeirão Preto,Branco,manual,LC,False,False,2166522,2166522,https://img1.icarros.com/dbimg/imgadicionalanuncio/1/478589739_1.jpg,kwid,renault,2026-05-12T23:09:53.497810,025266-2,KWID Zen 1.0 Flex 12V 5p Mec.,62834.0,3,exato,0.029538148136359296
57490575,https://www.icarros.com.br/comprar/ribeirao-preto-sp/renault/kwid/2026/d57490575,Renault,Kwid,1.0 Zen manual,Renault Kwid Kwid 1.0 Zen manual,2026,65790.0,25271.0,SP,Ribeirão Preto,Preto,manual,LC,False,False,2166522,2166522,https://img0.icarros.com/dbimg/imgadicionalanuncio/1/478585786_1.jpg,kwid,renault,2026-05-12T23:09:53.498007,025266-2,KWID Zen 1.0 Flex 12V 5p Mec.,62834.0,3,exato,0.04704459369131362
57486534,https://www.icarros.com.br/comprar/sao-paulo-sp/renault/kwid/2025/d57486534,Renault,Kwid,1.0 Zen manual,Renault Kwid Kwid 1.0 Zen manual,2025,60190.0,29597.0,SP,São Paulo,Prata,manual,LC,False,False,876303,876303,https://img0.icarros.com/dbimg/imgadicionalanuncio/1/478546029_1.jpg,kwid,renault,2026-05-12T23:09:53.498209,025266-2,KWID Zen 1.0 Flex 12V 5p Mec.,56737.0,3,exato,0.060859756419972856
